name,brewery,style,release_date,rating,ibu,hops,malts,additives,alcohol,og,personal_rating
Sweet Melon & Passion Fruit,Fёrn Cider,Cider - Other Fruit,2020-05-26,3.5,,,,"Melon,Passion fruit",6.0,,4
Gold Mine Beer,Anadolu Efes,Lager - Pale,,2.142,,,,,4.5,,2
Kill ‘Em All: Garden Berries,Punchiller,Chilli / Chile Beer,2024-10-16,4.531,,,,"Cherry,Black Currant,Blackberry,Cowberry,Red Pepper",5.0,,4
Edelpilsener,Privatbrauerei Hösl,Pilsner - German,2013-04-01,3.165,,,,,4.9,,4
Eriko Lahja,Snowcap Brewing,Stout - Pastry,2024-11-18,4.271,20.0,,,,6.8,,4
Paparać: Simcoe,Malanka,Wheat Beer - Hopfenweisse,2024-12-27,,40.0,,,,6.8,,4
Veškelüs,Snowcap Brewing,Stout - Russian Imperial,2020-09-06,4.025,50.0,,,,6.8,,4
O'Hara's West Coast IPA,O’Hara’s Brewery,IPA - American,2021-04-23,3.578,40.0,,,,6.2,,4
Blanche de Namur Rosée,Brasserie du Bocq,Fruit Beer,2014-03-10,3.122,,,,Raspberry Juice,3.4,,4
Remorseless Winter,Midnight Project,IPA - Cold,2024-12-13,4.047,50.0,"Mosaic,Simcoe",,,6.9,,4
Mitrenha: Talus & Ekuanot,Malanka,IPA - Imperial / Double,2024-12-25,4.418,80.0,"Talus,Ekuanot",Pilsner,,6.8,18.5,4
Pulse. New Year Mandarin,Hops Brewery,Sour - Fruited,2024-12-26,4.411,,,,"Lactose,Mandarin",6.0,,4
Pavietra: Eclipse,Malanka,Pale Ale - New England / Hazy,2024-11-25,4.305,40.0,Eclipse,"Pilsner,Wheat,Flaked Wheat",,5.1,14.0,4
Everyday Wheat,Hops Brewery,Wheat Beer - Hefeweizen,2024-12-19,3.974,6.0,,,,5.3,,4
Spirit Reaver,Midnight Project,IPA - Imperial / Double,2024-09-01,,70.0,,,,6.8,,4
Osiris,Beaver,Wheat Beer - Hefeweizen,2024-01-08,3.468,,,,,4.7,,4
Baraba,Banjalučka Pivara,Lager - Pale,2021-05-23,2.871,,,,,4.2,,3
Black Winter Day,Plan B Brewery,Stout - Imperial / Double,2024-10-08,4.135,,,,,6.8,,4
Be Urban,Крыніца,Lager - Pale,2023-03-24,2.599,,,,,4.2,10.0,3
O'Hara's Hazy IPA,O’Hara’s Brewery,IPA - New England / Hazy,2021-04-23,3.556,40.0,,,,6.8,,4
Lost,BrewDog,Pilsner - Other,2021-01-13,3.306,,,,,4.5,,4
Lost In Blood Orange,BrewDog,Pilsner - German,2021-12-10,3.317,20.0,,,,4.5,,4
Black Heart,Taler,IPA - Black / Cascadian Dark Ale,2018-02-14,3.763,60.0,"Cascade,Columbus,Summit,El Dorado",,,5.6,15.0,4
Джоуль,Plan B Brewery,IPA - New England / Hazy,2024-10-28,3.841,40.0,,,,6.0,,4
Под ведьмачьим мечом,Black Cat Brewery,Stout - Irish Dry,2024-10-31,3.521,20.0,,,,4.9,,4
Hidden Bay,Stamm Brewing,IPA - American,2024-10-14,3.962,,,,,6.5,,4
Montréal (Монреаль),Brauning Bier,Winter Ale,2024-12-28,,10.0,,,,6.5,,4
Mellow Dream,Plan B Brewery,Stout - Milk / Sweet,2023-09-11,3.892,,,,,5.5,,4
Jager Weisse / Simcoe Weisse,Camba Bavaria,Wheat Beer - Hefeweizen,2014-08-10,3.632,29.0,,,,5.2,,4
Pickles With Garlic,Plague Brew,Sour - Other Gose,2024-04-03,4.303,6.0,,,,4.5,,4
Сидр Старовар вишня,Старовар,Cider - Sweet,2024-10-28,,,,,,4.5,,3
ВАСИЛЕОСТРОВСКОЕ красный эль / VASILEOSTROVSKOE red ale,Василеостровская пивоварня,Red Ale - Other,2014-07-28,3.057,30.0,,,,4.5,,3
Sunny Twist,Jungle Brewery,Sour - Fruited,2024-12-23,4.241,10.0,,,,5.0,,4
FACTORY RIS: ORANGE,Robim Good Brewery,Stout - Russian Imperial,2024-12-23,3.438,20.0,,,,6.7,,2
Менскi пiлс,"SVOI Brewing,Punchiller",Pilsner - German,2024-08-14,3.812,35.0,,,,4.5,,4
My Apricot Morning,Jaws,Non-Alcoholic Beer - Other,2019-07-02,3.594,30.0,,,,0.5,,4
Everyday,Plague Brew,IPA - Session,2023-11-27,3.871,40.0,,,,5.0,,3
КАДЕНС,Бакунин,,2024-05-27,3.39,35.0,,,,0.5,,3
Long Road,Jungle Brewery,Porter - Imperial / Double Baltic,2024-12-23,4.342,30.0,,,,6.8,,4
All-Black the Necrosword,Midnight Project,IPA - Imperial / Double Black,2024-12-27,4.148,90.0,,,,6.8,,4
Seth & Riley’s Garage Hard Mandarin Drink,Аліварыя,Shandy / Radler,2024-11-06,3.277,,,,,4.6,,4
Seth & Riley's Garage Hard Peach,Балтика,Shandy / Radler,2022-07-13,3.103,,,,,4.6,,4
Зелёный Змей,White Stone Brewery,Sour - Tomato / Vegetable Gose,2024-11-01,3.988,7.0,,,,5.5,,4
Pazuzu,Midnight Project,Stout - American,2024-09-01,,95.0,,,,6.8,,4
Baltic Spirit,Bierbank,Porter - Baltic,2024-12-25,4.29,25.0,,,,6.8,,4
Landbier,Distelhäuser Brauerei,Lager - Red,2013-07-21,3.359,22.0,,,,5.1,,4
Крепкий опыт: Копченый Имперский стаут,Nuclear Brewery,Stout - Imperial / Double,2024-12-16,3.569,20.0,,,,6.8,,4
It’s A Sin,"Brouwerij Kees,Pühaste",Stout - Imperial / Double,2024-03-05,3.954,56.0,,,,6.8,,4
The Pastry Knight,Selfmade Brewery,Cream Ale - Imperial / Double,2024-11-19,,15.0,,,,6.8,,4
Lost In Guava,BrewDog,Pilsner - German,2021-12-10,3.371,20.0,,,,4.5,,4
Zatlum: Sorachi Ace,Malanka,IPA - Black / Cascadian Dark Ale,2024-12-23,4.303,90.0,Sorachi Ace,"Pilsner,Chocolate,Black",,6.8,17.0,4
Ručaj: Dvanaccatka,Malanka,Pilsner - Czech / Bohemian,2024-12-13,4.196,40.0,Saaz,"Pilsner,Caramel",,4.8,,4
Sky Stalker,Jungle Brewery,IPA - Imperial / Double,2024-12-16,4.357,100.0,,,,6.8,,4
Здурнелі зусім і дадалі ў пшанічку Сабра,Midnight Project,Wheat Beer - Hopfenweisse,2024-12-20,4.032,24.0,,,,6.9,,4
Cats & Dogs,Black Cat Brewery,Stout - Imperial / Double Pastry,2022-06-24,4.084,15.0,,,,6.8,,4
Vienna Lager,Copper Head,Lager - Vienna,2022-12-15,3.826,15.0,,,,4.8,,4
Железнодорожная вода,Alaska Brewery,Stout - Russian Imperial,2018-12-18,3.98,,,,,6.8,,4
Хёд,Традиции предков,Mead - Other,2024-02-01,3.902,,,,,4.7,,4
Эйяфьядлайёкюдль,Alaska Brewery,Porter - Imperial / Double,2017-06-21,3.925,,,,,6.8,23.0,4
Горгона,Chibis Brewery,IPA - New England / Hazy,2024-11-28,4.053,,,,,6.5,,4
Речицкое вишнёвое,Бабруйскі бровар,Fruit Beer,2024-09-18,3.433,,,,,6.4,,2
Abšar: Motueka,Malanka,IPA - White / Wheat,2024-11-27,4.447,40.0,Motueka,"Pilsner,Wheat,Flaked Wheat",,6.8,18.0,4
MÄHDRESCHER,Hops Brewery,Wheat Beer - Dunkelweizen,2024-12-04,3.474,7.0,,,,5.0,,4
VOID,Main Rule,Stout - Other,2024-11-07,4.114,,,,,6.8,,4
Turtle's Stout,Panzer Brewery,Stout - Oatmeal,2024-09-02,3.8,30.0,,,,5.0,,4
Fiesta,13 Litar,IPA - Session,2018-02-02,3.992,35.0,"Warrior,Simcoe,Mosaic,Amarillo","Pale Ale,Munich,Melanoidin",,5.2,12.0,3
Saĺsa: Boršč,Malanka,Sour - Tomato / Vegetable Gose,2024-12-18,4.288,,,"Pilsner,Wheat,Flaked Wheat","Beetroot,Onion,Black Pepper,Red Pepper,Bay Leaf,Coriander,Caraway",4.0,12.0,4
Munich Lager HAS Brew,HAS Brew,Lager - Helles,2024-10-23,3.813,15.0,,,,4.5,,4
Krush Bandicoot,Midnight Project,IPA - New England / Hazy,2024-12-20,4.209,25.0,,,,6.3,,4
Ad Astra,Malanka,IPA - New England / Hazy,2024-12-18,4.332,40.0,Mosaic,"Pilsner,Wheat,Flaked Wheat,Flaked Oats",,6.8,17.0,4
Egmont (Эгмонт),Brauning Bier,Dark Ale,2024-12-17,3.964,17.0,,,,5.8,,4
Decontrol: Cheesecake,Zagovor Brewery,Porter - Imperial / Double,2024-10-11,4.061,,,,,6.8,,4
Nektar Pivo,Banjalučka Pivara,Lager - Pale,2011-01-04,2.973,16.0,,,,5.0,,3
Petrus Blond,Brouwerij De Brabandere,Belgian Blonde,2010-08-21,3.347,,,,,6.5,,4
Омерзительные Восемь,Midnight Project,Pale Ale - American,2024-09-01,,37.0,,,,5.3,,4
Krush One Love,Jungle Brewery,IPA - Session,2024-12-02,4.341,40.0,Krush,,,5.0,12.7,4
Сон Хроноса / Chronos' Dream,"Чаща,Punchiller,ID-Cooling",IPA - Cold,2024-10-16,3.977,45.0,,,,6.0,,4
小島さんは鬼才です。,Midnight Project,Lager - Japanese Rice,2024-11-29,3.881,10.0,,,,4.6,,4
Reverse Tinkerbell 13,Delta Ksi,Strong Ale - Other,2024-12-05,4.01,30.0,,,,6.9,20.0,4
Alcohol Free Cider,Mac Ivors Cider,Cider - Dry,2020-02-20,3.732,,,,,0.5,,3
Replica: Superdelic,Zagovor Brewery,IPA - New England / Hazy,2024-11-27,4.149,30.0,,,,6.5,,4
#800,Plan B Brewery,Barleywine - Other,2024-07-22,4.074,,,,,6.8,,4
Banjalučko Pivo,Banjalučka Pivara,Lager - Pale,2020-06-14,2.968,,,,,4.6,,3
Maple Ganache,Stamm Brewing,Stout - Imperial / Double Pastry,2024-08-22,4.196,,,,,6.8,,4
Zwickelbier,BARBARUS Brewery,Kellerbier / Zwickelbier,2020-08-15,3.714,15.0,,,,4.0,,4
Збитень Mog.Nat. Zero,Могилевоблпищепром (Mogilevoblpischeprom),Non-Alcoholic Mead,2024-08-02,,,,,,,,2
Hopstorm,Beaver,IPA - American,2024-10-29,3.678,70.0,,,,6.8,,4
Quiet Hunt,Rewort Brewery,Sour - Other Gose,2023-11-04,3.335,10.0,,,,6.5,,4
Brain Buster,Rewort Brewery,Sour - Tomato / Vegetable Gose,2024-09-19,3.979,,,,,6.0,,4
Spectral Elixir,Midnight Project,Pale Ale - New England / Hazy,2024-11-29,4.141,20.0,,,,4.8,,4
Збитень Ржаной,КвасКо Боттлерз,Mead - Other,2015-07-11,3.268,,,,,4.5,,3
Blackcurrant Crush,Bierstaat,Fruit Beer,2024-11-04,3.9,,,,,5.5,,4
Charnica (Чарніца),Пан Качын,Mead - Melomel,2024-11-11,4.043,,,,,6.0,,4
Predator,Remeslo Brewery,IPA - Other,2021-03-21,3.669,40.0,,,,5.3,,4
Harvest Festival,Bierstaat,Wheat Beer - Hefeweizen,2024-11-11,3.729,,,,,5.3,,4
ROBIM GOOD THE SUBSTANCE,Robim Good Brewery,Stout - Irish Dry,2024-11-14,,10.0,,,,6.4,,4
Double Decker Ale,New Riga’s Brewery,Bitter - Session / Ordinary,2015-06-09,3.493,25.0,,,,5.0,,4
Медовуха Mog.Nat. Zero Alcohol,Могилевоблпищепром (Mogilevoblpischeprom),Non-Alcoholic Mead,2024-07-25,,,,,,,,3
Kapittel Blond,Leroy Breweries,Belgian Blonde,2010-12-04,3.254,,,,,6.5,,4
FACTORY TRIPLE IPA,Robim Good Brewery,IPA - Triple,2024-11-11,4.293,120.0,Nectaron,,,6.8,,4
Full Circle,Jungle Brewery,Pilsner - German,2024-11-25,4.004,28.0,"Hallertau Blanc,Tettnanger",,,5.0,11.7,4
SACHERTORTE,"Brewlok,КУЛИNAR",Stout - Imperial / Double Oatmeal,2024-06-10,4.045,,,,,6.0,,4
Игра теней,Atmosphere Brewery,Stout - Other,2021-05-12,3.794,20.0,,,,6.8,,4
Pavaloka: HBC 1019,Malanka,IPA - Triple New England / Hazy,2024-10-30,4.495,40.0,HBC 1019,"Pilsner,Wheat,Flaked Wheat,Flaked Oats",,6.8,21.0,4
Свярдлоўскі дваровы кот,Midnight Project,IPA - American,2024-11-21,,50.0,,,,6.6,,4
Krymskaya Riviera (Крымская Ривьера),ПБК Крым,Lager - Pale,2015-07-01,2.768,,,,,5.0,,2
Dark Velvet,Sozhski Beer,Lager - Euro Dark,2022-03-18,3.521,12.0,,,,5.6,,3
Boom (Бом),Brauning Bier,Belgian Dubbel,2024-11-19,,20.0,,,,6.9,,4
The Irishman,Sozhski Beer,Stout - Irish Dry,2024-08-30,3.778,30.0,,,,4.0,,4
Аномалия,Atmosphere Brewery,Porter - English,2022-02-18,3.834,30.0,,,,6.8,,4
Piarevaracień: Abrykos,Malanka,Stout - Imperial / Double Oatmeal,2024-11-20,,40.0,,,,6.8,,4
Tajfun: Riwaka & Nelson,Malanka,IPA - Imperial / Double New England / Hazy,2024-11-04,4.41,50.0,,,,6.8,,4
Mighty Boosh,Boxing Wizard Brewery,Kölsch,2024-10-08,3.822,28.0,,,,4.8,,4
Chaliera: Krush,Malanka,IPA - American,2024-11-18,4.417,80.0,,,,6.7,,4
PEPPERONI: Extra Hot Edition,Bierbank,Sour - Tomato / Vegetable Gose,2024-11-01,4.041,11.0,,,,4.8,,4
Boost: Citra & Nelson Sauvin,Jungle Brewery,Pale Ale - New England / Hazy,2024-11-11,4.396,30.0,,,,5.9,,4
Rager: HBC-682,Valaduta,IPA - Imperial / Double,2024-11-15,4.339,70.0,,,,6.8,,4
Mlosć: Perle,Malanka,Pale Ale - American,2024-11-11,4.197,50.0,,,,5.6,,4
Howard Loves Cat,Midnight Project,Pale Ale - New England / Hazy,2024-10-25,3.943,25.0,,,,5.0,,4
Popcorn Trick,Rewort Brewery,Stout - Pastry,2024-08-21,3.954,15.0,,,,6.8,,4
Imhla: Nelson Amplifire,Malanka,IPA - New England / Hazy,2024-11-13,4.458,40.0,,,,6.6,,4
Bavarian IPA,Privatbrauerei Kaiserdom,IPA - Other,2024-08-12,3.286,,,,,5.1,,4
Weissbier Resi - Helles,Privatbrauerei Hösl,Wheat Beer - Hefeweizen,2011-12-01,3.338,15.0,,,,5.3,,4
Pilsener,Arcobräu,Pilsner - German,,3.257,,,,,4.9,,3
Erdinger Brauhaus Helles,Erdinger Weissbräu,Lager - Helles,2022-03-20,3.404,14.0,,,,5.1,,4
Seth & Riley's Garage Hard Lingonberry Drink,Балтика,Shandy / Radler,2018-03-02,2.946,,,,,4.6,,3
Shadow HAS Brew,HAS Brew,Lager - Dark,2024-10-30,3.168,10.0,,,,5.3,,4
Thunderclap,Bierstaat,Stout - Milk / Sweet,2024-11-11,4.017,,,,,6.2,,4
HERE TO STAY,Coven Brewery,Sour - Smoothie / Pastry,2022-03-10,4.434,,,,,5.0,,4
Баланс Белого,Милл Фауз,Wheat Beer - Other,2022-09-12,2.643,,,,,4.0,,4
Lichamanka: Eclipse,Malanka,IPA - Imperial / Double,2024-11-06,4.434,100.0,,,,6.8,,4
Noč: Tmavý Ležák,Malanka,Lager - Tmavé (Czech Dark),2024-10-01,4.133,30.0,Saaz,"Pilsner,Munich,Caramunich,Chocolate",,4.8,13.0,4
Vertigo,GAS Brew,Stout - Russian Imperial,2023-11-14,3.873,,,,,6.8,,4
Magic Secret,Carnival Brewery,Stout - Milk / Sweet,2023-07-02,3.45,15.0,,,,6.0,,4
Chiemsee Dark,Camba Bavaria,Schwarzbier,2022-04-08,3.525,17.0,,,,5.6,,4
Oblivion,Alt Bier,Stout - Russian Imperial,2019-12-16,4.073,50.0,,,,6.8,,4
Banshee (Ardbeg Freeze Edition),"Punchiller,Boxing Wizard Brewery",Freeze-Distilled Beer,2024-10-18,4.972,,,,,6.8,,5
Moxie,Boxing Wizard Brewery,Bitter - Extra Special / Strong (ESB),2022-04-22,3.982,30.0,,,,5.4,,3
Frozen Firewall,"Zagovor Brewery,4BREWERS",IPA - Black / Cascadian Dark Ale,2024-09-26,4.006,45.0,,,,6.5,,4
Spa (Спа),Brauning Bier,IPA - Belgian,2024-11-05,3.655,64.0,,,,6.9,,4
Non Stop Energy,Jungle Brewery,IPA - American,2024-11-04,4.325,70.0,,,,6.1,,4
Vortex IPA HAS Brew Citra&Mosaic,HAS Brew,IPA - American,2024-10-23,3.409,50.0,,,,6.4,,4
Land Van De Meester,"Brewery De Meester,Brouwerij Alvinne",Belgian Strong Dark Ale,2024-03-21,3.845,,,,,6.8,,4
Lager,13 Litar,Pilsner - Czech / Bohemian,2015-12-18,3.424,,,,,4.5,,3
Wilderer Weisse,Camba Bavaria,Wheat Beer - Dunkelweizen,2012-11-22,3.363,20.0,,,,5.6,,4
Dunkel,Augustiner-Bräu München,Lager - Munich Dunkel,2011-03-06,3.603,,,,,5.6,,4
Солнечные дни,"Chibis Brewery,Punchiller",IPA - New England / Hazy,2024-09-23,4.196,,,,,6.7,,4
Kellerbier,Brauhaus Riegele,Kellerbier / Zwickelbier,2011-06-04,3.537,,,,,5.0,,4
Vyspa: Mosaic & Cascade,Malanka,Pale Ale - New England / Hazy,2024-10-17,4.147,40.0,"Mosaic,Cascade","Pilsner,Wheat,Flaked Wheat",,5.4,13.0,4
Crystal Flash,Jungle Brewery,IPA - Imperial / Double,2024-10-28,4.496,100.0,"Chinook,Warrior,Strata,Mosaic",,,6.8,20.0,4
Flauros,Midnight Project,Stout - Imperial / Double Milk,2024-10-31,4.305,35.0,,,,6.8,,4
Bavarian Smoked Bier,Privatbrauerei Kaiserdom,Rauchbier,2024-08-12,3.797,,,,,5.3,,4
Mlosć: Vista & Cascade,Malanka,Pale Ale - American,2024-10-16,4.246,40.0,"Vista,Cascade",Pilsner,,5.4,13.0,4
Cyklon: Medusa,Malanka,IPA - New England / Hazy,2024-10-14,4.249,40.0,Medusa,"Pilsner,Wheat,Flaked Wheat,Flaked Oats",,6.8,17.0,4
Chaliera: El Dorado,Malanka,IPA - American,2024-10-17,4.265,80.0,El Dorado,Pilsner,,6.6,16.0,4
Berliner Kindl Jubiläums Pilsener,Berliner-Kindl-Schultheiss-Brauerei,Pilsner - German,2011-02-12,3.113,27.0,,,,5.1,,3
Abt Andreas Traditionstrunk,Privatbrauerei Hösl,Lager - Dark,2012-07-10,3.154,25.0,,,,4.9,,3
Mein Zoigl,Privatbrauerei Hösl,Historical Beer - Zoigl,2022-02-11,3.305,12.0,,,,5.5,,4
Apple Boom,Веселово,Cider - Dry,2022-07-09,3.161,,,,,5.7,,3
Tiramisu Bastard,Selfmade Brewery,Stout - Pastry,2024-10-17,4.038,20.0,,,,6.5,,4
Темный опыт: Молочный стаут «Шоколадно-ванильный чизкейк»,Nuclear Brewery,Stout - Milk / Sweet,2024-09-25,3.73,15.0,,,,6.0,,4
Picklester,Selfmade Brewery,Sour - Other Gose,2024-09-26,4.031,5.0,,,,4.6,,4
Smarahd: Wet Hop Pils,Malanka,Pilsner - German,2024-10-14,4.227,40.0,"Magnum,Tettnanger",Pilsner,,4.8,14.0,4
Swordkeeper,Selfmade Brewery,IPA - Imperial / Double New England / Hazy,2024-08-12,4.042,55.0,,,,6.8,,4
Mitrenha: Citra & Simcoe,Malanka,IPA - Imperial / Double,2024-10-07,4.375,80.0,"Citra,Simcoe",Pilsner,,6.8,18.5,4
Bliskavica: Eclipse & Simcoe,Malanka,IPA - New England / Hazy,2024-10-09,4.256,40.0,"Eclipse,Simcoe","Pilsner,Wheat,Flaked Wheat,Flaked Oats",,6.8,17.0,4
Veseliy Osel Grown Cranberries,Веселово,Mead - Other,2024-06-09,2.618,,,,,5.7,,3
Veseliy Osel Grown Pears,Веселово,Mead - Traditional,2024-06-11,3.067,,,,,5.7,,1
Hel,Midnight Project,Stout - Imperial / Double Oatmeal,2024-10-25,4.211,40.0,,,,6.8,,4
Днепро Мэд Лемон (DНЕПРО MAD LEMON),Бабруйскі бровар,Flavored Malt Beverage,2024-07-04,3.295,,,,,4.6,,3
Brewer's DNA / ДНК Пивовара,NoAd.Beer GmbH,Lager - Helles,2022-01-29,2.725,20.0,,,,4.1,,2
Калядны Цуд Чарніца-Чабор,Аліварыя,Lager - Winter,2024-10-18,2.715,2.0,,,,4.7,,2
Shroomdalf Smoked Paprika,Selfmade Brewery,Sour - Other Gose,2024-09-03,4.213,10.0,,,,5.0,,4
Raspberry Porter,Brater,Porter - Other,2024-02-08,3.757,20.0,,,,6.8,,4
GIALLO!,Ostrovica,Stout - Imperial / Double,2024-06-25,3.993,,,,,6.8,,4
"Уважаемые соседи,","Mitra,Concierge Luppolo",Pilsner - New Zealand,2023-08-29,4.007,24.0,,,,5.2,,4
Power Armor,"Selfmade Brewery,Midnight Project",IPA - Imperial / Double,2024-10-07,4.078,65.0,,,,6.8,,4
Black ANT,Hops Brewery,Lager - Dark,2024-10-21,3.678,8.0,,,,5.1,,4
Hefeweizen Banana,Konix Brewery,Wheat Beer - Hefeweizen,2019-05-13,3.534,12.0,,,,4.5,,4
Paulaner Pils / Münchner Pils,Paulaner Brauerei,Pilsner - German,2010-12-19,3.416,31.0,,,,4.8,,4
Varka Psheno,New Riga’s Brewery,Wheat Beer - Hefeweizen,2014-06-06,3.295,,,,,5.5,,3
Varka Blanche,New Riga’s Brewery,Wheat Beer - Witbier / Blanche,2021-04-27,3.272,12.0,,,,4.0,,4
Schöfferhofer Wild Cherry Hefeweizen,Radeberger,Shandy / Radler,2021-07-15,3.645,,,,,2.5,,4
Grošák,Pivovar Steiger,Lager - Pale,2014-05-02,2.461,,,,,3.0,,2
Крым Светлое (Krym Svetloe),ПБК Крым,Lager - Pale,2013-12-31,2.633,,,,,4.4,,3
Steiger 12% / Gold,Pivovar Steiger,Pilsner - Czech / Bohemian,2011-02-20,2.836,,,,,5.0,,2
Peculier IPA,Theakston,IPA - English,2023-09-03,3.533,,,,,5.1,,4
Аліварскі квас чарніца-чабор,Аліварыя,Kvass,2024-10-15,2.929,,,,,,,2
Tsingtao,Tsingtao Brewery,Lager - Pale,,2.894,25.0,,,,4.7,,3
Kraštiečių Tradicinis,Крыніца,Lager - Pale,2024-08-02,2.631,,,,,6.0,,2
Zhigulevskoe (Жигулевское),Pivkombinat Balakovsky (Пивкомбинат Балаковский),Lager - Pale,2015-02-11,2.596,,,,,4.0,,2
Klosterkeller Weizenbier,Brauhaus Leikeim,Wheat Beer - Hefeweizen,2019-05-09,2.976,,,,,5.4,,2
Klosterkeller Pilsener,Brauhaus Leikeim,Pilsner - German,2019-01-16,2.854,,,,,4.9,,3
Inside Outside,Jungle Brewery,IPA - American,2024-09-20,4.237,60.0,"Simcoe,Vic Secret,Galaxy",,,5.8,13.5,4
DrAuGR,Mad Frog Brewery,Wild Ale - Other,2024-08-03,4.275,,,,Raspberry,6.8,,4
Hefeweizen,Bierstaat,Wheat Beer - Hefeweizen,2023-01-23,3.659,8.0,,,,5.3,,3
It's Not Over...,"Mitra,Docker",Porter - Imperial / Double,2024-04-27,3.838,49.0,,,,6.8,,4
詩經 (Shīh-chīng),Delta Ksi,Sour - Tomato / Vegetable Gose,2024-06-08,4.028,15.0,,,,5.0,15.0,4
Višniovy Sad,Ugar,Mead - Melomel,2024-05-16,4.236,,,,,6.8,,4
Наглецы из Воронежа Stout,Brewlok,Stout - Other,2022-08-05,3.66,,,,,5.5,,3
Špońk,Midnight Project,Sour - Fruited,2022-02-25,4.197,10.0,,,"Black Currant,Cranberry,Aronia",6.9,,4
Ekaterinburg,Mitra,IPA - American,2024-06-27,3.86,49.0,,,,6.4,,4
Dunkles Weizen,Distelhäuser Brauerei,Wheat Beer - Dunkelweizen,2011-11-21,3.485,15.0,,,,5.4,,3
Жэўжык,Вір,Mead - Melomel,2024-10-03,3.953,,,,Cranberry,6.0,15.0,4
Chaliera: Simcoe,Malanka,IPA - American,2021-01-10,4.113,50.0,Simcoe,Pilsner,,5.7,13.0,4
Saĺsa: Carolina Reaper,Malanka,Sour - Tomato / Vegetable Gose,2024-09-23,4.374,,,"Pilsner,Wheat,Flaked Oats","Tomato,Red Pepper",4.0,12.0,4
Foggy Ten Realms,Plan B Brewery,IPA - New England / Hazy,2020-08-14,3.964,40.0,"Simcoe,Citra,Idaho 7",,,6.2,,4
Smuha: El Dorado,Malanka,IPA - Imperial / Double New England / Hazy,2020-01-15,4.242,18.0,El Dorado,"Pilsner,Flaked Oats,Flaked Wheat,Flaked Rye",,6.8,18.0,4
Caught In My Dream,FrauGruber Brewing,IPA - New England / Hazy,2023-11-16,3.714,,,,,6.8,,4
Здурнелі зусім і дадалі ў пшанічку Нельсан,Midnight Project,Wheat Beer - Hopfenweisse,2024-09-05,4.123,14.0,,,,6.9,,4
T-900,Punchiller,Freeze-Distilled Beer,2024-09-23,4.84,,,,,6.8,,4
Closed Party,Midnight Project,IPA - Imperial / Double,2024-09-19,4.293,65.0,,,,6.8,,4
Chainsword,Midnight Project,IPA - Imperial / Double,2024-09-27,4.077,60.0,,,,6.8,,4
Irish Wolf,Boxing Wizard Brewery,IPA - Other,2022-12-20,3.868,45.0,,,,5.5,,4
Хрум,Plague Brew,Sour - Other Gose,2023-11-17,4.1,6.0,,,,5.2,,4
Белая Скала (Belaya Skala),ПБК Крым,Wheat Beer - Witbier / Blanche,2016-07-24,2.873,,,,,5.0,,2
Asphyxia,"Midnight Project,Ability Brewing Project",Stout - Russian Imperial,2024-09-05,4.296,70.0,,,,6.8,,5
Herzog Von Bavaria,Argo Brewing Company,Lager - Dortmunder / Export,2015-03-08,2.742,,,,,5.2,,2
Embrace,Zagovor Brewery,,2024-09-19,4.111,35.0,,,,0.5,,4
Don't Worry Baby,Jaws,Non-Alcoholic Beer - Other,2017-06-18,3.519,30.0,"El Dorado,Idaho 7,Crystal","Pale Ale,Special B",,0.5,3.0,4
Sleep Tight Baby,Jaws,Non-Alcoholic Beer - Porter / Stout,2023-10-11,3.447,,,,,0.5,,4
Халзан Безалкогольное,Очаково,Non-Alcoholic Beer - Other,2019-04-19,2.632,,,,,0.5,,3
Marochnoe Bezalkogolnoe | Марочное Безалкогольное,Афанасий,,2016-04-17,2.925,,,,,0.5,,4
Weiss Berg Безалкогольное,Бочкари,Non-Alcoholic Beer - Wheat Beer,2019-05-07,2.768,,,,,0.5,,3
N Nealko,Primátor,Non-Alcoholic Beer - Lager,2012-02-14,2.372,22.0,,,,0.5,,3
Under Control,Time Bomb Brewery,Non-Alcoholic Beer - Pale Ale,2023-12-05,3.701,,,,,0.5,,4
Easy Hazy,Ostrovica,,2024-05-02,3.781,,,,,0.5,,4
Квас Старажытны Цёмны,Крыніца,Kvass,2023-07-06,3.013,,,,,1.2,,3
Kaleidoscope IPA: Sabro Ella,Hops Brewery,IPA - American,2024-08-26,3.824,45.0,"Sabro,Ella",,,6.5,,4
Sleeping Dog,Bierstaat,Porter - Other,2024-08-26,3.859,,,,,6.9,,4
Cherry On Top,Zavod,Fruit Beer,2022-03-15,3.521,10.0,,,Cherry,6.9,,4
Station HBC-630,Bierbank,IPA - Session,2024-08-27,3.95,30.0,HBC630,,,5.0,,4
Wheatdows,Hops Brewery,Wheat Beer - Hefeweizen,2024-07-01,3.685,5.0,,,,5.0,,3
Антиглянец,4BREWERS,Stout - Imperial / Double Pastry,2024-04-22,4.086,,,,,6.8,,4
Thullium Spiced Ed.,Nuclear Brewery,Sour - Traditional Gose,2021-03-09,3.859,,,,,4.5,,4
Meteor Pils,Brasserie Meteor,Pilsner - Other,2010-11-21,3.012,26.0,,,,5.0,,2
Rorschach,Plan B Brewery,IPA - Imperial / Double New England / Hazy,2021-09-14,3.996,40.0,"Sabro,Simcoe,Talus",,,6.8,,4
Holba Horská 10,Holba,Pilsner - Czech / Bohemian,2016-09-16,2.886,20.0,,,,4.2,,3
Calm Like A Bomb,Multtown Brew,Sour - Fruited,2024-06-24,4.155,8.0,,,,6.5,,4
Чехонь,Sergacore Brewery,Sour - Smoothie / Pastry,2022-10-03,4.535,10.0,,,,4.5,,4
Tomatoni: Dill Aioli,Jungle Brewery,Sour - Tomato / Vegetable Gose,2024-08-26,4.053,10.0,,,"Dill,Garlic,Mustard,Onion,Parsley,Tomato",5.0,13.0,4
NEVER TOO LATE,Coven Brewery,Sour - Fruited Gose,2022-07-14,4.065,,,,,5.5,,4
Crazy Moose,Konix Brewery,Pale Ale - American,2016-02-08,3.65,45.0,,,,5.5,,4
WE WERE JUST KIDS,Coven Brewery,Sour - Smoothie / Pastry,2024-07-21,4.41,,,,,5.5,,4
Skuf's Funeral,Multtown Brew,Sour - Fruited,2024-06-24,3.587,8.0,,,,6.5,,4
Эль Английский Тёмный,Česky Lev,Brown Ale - English,2024-07-21,3.117,,,,,4.9,,3
Blend Me! Sour & Melomel,Midnight Project,Mead - Other,2024-08-30,4.151,,,,,6.8,,4
Rager: Elani,Valaduta,IPA - Imperial / Double,2024-08-29,4.124,70.0,Elani,,,6.8,,4
Cassis Ale,Василеостровская пивоварня,Fruit Beer,2018-08-24,3.462,14.0,,,,6.0,,4
Mlosć: Idaho 7,Malanka,Pale Ale - American,2024-08-07,3.912,40.0,Idaho 7,"Pilsner,Special B",,5.6,,4
Quadruple Toe Loop,Midnight Project,IPA - Quadruple,2024-08-23,4.03,120.0,"Galaxy,Azacca,Wai-iti,Citra",,,6.8,,4
Bilboquet (Бильбоке),Coma Brewery,Sour - Fruited Berliner Weisse,2024-07-23,4.063,10.0,,,,5.0,,4
Abšar: Mosaic,Malanka,IPA - White / Wheat,2024-08-26,4.36,40.0,Mosaic,"Pilsner,Wheat,Flaked Wheat",,6.8,18.0,4
Dym: Malina,Malanka,Historical Beer - Lichtenhainer,2024-07-31,4.067,,,"Pilsner,Wheat,Flaked Wheat,Smoked,Peated",Raspberry,4.0,11.0,4
Kraštiečių Tradicinis,Крыніца,Lager - Pale,2024-08-02,2.631,,,,,6.0,,2
Karlova Krčma Premium 12,Podkováň,Lager - Euro Pale,2021-02-20,3.186,,,,,5.0,,3
Krombacher Pils,Krombacher,Pilsner - German,,3.253,24.0,,,,4.8,,3
Light,Malle,Lager - Pale,2020-10-24,3.541,,,,,4.8,,2
Motor Strong (Мотор Крепкое),Московская пивоваренная компания,Lager - Strong,2018-10-09,2.835,,,,,6.8,,2
Днепро Стронг Черри (Dnepro Strong Cherry),Бабруйскі бровар,Fruit Beer,2024-07-03,3.08,,,,,6.4,,2
Nevskoe Originalnoe (Невское Оригинальное),Балтика,Lager - Pale,2011-03-10,2.704,,,,,5.7,,2
Квас Хатні Бярозавы сок I мята (Kvass Hatni Byarozavy Sok I Myata),Бабруйскі бровар,Kvass,2024-06-07,3.318,,,,,1.2,,3
Miller Lime,Бабруйскі бровар,Shandy / Radler,2024-08-14,2.971,,,,,4.0,,3
Rye Rocket,Brewlok,IPA - Rye,2024-05-08,3.791,,,,,6.2,,4
Argo Blue (არგო ლაგერი),Argo Brewing Company,Lager - Pale,2013-06-21,2.922,,,,,4.8,,2
Dark Heat,Одна тонна,Stout - American,2024-04-16,3.876,,,,,6.0,,4
ГозеЧоК,Пан Качын,Sour - Fruited Gose,2024-07-22,3.615,,,,"Black Currant,Red Currant",5.5,,4
Nirvana,Ugar,IPA - New England / Hazy,2023-12-19,3.977,30.0,"Citra,Galaxy,Mosaic",,,6.0,,4
Homework,Valaduta,IPA - American,2024-06-26,4.055,35.0,"Cascade,Vista",,,6.5,,4
Saĺsa: Black Garlic,Malanka,Sour - Tomato / Vegetable Gose,2024-08-12,4.273,,,"Pilsner,Wheat,Flaked Wheat","Tomato,Chili,Garlic,Coriander",4.0,12.0,4
Imhla: HBC 638,Malanka,IPA - New England / Hazy,2024-08-02,4.27,40.0,HBC 638,"Pilsner,Wheat,Flaked Wheat,Flaked Oats",,6.4,17.5,4
Xenomorph Breakfast,Bierstaat,Stout - Other,2024-06-17,3.862,30.0,,,Chocolate,6.9,,4
Yellow Road,Midnight Project,Pale Ale - New England / Hazy,2024-08-01,4.038,20.0,HBC586,,,5.7,,4
Summer Breeze,13 Litar,IPA - Session,2020-07-01,3.811,30.0,Mosaic,"Pale Ale,Vienna",,4.8,,4
Minsk,"Mitra,Punchiller",IPA - American,2024-07-26,3.963,42.0,"Galaxy,Mosaic",,,6.4,,4
Tinkerbell Effect 13,Delta Ksi,Porter - Baltic,2024-08-08,4.104,20.0,,,,6.9,20.0,4
Rizhskoe (Рижское),Кроп-Пиво,Lager - Pale,2015-04-22,2.793,,,,,4.0,,2
Lambic Kriek,Трёхсосенский,Fruit Beer,2022-04-12,2.913,,,,,5.0,,3
Prickly Boy,White Stone Brewery,Sour - Smoothie / Pastry,2024-05-24,4.233,7.0,,,,6.0,,4
Grimbergen Ambrée,Brouwerij Alken-Maes,Red Ale - Other,2016-08-13,3.338,22.0,,,,6.5,,3
Lightfoot,Theakston,Blonde / Golden Ale - English,2011-04-04,3.305,,,,,4.1,,3
"5,0 Original Craft Beer",Oettinger Brauerei,Lager - Euro Pale,2017-09-11,2.787,,,,,5.0,,2
Tverskoe Svetloe | Тверское Светлое,Афанасий,Lager - Pale,2013-06-13,2.524,,,,,4.1,,3
Favorite,Beaver,Lager - Pale,2024-02-13,3.207,,,,,4.2,,3
INTO THE FIRE,Coven Brewery,Sour - Tomato / Vegetable Gose,2024-05-07,4.145,,,,,6.8,,4
7 Years of Drink & Run,Midnight Project,Lager - IPL (India Pale Lager),2024-07-26,4.066,30.0,"Motueka,Galaxy",,,4.6,,4
Chaliera: HBC 682,Malanka,IPA - American,2024-07-15,4.089,80.0,HBC 682,Pilsner,,6.6,16.0,4
Watermelon Cider,Appleton Ciders,Cider - Other Fruit,2018-03-22,3.772,,,,,5.5,,3
Ballantine Ale,Московская пивоваренная компания,Red Ale - American Amber / Red,2022-04-22,3.457,,,,,4.7,,4
Day Tripper,Hops Brewery,IPA - Imperial / Double,2024-07-11,4.092,69.0,"Elani,HBC630,Mosaic",,,6.8,,4
Портер ореховый,Волковская пивоварня,Porter - Other,2024-05-28,3.246,,,,,5.8,,3
Etalone (2023),Plague Brew,Stout - Imperial / Double,2023-08-31,4.063,30.0,,,,6.8,,4
Когда смотришь на тьму,4BREWERS,Stout - American,2024-07-02,3.872,,,,,6.0,,4
NYCTOPHOBIA,Big Village Brewery,Stout - Milk / Sweet,2024-07-21,3.905,,,,,6.5,,4
Summertime Catness,Midnight Project,Pale Ale - American,2024-07-26,3.999,35.0,"Loral,Citra",,,5.7,,4
Tap Tap Tap… Hamster In Untappd,Midnight Project,Pale Ale - American,2024-07-19,3.9,40.0,"Hallertau Blanc,HBC 638",,,5.3,,4
Hop Headshot: Nelson Sauvin,Midnight Project,IPA - Triple,2024-07-26,4.199,111.0,Nelson Sauvin,,,6.8,,4
XB,Theakston,Bitter - Extra Special / Strong (ESB),2010-11-13,3.384,,,,,4.5,,4
Funny Pale,"Carousel Brewery,Plague Brew",Pale Ale - American,2024-05-31,3.749,33.0,,,,5.6,,4
Yellow Diamond,Midnight Project,IPA - Imperial / Double New England / Hazy,2024-08-01,4.039,30.0,,,,6.8,,4
Planet TrES-2b: Bourbon BA (2024),Midnight Project,Stout - Russian Imperial,2024-07-11,4.386,55.0,,,,6.8,,4
The Irish Teacher Green Brit,Двинский бровар,Mead - Other,2024-07-11,3.323,,,,,4.5,,3
The Irish Teacher Dublin Cherry,Двинский бровар,Mead - Other,2024-07-16,3.301,,,,,4.5,,3
The Irish Teacher Old Celt,Двинский бровар,Mead - Other,2024-07-15,3.321,,,,,4.5,,3
J.Hardy Maracuja & Chili,Бабруйскі бровар,Hard Seltzer,2024-05-15,2.815,,,,,5.0,,3
Dark Ages,13 Litar,Dark Ale,2020-03-12,3.625,22.0,Bramling Cross,,,4.9,,4
Frankfurter Raspberry Radler,Frankfurter Brauhaus,Shandy / Radler,2022-02-02,3.35,,,,,2.5,,3
Frankfurter Grapefruit Radler,Frankfurter Brauhaus,Shandy / Radler,2022-02-03,3.354,,,,,2.5,,3
Tuborg Ice,Carlsberg Group,Lager - American Light,,2.66,,,,,4.6,,3
Seth & Riley's Garage Hardcore Grape,Аліварыя,Shandy / Radler,2024-02-24,3.081,,,,,6.0,,3
Fürst Chlodwig Pilsener,Fürstenberg,Pilsner - German,2017-08-13,2.952,,,,,4.8,,2
Rizhskoe (Рижское),Кроп-Пиво,Lager - Pale,2015-04-22,2.793,,,,,4.0,,2
Мюнхенское Светлое,Полтавпиво,Lager - Helles,2016-11-27,2.701,,,,,4.9,,2
Накрутка,Magic Mess,Sour - Fruited,2024-03-11,4.131,,,,,5.5,,4
Рататоск Мудрая,Традиции предков,Mead - Metheglin,2023-02-06,3.966,,,,,6.0,,4
Älska Nordic Berries,Älska,Cider - Other Fruit,2014-02-05,3.68,,,,,4.0,,4
Поцелуй Фрейи,Традиции предков,Mead - Other,2015-12-05,3.871,,,,,4.7,11.0,3
Seth & Riley's Garage Hard Black Cherry Drink,Балтика,Shandy / Radler,2019-03-19,3.052,,,,,4.6,,3
MINTTU,Boogie Brew,Sour - Other,2023-08-30,3.771,,,,,6.0,,4
LoboDay West Coast,Midnight Project,IPA - American,2024-07-03,4.056,60.0,"HBC 1019,Citra",,,6.8,,4
J.Hardy Melon & Cheesecake,Бабруйскі бровар,Fruit Beer,2024-03-30,2.439,,,,,5.0,,2
Trifon Kriek (Трифон Крик),Вятич,Fruit Beer,2017-10-25,2.824,16.0,,,,4.5,,3
Jumis,Malanka,Wheat Beer - Wheat Wine,2024-05-15,4.123,,,"Pilsner,Wheat,Flaked Wheat","Pippali pepper,Bergamot,Rose",6.8,19.5,4
Огненный Великан Сурт,Традиции предков,Mead - Melomel,2018-11-16,3.843,5.0,,,,4.7,,4
Blanche,Belgica,Wheat Beer - Witbier / Blanche,2022-01-17,,,,,,,,3
Twenty Two Anniversary Ale,De Struise Brouwers,Stout - Belgian,2023-05-11,4.083,28.0,,,,6.8,,4
CRIMSON SKIES,Coven Brewery,Sour - Smoothie / Pastry,2023-05-22,4.221,,,,,6.5,,4
Lying To Robots,Coma Brewery,Sour - Smoothie / Pastry,2024-04-17,4.153,,,,,5.8,,4
DETERMINISM,Big Village Brewery,Sour - Fruited,2023-12-08,4.002,,,,,6.8,,4
Grindcore,Plague Brew,Stout - Oyster,2024-02-29,4.093,55.0,,,,6.8,,4
Red Ray Cherry Mix,Очаково,Fruit Beer,2022-03-18,2.797,,,,,4.5,,2
Крушǒвице Velvet Royal,Heineken,Lager - Polotmavé (Czech Amber),2024-02-20,3.05,,,,,5.0,,2
Светлое,Craft,Lager - Pale,2018-09-15,2.503,,,,,4.2,12.0,3
Jever Pilsener,Friesisches Brauhaus zu Jever,Pilsner - German,2010-08-21,3.133,33.0,,,,4.9,,3
Хмелевое,Eletskoe Pivo (Елецкое Пиво),Lager - Pale,2015-10-11,2.95,,,,,4.7,,3
The Infinity Gauntlet: Whisky BA (2024),Midnight Project,Stout - Russian Imperial,2024-06-05,4.335,55.0,,,,6.8,,4
Bitburger Premium Pils,Bitburger Brauerei,Pilsner - German,2010-12-25,3.198,38.0,,,,4.8,,3
KO KO,Ganza Brewery,Stout - Imperial / Double,2024-02-14,4.045,,,,,6.8,,4
Fruitality,Selfmade Brewery,IPA - American,2018-06-07,3.839,38.0,,,,6.6,,4
Hop Adventure Series Strata,O’Hara’s Brewery,IPA - American,2020-12-01,3.626,,Strata,,,5.0,,4
Tangerine,Zabava Ciders,Cider - Other Fruit,2022-03-09,3.504,,,,,4.5,,4
BOHEMA,Старовар,Cider - Dry,2024-06-27,3.335,,,,,6.5,,3
Power Mood,Jungle Brewery,IPA - New England / Hazy,2024-06-24,4.228,30.0,"Moutere,Motueka,Mosaic",,,6.7,15.4,4
Strakovice Nealkoholicky,Варница,Non-Alcoholic Beer - Lager,2020-12-31,2.674,,,,,,,2
Квас Старажытны Бачкавы,Крыніца,Kvass,2020-06-30,3.436,,,,,1.2,,4
Limburgse Witte Strawberry,Brouwerij Cornelissen,Fruit Beer,2019-06-19,3.154,10.0,,,Strawberry,4.2,,3
Limburgse Witte Peach & Mango,Brouwerij Cornelissen,Fruit Beer,2021-04-23,3.146,,,,,4.2,,4
London Porter,Fuller’s,Porter - English,1996-01-01,3.675,,Fuggle,,,5.4,,4
Trappistes Rochefort 8,Trappistes Rochefort,Belgian Strong Dark Ale,,3.845,22.0,,,,6.8,,4
Takamba: Nelson Sauvin Motueka,Velka Morava,IPA - New England / Hazy,2024-06-20,4.09,,,,,6.9,,4
Sportacus Rakau,Plague Brew,Non-Alcoholic Beer - Pale Ale,2023-02-20,3.654,25.0,,,,0.5,,4
Space Explorers,Carousel Brewery,IPA - Triple,2024-06-28,3.965,60.0,"El Dorado,Medusa",,,6.8,,4
Ciemra: Double Mosaic,Malanka,IPA - Imperial / Double Black,2024-06-26,4.283,100.0,Mosaic,"Pilsner,Black",,6.8,19.0,4
Nevskaya Bureaucracy,"Midnight Project,Valaduta",Stout - Russian Imperial,2024-06-29,4.251,90.0,,,,6.8,,4
Weiß,D3iwa Brewery,Wheat Beer - Hefeweizen,2024-06-18,3.689,9.0,Hallertauer Tradition,,,4.7,12.0,4
Mlosć: Strata,Malanka,Pale Ale - American,2024-06-26,4.095,40.0,Strata,"Pilsner,Special B",,5.6,13.0,4
Silk Road,BrewDog,IPA - Fruited,2021-04-14,3.684,11.0,,,,6.5,,4
Porter 42,Zero Point,Non-Alcoholic Beer - Other,2021-07-12,3.483,15.0,,,,0.5,,4
Nestor Notabilis,Midnight Project,Pilsner - New Zealand,2024-05-31,3.999,38.0,"Nelson Sauvin,Hallertau Blanc",,,4.8,,4
Raven,Bierstaat,Porter - Baltic,2024-06-24,3.751,25.0,,,,6.9,,4
American Pale Ale,13 Litar,Pale Ale - American,2016-08-17,3.891,35.0,,,,5.0,,4
Yellow Sea,Midnight Project,IPA - New England / Hazy,2023-05-05,4.044,30.0,"BRU-1,Citra",,,6.8,,4
Abšar: Vic Secret,Malanka,IPA - White / Wheat,2024-05-27,4.302,40.0,Vic Secret,"Pilsner,Wheat,Flaked Wheat",,6.8,18.0,4
ALD IPA,"BrewDog,ALDI Stores UK,ALDI Stores Germany South / Süd",IPA - Session,2020-10-09,3.263,,,,,4.7,,4
Blonde Biere d'Abbaye,Brasserie Champigneulles,Belgian Blonde,2016-05-06,3.16,,,,,6.2,,4
Triple Impériale,Abbaye des Rocs,Belgian Strong Dark Ale,2010-12-31,3.658,30.0,,,,6.8,,4
Prorva,Malanka,Historical Beer - Other,2024-05-15,4.188,30.0,East Kent Golding,"Pilsner,Caramel",,6.8,14.0,4
Buffout,Hops Brewery,IPA - Imperial / Double,2024-06-16,4.06,70.0,Superdelic,,,6.8,,4
Маслёна,Brewlok,Stout - Milk / Sweet,2024-04-05,3.821,,,,,6.4,,4
Темным-темно,Brewlok,Stout - Oatmeal,2024-04-12,3.657,,,,,5.4,,4
Boost: Citra & Galaxy,Jungle Brewery,Pale Ale - New England / Hazy,2024-05-17,4.332,35.0,"Citra,Galaxy",,,5.5,13.3,4
Motion Blur,GAS Brew,Stout - Russian Imperial,2024-02-24,4.098,,,,,6.8,,4
Sweet Spin,Midnight Project,Stout - Imperial / Double,2024-06-14,4.032,40.0,,,,6.8,,4
Cold Daze,Jungle Brewery,IPA - Cold,2024-06-10,4.242,50.0,"Warrior,Vista,Citra",,,5.6,,4
Bliskavica: Eclipse,Malanka,IPA - New England / Hazy,2024-06-05,4.424,40.0,Eclipse,"Pilsner,Wheat,Flaked Wheat,Flaked Oats",,6.8,17.0,4
MR. PEETY,Ostrovica,Stout - Pastry,2023-08-10,4.047,,,,,6.8,,4
Avalanche,Gletcher,Lager - Amber / Red,2023-05-14,3.488,18.0,,,,5.0,,4
Grimbergen Rouge Intense,Kronenbourg,Fruit Beer,2022-06-22,3.215,,,,,5.5,,3
Pabst Blue Ribbon,Pabst Brewing Company,Lager - American,2010-08-21,2.846,10.0,,,,4.8,,3
Satan Infernalis V,Plan B Brewery,Stout - Russian Imperial,2023-11-21,4.3,40.0,,,,6.8,,4
Schloss Fels Hefeweissbier Dunkel,Privatbrauerei Eichbaum,Wheat Beer - Dunkelweizen,2019-07-11,3.009,,,,,5.2,,3
Drone Metal,Plague Brew,Porter - Other,2022-11-07,4.05,40.0,,,,6.8,,4
Fasten Seat Belt,Rewort Brewery,IPA - Quadruple,2024-04-15,4.124,100.0,,,,6.8,,4
Mlosć: Elani,Malanka,Pale Ale - American,2024-05-27,4.132,40.0,Elani,"Pilsner,Special B",,5.6,13.0,4
Electron,Carousel Brewery,IPA - New Zealand,2024-05-17,4.004,30.0,"Eclipse,Wai-iti",,,6.8,,4
Smuha: HBC 1019,Malanka,IPA - Imperial / Double New England / Hazy,2024-06-03,4.388,40.0,HBC 1019,"Pilsner,Wheat,Flaked Wheat,Flaked Oats",,6.8,18.4,4
Ultimate Seduction,Midnight Project,IPA - American,2024-05-31,4.107,50.0,"Cascade,Amarillo,Nelson Sauvin,Citra",,,6.8,,4
Cat Nap,"Midnight Project,Zagovor Brewery",Stout - Imperial / Double,2024-05-18,4.248,60.0,,,,6.8,,4
Saĺsa: Verde,Malanka,Sour - Tomato / Vegetable Gose,2024-05-29,4.365,,,"Pilsner,Wheat","Tomato,Jalapeno,Coriander,Garlic,Chili,Lime,Allspice,Caraway,Black Pepper,Red Pepper,Ginger",4.0,12.0,4
Cheerful Cat,"Midnight Project,Zagovor Brewery",Stout - Imperial / Double,2024-05-09,4.292,60.0,,,,6.8,,4
Kultura,Selfmade Brewery,Stout - Imperial / Double,2024-04-27,4.051,28.0,,,,6.9,,4
Crimson Idol,Achtel,Mead - Melomel,2024-05-22,,10.0,,,,6.8,,4
Caféole,Delta Ksi,Stout - Imperial / Double,2024-05-24,3.989,20.0,,,,6.9,,4
Poseidon's Trident,Valaduta,Porter - Imperial / Double Baltic,2024-05-25,4.261,35.0,,,,6.8,,4
Optical Delusion,Rewort Brewery,IPA - Black / Cascadian Dark Ale,2024-01-22,3.958,55.0,,,,6.8,,4
First Charge,Jungle Brewery,IPA - Imperial / Double,2024-04-22,4.366,90.0,"Chinook,Warrior,Citra,Centennial",,,6.8,17.5,4
Tomatoni: Shashlik,Jungle Brewery,Sour - Tomato / Vegetable Gose,2024-05-17,4.248,10.0,,,,5.0,,4
Pale Tart,Plan B Brewery,Sour - Fruited,2020-09-28,3.911,,,,"Guava,Mango",6.0,,4
Imhla: Galaxy,Malanka,IPA - New England / Hazy,2024-05-13,4.324,40.0,Galaxy,,,6.8,17.0,4
Katana Strike,Midnight Project,IPA - Other,2024-05-09,3.952,45.0,"Citra,Ahhhroma",,,6.2,,4
Herkenrode Abbey Cister,Brouwerij Cornelissen,Belgian Blonde,2017-07-16,3.413,30.0,,,,6.5,,4
It's Five!,Malanka,IPA - Triple New England / Hazy,2024-05-17,4.488,50.0,,,,6.8,,4
Квас Варница,Варница,Kvass,2015-08-31,3.108,,,,,1.2,,3
Seth & Riley's Garage Crafty Zero Drink Grapefruit,Аліварыя,Non-Alcoholic Beer - Shandy / Radler,2024-05-05,3.354,,,,,,,3
"Hoegaarden Cherry 0,0",Anadolu Efes,Non-Alcoholic Beer - Wheat Beer,2023-04-02,3.157,,,,,,,3
Варница Безалкогольное,Варница,Non-Alcoholic Beer - Other,2018-01-30,2.324,,,,,0.5,,3
Seth & Riley's Garage Crafty Zero Drink Lime,Аліварыя,Non-Alcoholic Beer - Shandy / Radler,2024-05-05,3.243,,,,,,,3
Hefe-Weizen Alkoholfrei,Schlossbrauerei Friedenfels,,2016-04-25,2.828,,,,,0.5,,3
Nanny State (1.1% ABV),BrewDog,Non-Alcoholic Beer - Other,2011-06-22,,45.0,,,,1.1,,3
Abbaye des Rocs Grand Cru,Abbaye des Rocs,Belgian Strong Dark Ale,2010-08-21,3.749,,,,,6.8,,4
Voyager,Ugar,Porter - Baltic,2024-04-10,4.106,20.0,,,,6.8,,4
Remember Who You Are,"Rewort Brewery,Punchiller",IPA - Triple,2024-03-29,4.105,85.0,,,,6.8,,4
Juicy Squeeze,Jungle Brewery,IPA - New Zealand,2024-04-29,4.328,50.0,"Moutere,Motueka,Nectaron",,,6.8,17.3,4
Infinity Cult,Time Bomb Brewery,Stout - American,2024-03-04,4.022,60.0,,,,6.8,,4
Loveforged,GAS Brew,Stout - Russian Imperial,2024-02-27,4.064,,,,,6.8,,4
Tomatoni: Gyros,Jungle Brewery,Sour - Tomato / Vegetable Gose,2024-04-22,4.192,10.0,,,,5.0,13.0,4
Universe,Rewort Brewery,Stout - White / Golden,2024-03-19,3.571,5.0,,,,6.9,,4
Coschützer Cherry Beer,Feldschlößchen Dresden,Fruit Beer,2023-06-01,3.131,,,,,6.0,,4
Зуброўскі,Hops Brewery,Pilsner - Imperial / Double,2023-01-26,3.755,30.0,,,,6.8,,4
Darkest Taste 24/7,Taler,Lager - Dark,2024-01-28,3.388,27.0,,,,4.8,13.0,3
Pavietra: Talus,Malanka,Pale Ale - New England / Hazy,2024-04-24,4.152,30.0,Talus,"Pilsner,Wheat,Flaked Wheat",,5.5,,4
Duck Puns,Bierbank,Lager - IPL (India Pale Lager),2024-03-18,3.937,20.0,Vista,,,5.2,,4
Delusions,Bierbank,IPA - New England / Hazy,2024-04-23,3.784,40.0,Vic Secret,,,6.4,,4
Single Hop Player: Moutere,Midnight Project,IPA - New Zealand,2024-04-25,4.02,50.0,Moutere,,,6.8,,4
Oswaldo Mobray,Hops Brewery,IPA - English,2024-04-16,3.971,100.0,East Kent Golding,,,6.8,,4
Unchained Melody,Midnight Project,IPA - New England / Hazy,2024-04-18,4.114,30.0,"Citra,Nectaron,Mosaic",,,6.9,,4
Cyberpunk Shotgun,Midnight Project,IPA - Imperial / Double,2023-11-17,4.076,70.0,"Citra,Mosaic",,,6.8,,4
Black Beard,Stamm Brewing,Stout - Oatmeal,2015-02-27,3.825,23.0,,,,6.0,,4
Hefe-Weissbier,Privatbrauerei Kaiserdom,Wheat Beer - Hefeweizen,,3.199,20.0,,,,5.0,,4
Nuff Niceness,Jungle Brewery,Sour - Fruited,2024-04-08,4.108,10.0,,,"Raspberry,Cherry,Red Currant,Lactose",5.6,15.2,4
Route 666,Sabotage,Porter - American,2023-12-07,3.876,25.0,,,,6.6,,4
Saĺsa: Superhot Mix,Malanka,Sour - Tomato / Vegetable Gose,2024-04-22,4.372,,,"Pilsner,Wheat","Tomato,Red Pepper",4.0,12.0,4
Mroiva: Citra & Simcoe,Malanka,IPA - Session,2024-04-10,4.127,20.0,"Citra,Simcoe","Pilsner,Flaked Oats,Wheat,Flaked Wheat",,3.9,12.0,4
Mlosć: Cascade,Malanka,Pale Ale - American,2024-04-18,4.013,40.0,,,,5.6,,4
Tomattoro: Kimchi,Mad Frog Brewery,Sour - Tomato / Vegetable Gose,2024-03-26,4.473,,,,,4.8,,4
Hekate,Bierstaat,Porter - American,2024-02-05,4.055,25.0,Cashmere,,,6.9,,4
Art of Space,Carousel Brewery,IPA - Imperial / Double,2024-04-12,3.992,70.0,"Galaxy,Taiheke",,,6.8,,4
Morning Bastard,Selfmade Brewery,Stout - Coffee,2024-04-05,4.025,34.0,,,,6.4,,4
RIS Black River,Волковская пивоварня,Stout - Russian Imperial,2020-01-16,3.847,101.0,,,,6.8,,4
The Thiol Chase,"Midnight Project,Saliwa Brew",IPA - Triple,2024-04-18,4.197,90.0,"Centennial,Amarillo,Mosaic,Nectaron",,,6.8,,4
Friedenfelser Steinwald Zoigl,Schlossbrauerei Friedenfels,Historical Beer - Zoigl,2014-05-31,3.426,,,,,4.8,,3
Mroiva: Citra & Mosaic,Malanka,Pale Ale - New England / Hazy,2020-06-20,4.318,,"Citra,Mosaic","Pilsner,Flaked Oats",Lactose,3.7,12.0,4
Vir: Višnia,Malanka,Wild Ale - Other,2024-04-16,4.317,,Saaz,"Pilsner,Wheat,Flaked Wheat",Cherry,6.9,13.0,4
Friedenfelser Hefe-Weizen,Schlossbrauerei Friedenfels,Wheat Beer - Hefeweizen,2014-02-04,3.641,8.0,,,,5.2,,4
Tajfun: Nelson & Blanc,Malanka,IPA - Imperial / Double New England / Hazy,2024-04-15,4.388,50.0,"Nelson Sauvin,Hallertau Blanc","Pilsner,Flaked Oats,Wheat,Flaked Wheat",,6.8,18.5,4
North Coast,13 Litar,Porter - Baltic,2024-04-10,4.206,20.0,Premiant,"Vienna,Pilsner,Caramel,Roasted Barley",,6.8,21.0,4
Chaliera: Hallertau Blanc,Malanka,IPA - American,2024-04-08,4.225,70.0,Hallertau Blanc,Pilsner,,6.6,16.0,4
Копченая томатная дичь,"Atmosphere Brewery,Беру Выходной",Sour - Tomato / Vegetable Gose,2023-09-25,3.749,,,,,6.5,,4
Punk IPA,BrewDog,IPA - American,2010-08-21,3.709,45.0,,,,5.6,,4
BLACK ROCK,Big Village Brewery,IPA - Imperial / Double Black,2024-02-29,3.907,90.0,,,,6.8,,4
Industrial Rock,Plague Brew,Porter - Imperial / Double Baltic,2023-12-08,4.091,40.0,,,,6.8,,4
Heller Bock (Bourbon Chips) 2023,Red Button Brewery,Bock - Hell / Maibock / Lentebock,2023-09-21,3.742,,,,,6.8,,4
IIINITY,"Malanka,Carousel Brewery,Spin Bar",IPA - Imperial / Double Black,2024-04-08,4.337,180.0,"Galaxy,Simcoe,Sabro","Pilsner,Black",,6.8,,4
Saison 1858,Brasserie du Bocq,Farmhouse Ale - Saison,2012-11-25,3.565,38.0,,,,6.4,,4
Beast From the Abyss,"Selfmade Brewery,Rustique Pivasique",IPA - Imperial / Double Black,2020-12-09,4.033,62.0,"Warrior,Ekuanot,Chinook,Simcoe",,,6.8,,4
Maisel & Friends Alkoholfrei,Brauerei Gebr. Maisel,Non-Alcoholic Beer - Other,2018-08-29,3.43,34.0,,,,0.5,,3
Spark of Time,Rewort Brewery,Wheat Beer - Wheat Wine,2023-12-29,3.793,30.0,,,,6.8,,4
Electric Eye,Rewort Brewery,IPA - American,2023-12-29,3.881,65.0,,,,6.8,,4
Alphanumeric,Stamm Brewing,IPA - Imperial / Double New England / Hazy,2024-01-27,4.038,,,,,6.8,,4
Klubbhopping,Midnight Project,IPA - American,2024-04-05,3.982,50.0,"Citra,Waimea",,,6.8,,4
Siomy Rehijon,Midnight Project,IPA - Imperial / Double New England / Hazy,2024-04-05,4.197,30.0,"Nelson Sauvin,Citra,Superdelic",,,6.8,,4
Vicious Delicious,Rewort Brewery,Stout - Imperial / Double Pastry,2024-01-22,4.054,40.0,,,,6.8,,4
Boost: McKenzie & Mosaic,Jungle Brewery,Pale Ale - New England / Hazy,2024-04-01,4.229,35.0,"McKenzie,Mosaic",,,5.9,13.6,4
Theory of Everything,Rewort Brewery,Barleywine - English,2024-01-22,3.983,25.0,,,,6.8,,4
Bliskavica: Galaxy,Malanka,IPA - New England / Hazy,2024-04-01,4.343,40.0,Galaxy,"Pilsner,Wheat,Flaked Oats,Flaked Wheat",,6.8,,4
Straßenbahn Hopfenweisse,Stamm Brewing,Wheat Beer - Hopfenweisse,2024-03-19,3.97,,,,,4.5,,4
Breadman Nightmare,"Мантра,Dolphinwolf",Barleywine - Other,2024-01-15,3.94,30.0,,,,6.8,,4
New Dreams,Carousel Brewery,IPA - New England / Hazy,2024-03-29,4.071,30.0,"Azacca,Ahhhroma",,,6.5,,4
Vietraź: Hrejpfrut I Kardamon,Malanka,Wheat Beer - Witbier / Blanche,2024-03-27,4.004,15.0,Magnum,"Pilsner,Flaked Wheat,Wheat","Grapefruit,Cardamom",4.6,13.5,4
Ciemra: Simcoe,"Malanka,Jungle Brewery",IPA - Imperial / Double Black,2024-04-01,4.351,100.0,Simcoe,"Pilsner,Black",,6.8,19.0,4
Oatish (Lactose),Red Button Brewery,Stout - Oatmeal,2024-03-12,3.872,,,,,6.5,,4
Russian Imperial Stout (barrel #3),Konix Brewery,Stout - Russian Imperial,2016-12-13,4.063,60.0,,,,6.8,,4
Dangerousse,Brouwerij De Brabandere,Red Ale - Other,2019-05-28,3.249,,,,,6.5,,4
Weidmann Hefeweissbier,Weidmann Bier,Wheat Beer - Hefeweizen,2014-09-06,3.156,,,,,5.4,,3
Divine Rapier,Midnight Project,IPA - Triple,2024-03-28,4.16,130.0,"Citra,Galaxy,Rakau",,,6.8,,4
Palepatine,Midnight Project,Pale Ale - American,2024-03-28,3.957,40.0,"Idaho 7,Motueka,Mosaic",,,4.9,,4
Turn It On,Jungle Brewery,IPA - American,2024-03-25,4.157,60.0,"Warrior,Citra,El Dorado,Centennial",,,5.8,12.6,4
51st State IPA,O’Hara’s Brewery,IPA - New England / Hazy,2017-03-17,3.508,40.0,,,,6.0,,4
Smuha: HBC 586,Malanka,IPA - Imperial / Double New England / Hazy,2024-03-20,4.284,40.0,HBC586,"Pilsner,Wheat,Flaked Oats,Flaked Wheat",,6.8,18.0,4
Winter Chill,Rewort Brewery,Stout - Pastry,2023-12-29,3.933,20.0,,,,6.8,,4
Saĺsa: Piri-Piri,Malanka,Sour - Tomato / Vegetable Gose,2024-03-11,4.315,,,"Pilsner,Wheat",,4.0,12.0,4
Hardcore Heaven,Jungle Brewery,IPA - Imperial / Double,2024-03-18,4.287,100.0,"Chinook,Warrior,Azacca,El Dorado,Vic Secret",,,6.8,17.1,4
Pilsener,Arcobräu,Pilsner - German,,3.257,,,,,4.9,,3
Dresdner Felsenkeller Pilsner,Feldschlößchen Dresden,Pilsner - German,2013-06-01,2.988,,,,,4.8,,3
Holsten Light,Holsten-Brauerei,Lager - Leichtbier,,,,,,,4.4,,3
Holsten Export,Holsten-Brauerei,Lager - Dortmunder / Export,,2.965,,,,,5.4,,3
Bayreuther Hell,Bayreuther Bierbrauerei,Lager - Helles,2012-01-03,3.517,17.0,,,,4.9,,4
Kilikia 11,Kilikia,Lager - Pale,2013-07-26,2.84,,,,,4.6,,3
Kilikia Light,Kilikia,Lager - Pale,2014-07-28,2.69,,,,,4.5,,2
Ekaterina,"Jaws,Brouwerij Het Anker",Stout - Imperial / Double,2017-12-03,3.709,,,,,6.8,,4
Durak,Jaws,Porter - Imperial / Double,2019-02-27,3.834,46.0,,,,6.8,,4
Rizz,Rewort Brewery,IPA - Milkshake,2023-12-07,3.757,50.0,,,,6.9,,4
Pavietra: Idaho Gem,Malanka,Pale Ale - New England / Hazy,2024-03-18,4.169,30.0,Idaho Gem,"Pilsner,Wheat,Flaked Oats,Flaked Wheat",,5.6,15.0,4
HELENA,Coven Brewery,Sour - Smoothie / Pastry,2022-09-28,4.057,,,,,6.0,,4
Raspberry & Blueberry Bochet,Степь и ветер,Mead - Bochet,2021-11-11,4.171,,,,"Raspberry,Blueberry",6.0,,4
Just Casual,Carousel Brewery,IPA - American,2024-03-15,3.874,50.0,"HBC630,HBC472,Talus",,,6.1,,4
The Deep Desert,"Selfmade Brewery,Степь и ветер",Mead - Session / Short,2024-03-11,4.035,10.0,,,,5.2,,4
Midnight Magic,Midnight Project,IPA - American,2024-03-15,3.989,45.0,"Citra,Eclipse",,,6.8,,4
Pastry Sour Ale Клюквенная Пастила,Wild Hills Brewery,Sour - Smoothie / Pastry,2024-03-05,4.321,,,,,6.0,,4
Cashmere One Love,Jungle Brewery,IPA - Session,2024-03-11,4.136,30.0,Cashmere,,,5.0,12.9,4
"Lager Beer 0,0%",Privatbrauerei Kaiserdom,Non-Alcoholic Beer - Lager,2021-12-04,2.743,,,,,,,3
Rossy,Beaver,Red Ale - Other,2022-11-11,3.34,25.0,,,,5.8,,3
Big Trouble,"Midnight Project,Time Bomb Brewery",IPA - Imperial / Double,2024-03-07,4.059,70.0,"El Dorado,Ekuanot,Citra,Amarillo",,,6.8,,4
Anubis,Midnight Project,Porter - Imperial / Double Baltic,2024-03-07,4.165,50.0,,,,6.8,,4
Michael J.,Rewort Brewery,IPA - American,2022-10-03,3.889,39.0,,,,6.9,,4
Pilot,Axiom Brewery,Lager - Pale,2020-02-28,3.438,30.0,,,,4.4,,4
Chaliera: Vic Secret,Malanka,IPA - American,2024-03-04,4.187,80.0,Vic Secret,,,6.5,,4
Cosmic Entity,Midnight Project,IPA - Imperial / Double New England / Hazy,2024-03-02,4.06,30.0,"El Dorado,Cashmere,Citra",,,6.8,,4
Truffle Forester,Plague Brew,Sour - Other Gose,2022-01-18,4.114,7.0,,,,5.2,,4
Abšar: BRU-1,Malanka,IPA - White / Wheat,2024-03-06,4.143,40.0,BRU-1,"Pilsner,Wheat,Flaked Wheat",,6.8,19.0,4
Hot Link,Rewort Brewery,Sour - Tomato / Vegetable Gose,2023-12-29,3.47,10.0,,,,5.5,,4
Blackfeel,13 Litar,Stout - American,2024-03-07,4.148,30.0,"Chinook,BRU-1","Pilsner,Vienna,Caramel,Black",,6.8,17.5,4
Platan Jedenáctka,Pivovar Protivín,Pilsner - Czech / Bohemian,2013-02-12,3.114,30.0,,,,4.6,11.0,3
Stephans Bräu Premium Lager,Privatbrauerei Eichbaum,Lager - Pale,2013-11-03,2.715,,,,,5.0,,3
Охота Вишня,Бабруйскі бровар,Lager - Strong,2023-12-17,3.128,,,,,6.4,20.4,3
Iron Abyss,Plan B Brewery,Stout - Russian Imperial,2021-01-26,4.036,50.0,,,,6.8,,4
Sleeping Volcano,Jungle Brewery,IPA - Imperial / Double Black,2024-03-07,4.289,90.0,"Warrior,Chinook,Cashmere,Citra",,,6.8,19.3,4
If There's No Tomorrow,Bierbank,IPA - Imperial / Double New England / Hazy,2024-02-26,4.115,50.0,"Galaxy,Citra",,,6.8,,4
Funky Sensation,Jungle Brewery,Sour - Fruited,2024-02-26,4.141,10.0,,,"Raspberry,Cranberry,Lactose",5.6,15.2,4
Cup of Milk,Midnight Project,Stout - Milk / Sweet,2024-03-02,4.006,25.0,,,,6.9,,4
Peach Paradise,Hops Brewery,Wheat Beer - Hefeweizen,2024-02-21,3.745,10.0,,,Peach,4.8,,4
APArtunity,"Beer.by,Punchiller",Pale Ale - American,2024-02-13,4.264,14.0,"Columbus,Citra",,,5.8,,4
Tomato Factory: Curry,Valaduta,Sour - Tomato / Vegetable Gose,2024-02-25,4.182,10.0,,,,5.0,,4
Imhla: Elani,Malanka,IPA - New England / Hazy,2024-02-28,4.238,30.0,Elani,,,6.6,,4
Tchyně / Mother In Law,Primátor,Lager - IPL (India Pale Lager),2018-06-02,3.484,,"Summit,Citra",,,4.7,,4
Decontrol: Cinnamon Danish Swirl,Zagovor Brewery,Porter - Imperial / Double,2024-01-16,4.101,,,,,6.8,,4
Доза [Mango + Peach + Orange],4BREWERS,Sour - Smoothie / Pastry,2020-07-14,4.205,,,,,6.0,,4
Helles Schlenkerla Lagerbier,Schlenkerla,Lager - Helles,,3.481,30.0,,,,4.3,11.0,4
Whitebird,13 Litar,IPA - White / Wheat,2024-02-07,3.813,75.0,"Chinook,Vista,Centennial,BRU-1","Pilsner,Wheat",,6.8,19.0,4
Mead Опунция,Gurin Craft,Mead - Melomel,2023-12-22,,,,,,6.0,,4
13 Polotmavé,Primátor,Lager - Vienna,2011-08-14,3.292,26.0,,,,5.5,,3
Hercules,Midnight Project,Stout - Imperial / Double Oatmeal,2024-02-23,3.942,40.0,,,,6.8,,4
SAS Export,Leroy Breweries,Pilsner - Other,2013-12-05,3.206,,,,,5.0,,3
Your Quadruple Sour Right Hops Juice,Midnight Project,Sour - Fruited,2024-02-09,4.101,15.0,,,Feijoa,6.8,,4
Pavietra: Citra,Malanka,Pale Ale - New England / Hazy,2024-02-09,4.21,30.0,Citra,"Pilsner,Wheat,Flaked Oats,Flaked Wheat",,5.6,15.0,4
Labyrinth,Bierstaat,Stout - Imperial / Double,2024-01-29,4.276,25.0,,,,6.8,,4
Restructure,13 Litar,Strong Ale - Other,2023-12-28,4.222,40.0,"Chinook,Centennial","Vienna,Caramel,Roasted Barley",,6.8,22.5,4
Black Void Whisper,Bierstaat,Porter - Other,2024-01-15,4.097,20.0,,,,6.9,,4
Gold Bird,Hops Brewery,IPA - Rye,2024-02-15,4.006,40.0,,,,6.6,,4
Altstein,Очаково,Lager - Euro Pale,2014-02-25,2.533,,,,,4.6,,2
Black Metal Matters,Plan B Brewery,Stout - Imperial / Double Milk,2020-07-30,3.983,20.0,,,"Cocoa,Vanilla",6.8,,4
Narcissism,Punchiller,IPA - Imperial / Double,2024-02-01,4.371,75.0,"Columbus,Galaxy,Amarillo",,,6.8,,4
Lord of the Board,Midnight Project,Pale Ale - American,2024-02-15,3.967,35.0,,,,5.1,,4
Second Chance,Jungle Brewery,IPA - American,2024-02-12,4.099,55.0,"Warrior,Ahhhroma,Citra,Cascade",,,6.2,13.3,4
Tajfun: Motueka & Mosaic,Malanka,IPA - Imperial / Double New England / Hazy,2024-02-16,4.376,50.0,"Motueka,Mosaic","Pilsner,Wheat,Flaked Oats,Flaked Wheat",,6.8,19.3,4
17th,Bierbank,Stout - Russian Imperial,2024-02-13,4.225,50.0,,,,6.8,,4
From the Shadow,13 Litar,Stout - Irish Dry,2024-02-15,4.002,30.0,Vista,"Pilsner,Caramel,Roasted Barley",,6.2,15.5,4
Saĺsa: Habanero Mix,Malanka,Sour - Tomato / Vegetable Gose,2024-02-14,4.341,,,"Pilsner,Wheat","Tomato,Chili,Paprika,Garlic",4.0,12.0,4
Zweihander,Midnight Project,IPA - Imperial / Double,2024-02-02,4.017,70.0,"Citra,Idaho 7,HBC630",,,6.8,,4
T-800,"Punchiller,Bierstaat,Beer.by",Freeze-Distilled Beer,2024-02-08,4.577,,,,,6.8,,4
Black Or White,Beer.by,Stout - Milk / Sweet,2024-02-09,4.463,12.0,,,,5.7,,4
Aecht Schlenkerla Erle – Schwarzbier,Schlenkerla,Rauchbier,2023-07-23,3.85,,,,,4.2,,4
Aecht Schlenkerla Weichsel – Rotbier,Schlenkerla,Rauchbier,2023-06-20,3.822,,,,,4.6,,4
Gimme Seven,Time Bomb Brewery,Sour - Fruited,2023-11-21,3.852,,,,,6.8,,4
Basic Principles,Jungle Brewery,IPA - Imperial / Double,2024-01-29,4.265,90.0,"Warrior,Sabro,Citra,Cascade",,,6.8,18.2,4
The Lord of Bounty,Plan B Brewery,Stout - Imperial / Double Milk,2018-04-23,4.017,24.0,,,"Coconut,Vanilla,Cocoa",6.8,,4
Lowenbrau Premium Pils,Anadolu Efes,Pilsner - German,2022-08-13,2.998,,,,,4.8,,3
Chaliera: Idaho Gem,Malanka,IPA - American,2024-02-02,4.181,80.0,Idaho Gem,Pilsner,,6.5,16.0,4
Neolith,Midnight Project,Wheat Beer - Wheat Wine,2024-02-02,3.98,30.0,,,Maple Syrup,6.8,,4
RRR-Synthesis,Delta Ksi,Red Ale - Other,2024-02-01,3.563,15.0,,,,6.9,15.0,4
Pizza Time,Sabotage,Sour - Fruited Gose,2018-10-07,3.825,10.0,,,,6.0,,4
Tomatoni: Madras Curry,Jungle Brewery,Sour - Tomato / Vegetable Gose,2024-01-29,4.302,10.0,,,,5.0,13.0,4
Lost Future (Irish Cream Edition),Punchiller,Freeze-Distilled Beer,2024-01-31,4.734,,,,,6.8,,4
Replica: Galaxy,Zagovor Brewery,IPA - New England / Hazy,2024-01-26,3.952,35.0,,,,6.0,,4
Darkness,13 Litar,Porter - American,2024-02-01,4.258,25.0,"Chinook,Centennial","Vienna,Caramel,Black",,6.8,19.5,4
Grimbergen Rouge,Brouwerij Alken-Maes,Fruit Beer,2011-07-11,3.143,13.0,,,,6.0,,3
Юзберг Пилснер (Yuzberg Pilsner),Suzdal Brewery,Pilsner - German,2018-03-19,3.105,30.0,,,,4.8,,3
Yuzberg Weiss (Юзберг Вайс),Suzdal Brewery,Wheat Beer - Hefeweizen,2018-03-21,3.441,14.0,,,,5.7,,3
Yusberg Dunkel (Юзберг Дункель),Suzdal Brewery,Lager - Munich Dunkel,2018-03-12,3.196,18.0,,,,5.2,,4
Gose Lightyear,Midnight Project,Sour - Fruited Gose,2023-11-24,4.167,12.0,,,"Raspberry,Lemon",6.0,,4
Diet Pill,Main Rule,IPA - New England / Hazy,2024-01-17,3.864,40.0,,,,6.9,,4
ЛаймаНадо!,Ugar,Sour - Fruited Gose,2024-01-15,4.393,,,,,6.0,,4
Flying Cloud IPA,Pivovary Lobkowicz,IPA - American,2014-08-11,3.358,44.0,,,,5.4,,4
Le Bonheur Existe: Calvados BA,Midnight Project,Belgian Quadrupel,2023-12-30,4.035,37.0,,,,6.8,,4
Независимость,Plague Brew,Sour - Other Gose,2023-02-25,4.05,8.0,,,,4.7,,4
Shroomdalf Allspice & Bay Leaf,Selfmade Brewery,Sour - Other Gose,2023-12-19,4.253,8.0,,,,5.0,,4
Klášter Ležák 11°,Pivovar Klášter,Pilsner - Czech / Bohemian,2012-08-10,3.148,,,,,4.6,,3
What Cubes!?,Ostrovica,IPA - New England / Hazy,2023-06-30,4.022,,,,,6.8,,4
Mjød Вишня,Gurin Craft,Mead - Melomel,2021-06-03,4.02,,,,,6.8,,4
Iron Curtain (Maple Syrup Edition),Punchiller,Freeze-Distilled Beer,2024-01-23,4.692,,,,Maple Syrup,6.8,,4
West Coast Classics,Midnight Project,Pilsner - Other,2024-01-19,3.961,37.0,"Citra,Amarillo",,,5.3,,4
Belgian Tripel,Taler,Belgian Tripel,2017-11-09,2.871,27.0,,,,6.8,18.0,4
Chielito Lindo,Rewort Brewery,Sour - Other Gose,2023-10-25,3.801,15.0,,,,6.5,,4
Good Mood,Bierstaat,IPA - American,2023-12-25,3.897,40.0,"Idaho 7,Talus",,,6.6,,4
Ethereal,Rewort Brewery,Pale Ale - New England / Hazy,2023-10-25,3.881,30.0,,,,5.0,,4
Akimisto,Snowcap Brewing,Sour - Other,2023-07-24,3.721,10.0,,,,6.0,,4
Asahi Super Dry,Asahi Breweries,Lager - Japanese Rice,2010-11-08,3.13,20.0,,,,5.2,,3
Tomattoro: Mango&Ginger,Mad Frog Brewery,Sour - Other Gose,2023-02-10,4.204,,,,"Tomato,Mango,Ginger",4.8,,4
Gypsy Queen,Frogking Awesome Meadery,Mead - Other,2024-01-12,4.321,,,,,6.8,,4
Туган Як,Plague Brew,Sour - Other Gose,2023-11-17,3.863,6.0,,,,4.5,,4
Frozen Throne,Midnight Project,IPA - Cold,2024-01-19,4.005,60.0,"Cascade,Citra,Simcoe",,,6.8,,4
№262,Mad Frog Brewery,IPA - American,2024-01-12,3.94,65.0,"Cascade,El Dorado,Galaxy",,,6.6,,4
Grosser Arber,Plague Brew,Historical Beer - Dampfbier,2023-11-15,3.975,35.0,,,,6.8,,4
Isnight,Plague Brew,Bock - Weizenbock,2023-11-23,3.861,15.0,,,,6.8,,4
Уголь,Booze Pharmacy,Stout - Russian Imperial,2018-10-13,,100.0,,,,6.8,,4
Dry Nitro Stout,Red Rocket Brewery,Stout - Irish Dry,2022-04-29,3.703,,,,,4.2,,4
Tajfun: Enigma & Simcoe Cryo,Malanka,IPA - Imperial / Double New England / Hazy,2023-12-29,4.384,40.0,"Enigma,Simcoe","Pilsner,Wheat,Flaked Oats,Flaked Wheat",,6.8,19.3,4
Old Times,"Jungle Brewery,Malanka",Stout - Imperial / Double,2024-01-15,4.186,40.0,,,,6.8,26.8,4
Chvalia: Hrejpfrut,Malanka,Sour - Fruited,2024-01-17,4.16,,,Pilsner,Grapefruit,6.3,17.0,4
Mitrenha: Citra & Idaho 7,Malanka,IPA - Imperial / Double,2024-01-10,4.377,100.0,"Citra,Idaho 7",Pilsner,,6.8,18.4,4
Imža: Klubničny Machita,Malanka,Sour - Fruited Berliner Weisse,2023-12-06,4.091,,,"Pilsner,Wheat,Flaked Oats,Flaked Wheat","Strawberry,Lime,Mint",3.7,10.0,4
Rager: Vista,Valaduta,IPA - Imperial / Double,2024-01-04,4.266,70.0,Vista,,,6.8,,4
Abšar: Ahhhroma,Malanka,IPA - White / Wheat,2024-01-12,4.271,40.0,Ahhhroma,"Pilsner,Wheat,Flaked Wheat",,6.8,19.0,4
Capuccino Serenade,Rewort Brewery,Stout - Coffee,2023-11-22,3.849,10.0,,,,6.5,,4
After Christmas Carols,Midnight Project,Winter Warmer,2024-01-12,3.996,25.0,,,,6.8,,4
Рассол дико зол,4BREWERS,Sour - Other Gose,2023-09-11,3.994,,,,,4.5,,4
Dark Rider,"Velka Morava,Midnight Project",Stout - Imperial / Double,2023-12-05,4.157,,,,,6.8,,4
Nightzone,13 Litar,Porter - Imperial / Double,2024-01-11,4.161,26.0,"Premiant,Centennial,Chinook","Vienna,Caramel,Black",,6.8,22.0,4
Inside View,Jungle Brewery,IPA - Imperial / Double New England / Hazy,2023-12-14,4.299,30.0,"Cashmere,Mosaic",,,6.8,17.5,4
Trasca: Simcoe & Sabro,Malanka,IPA - Triple,2024-01-10,4.387,120.0,"Simcoe,Sabro",Pilsner,,6.8,21.0,4
Poklič: Abliapicha,Malanka,Farmhouse Ale - Saison,2024-01-05,4.04,40.0,Saaz,Pilsner,Sea buckthorn,6.0,13.0,4
Muddy,D3iwa Brewery,Wheat Beer - Witbier / Blanche,2023-12-22,3.62,15.0,Citra,,,5.4,,4
Saĺsa: White Habanero,Malanka,Sour - Other Gose,2023-12-27,4.313,,,"Pilsner,Wheat,Flaked Wheat","Tomato,Salt,Red Pepper,Garlic",4.0,12.0,4
Black Celebration,Browar Sarabanda,Stout - Foreign / Export,2022-09-27,3.735,,,,,6.8,,4
Buschbrand,Jungle Brewery,Rauchbier,2024-01-08,4.108,25.0,"Magnum,Tettnanger",,,5.3,12.4,4
The Grinder,Sabotage,Stout - Other,2023-11-17,3.954,,,,,6.8,,4
Bring Back,Jungle Brewery,IPA - New England / Hazy,2023-12-29,4.257,35.0,"Sabro,Mosaic,Ahhhroma,Citra,Azacca",,,6.8,16.8,4
Браггот медовый,Мозырьпиво,Mead - Braggot,2023-06-26,3.419,,,,,5.0,,3
The Base,Mad Frog Brewery,Mead - Other,2023-02-23,4.447,,,,,6.8,,4
Nirvana,Ugar,IPA - New England / Hazy,2023-12-19,3.977,30.0,"Citra,Galaxy,Mosaic",,,6.0,,4
High Voltage,"Brouwerij Kees,Sofia Electric Brewing",Stout - Other,2023-05-24,4.065,45.0,,,,6.8,,4
Bretta Maniac,Stamm Brewing,Barleywine - Other,2023-06-26,4.329,,,,,6.8,,4
Есенин. Том 3 \ Esenin. Volume 3,Brewlok,Stout - Russian Imperial,2023-11-03,4.282,,,,,6.8,,4
Decontrol: Chocolate Caramel Peanut,Zagovor Brewery,Porter - Imperial / Double,2023-11-10,4.129,,,,,6.8,,4
Rager: HBC-630,Valaduta,IPA - Imperial / Double,2023-12-25,4.279,70.0,HBC630,,,6.8,,4
Silent Force,Jungle Brewery,IPA - Imperial / Double,2023-12-25,4.378,90.0,"Warrior,HBC630,Mosaic,Citra,Sabro",,,6.8,21.0,4
Bloody Aronia,Zavod,Chilli / Chile Beer,2023-05-29,4.115,5.0,,,,4.6,,4
Titanfall,Sabotage,Stout - Coffee,2023-04-29,3.869,,,,,6.8,,4
Worcestershire Sauce,Boggart Hole Clough Brewery,Stout - Other,2015-12-30,,,,,,4.2,,4
Hello,Robim Good Brewery,Lager - Helles,2021-04-07,3.425,13.0,,,,4.6,11.5,3
Pavietra: El Dorado,Malanka,Pale Ale - New England / Hazy,2023-02-08,4.053,40.0,El Dorado,"Pilsner,Flaked Oats,Flaked Wheat,Wheat",,5.5,13.0,4
Regenesis,Jungle Brewery,IPA - New England / Hazy,2023-12-21,4.325,35.0,"Ahhhroma,Sabro",,,6.8,16.3,4
Dark Rider: Naga Edition,"Velka Morava,Midnight Project",Stout - Imperial / Double,2023-11-30,4.064,,,,,6.8,30.0,4
Marquis Warren,Hops Brewery,IPA - Black / Cascadian Dark Ale,2023-12-21,4.224,100.0,,,,6.8,,4
Snow Cap,Midnight Project,IPA - Imperial / Double New England / Hazy,2023-12-22,4.211,30.0,"Rakau,Mosaic",,,6.8,,4
Smorgol,Пан Качын,Mead - Melomel,2023-12-21,4.138,,,,"Black Currant,Blueberry",5.8,,4
Attack of the Killer Tomatoes,Ugar,Sour - Other Gose,2023-11-03,4.256,,,,,6.0,,4
Monastère Double,United Dutch Breweries,Belgian Dubbel,2018-06-30,3.338,,,,,6.4,,3
ПАНЧО,КУЛИNAR,Sour - Smoothie / Pastry,2023-01-24,4.28,,,,,6.0,,4
Bertha (Batch#1),Red Button Brewery,Stout - Imperial / Double,2023-10-05,4.113,,,,,6.8,,4
Hats And Guns,Main Rule,IPA - Imperial / Double,2023-11-24,3.918,50.0,,,,6.8,,4
Baby Jesus,Brouwerij ’t Verzet,Porter - Imperial / Double Coffee,2019-10-12,3.458,40.0,,,,6.8,,4
Abšar: Eclipse & Sabro,Malanka,IPA - White / Wheat,2023-11-24,4.246,40.0,"Eclipse,Sabro","Pilsner,Wheat,Flaked Wheat",,6.8,19.0,4
Hooligan Collab,Midnight Project,IPA - American,2023-12-01,3.983,50.0,"Galaxy,Mosaic",,,6.5,,4
Boost: Galaxy & Cascade,Jungle Brewery,Pale Ale - New England / Hazy,2023-11-20,4.248,35.0,"Galaxy,Cascade",,,6.0,14.0,4
Mlosć: Vista,Malanka,Pale Ale - American,2023-12-08,4.014,60.0,Vista,Pilsner,,5.6,13.0,4
JuicyK,D3iwa Brewery,IPA - New England / Hazy,2023-11-25,3.855,40.0,"Zappa,Galaxy",,,5.4,,4
Lowrider,Midnight Project,Brown Ale - Imperial / Double,2023-12-08,4.264,20.0,,,,6.8,,4
Tomatoni: Salami Chips,Jungle Brewery,Sour - Other Gose,2023-12-14,4.107,10.0,,,,5.0,13.0,4
Imhla: Ahhhroma,Malanka,IPA - New England / Hazy,2023-12-13,4.241,30.0,Ahhhroma,"Pilsner,Wheat,Flaked Oats,Flaked Wheat",,6.5,17.0,4
Zona Adčužennia,Punchiller,Stout - Russian Imperial,2023-11-24,4.512,30.0,,,,6.8,29.0,4
Hungry For Apples? *demi Sec Version,Mad Frog Brewery,Mead - Cyser,2023-11-03,4.29,,,,,6.8,,4
Simple Raspberry Life,Mad Frog Brewery,Mead - Traditional,2023-01-29,4.398,,,,,6.8,,4
Tomattoro: Smoked Piri-Piri,Mad Frog Brewery,Sour - Other Gose,2023-10-11,4.49,,,,,5.2,,4
Good Times Coming,Mad Frog Brewery,IPA - Milkshake,2018-04-21,3.906,35.0,,,,6.4,13.0,4
Cool Koran,Mad Frog Brewery,Mead - Melomel,2021-11-19,4.379,,,,"Grapefruit,Cherry",6.8,,4
Lycanthropy,Frogking Awesome Meadery,Mead - Other,2023-12-16,4.373,,,,,6.8,,5
Wild Frog,Mad Frog Brewery,Wild Ale - Other,2023-12-16,4.281,,,,,6.8,,4
Need For Travel,Mad Frog Brewery,IPA - American,2023-11-24,3.861,,"El Dorado,Galaxy,Cascade,Cashmere",,,6.5,,4
Прелести Котямбы,Frogking Awesome Meadery,Mead - Melomel,2023-12-16,4.386,,,,,6.8,,4
Just Like Heaven,Frogking Awesome Meadery,Mead - Melomel,2023-12-16,4.405,,,,,6.8,,4
Pineapple Express,Frogking Awesome Meadery,Mead - Melomel,2023-12-16,4.352,,,,,6.8,,4
Dope Lemon,Frogking Awesome Meadery,Mead - Other,2023-12-16,4.553,,,,,6.8,,4
Old Ale,Malanka,Old / Stock Ale,2023-12-15,3.916,40.0,"Saaz,Magnum","Pale Ale,Special B,Caraaroma,Crystal,Caramel,Biscuit,Chocolate",,6.3,14.5,4
Vietraź: Apieĺsin i laŭr,Malanka,Wheat Beer - Witbier / Blanche,2023-11-29,4.031,20.0,Vista,"Pilsner,Wheat,Flaked Wheat","Orange Peel,Bay Leaf",5.5,14.0,4
Baltic Porter,Bierstadt Lagerhaus,Porter - Baltic,2016-11-19,,,,,,6.8,,4
Стаут,Chester Brewery,Stout - Milk / Sweet,2020-11-24,3.244,23.0,,,,5.5,,4
Mild Ale,Kvadrat,Mild - Other,2023-11-01,2.895,,,,,4.5,,4
Polotmavě,13 Litar,Lager - Amber / Red,2023-11-09,3.647,20.0,"Premiant,Saaz","Vienna,Pilsner,Caramel",,5.6,13.0,4
Grand Place,Лямус,Belgian Strong Dark Ale,2017-11-21,3.868,,,,,6.8,18.0,4
Венское,Beaver,Lager - Vienna,2023-12-25,2.654,30.0,,,,4.4,,4
Лямус Блонд эль,Лямус,Blonde Ale,2020-12-08,3.659,,,,,5.7,15.0,4
Marbin,Plague Brew,Stout - Russian Imperial,2023-07-05,3.577,60.0,,,,6.8,,4
Dreamcatcher,Bierstaat,Stout - Other,2023-11-20,4.091,,,,,6.6,,4
Imagination,13 Litar,Red Ale - American Amber / Red,2023-11-30,3.473,35.0,"Columbus,Centennial,Idaho 7","Pilsner,Vienna,Caramel",,6.5,16.0,4
Ambient Illusion,Jungle Brewery,IPA - American,2023-12-04,4.049,60.0,"Pahto,Chinook,Galaxy",,,6.4,14.0,4
Santa Cruz,Sozhski Beer,IPA - American,2023-11-03,3.872,36.0,"Citra,Idaho 7",,,6.0,,4
Moort,Plague Brew,Belgian Strong Golden Ale,2021-12-20,3.949,30.0,,,,6.8,,4
Doodles Hardcore Republic Ed.,Strait_Jacket_brewery,Mead - Melomel,2023-10-31,4.463,,,,,6.8,,4
Сказки на Ночь,Strait_Jacket_brewery,Stout - Imperial / Double Pastry,2022-01-23,3.844,30.0,,,,6.8,,4
Legacy,Velka Morava,Barleywine - English,2023-10-31,4.002,,,,,6.8,,4
Honganual,Snowcap Brewing,Barleywine - Other,2023-11-10,4.097,40.0,,,,6.8,,4
24/7,HAS Brew,Dark Ale,2023-11-06,3.562,15.0,,,,5.7,,4
Overcast,13 Litar,IPA - White / Wheat,2023-11-22,3.709,50.0,Columbus,"Wheat,Pilsner",,6.3,15.5,4
Apple Soot,Valaduta,Smoked Beer,2023-11-20,4.152,25.0,,,,5.7,,4
White Day,Punchiller,Wheat Beer - Witbier / Blanche,2023-11-24,4.306,8.0,,,,5.8,13.0,4
Peppery Christmas,Dr. Piwo,Stout - Other,2023-11-28,3.695,40.0,,,"Red Pepper,Cinnamon,Anise",6.5,,4
Maniac,"Coma Brewery,Valaduta",Sour - Smoothie / Pastry,2022-03-15,4.133,,,,"Blackberry,Banana,Strawberry",5.5,,4
Vivid Vibe: Raspberry,Plague Brew,Sour - Fruited Berliner Weisse,2023-03-22,4.034,5.0,,,,5.3,,4
Ježek 11 Jedenáctka,Pivovar Jihlava,Pilsner - Czech / Bohemian,2013-05-17,3.162,32.0,,,,4.8,,4
Nosferatu,Selfmade Brewery,Porter - Baltic,2023-10-23,3.985,35.0,,,,6.8,,4
ALONE IN A ROOM,Coven Brewery,Sour - Smoothie / Pastry,2023-02-26,4.238,,,,,6.0,,4
Независимость Чеснок,Plague Brew,Sour - Other Gose,2023-11-11,4.214,8.0,,,,4.7,,4
Зависимость [Халапеньо],4BREWERS,Sour - Other Gose,2023-10-30,4.286,,,,,4.5,,4
Rise the Dark,"Bierbank,Spin Bar",Stout - Imperial / Double,2023-11-24,4.179,19.0,,,,6.8,,4
Zavieja: Enigma & Sabro,Malanka,IPA - Imperial / Double New England / Hazy,2023-11-17,4.407,40.0,"Enigma,Sabro","Pilsner,Wheat,Flaked Oats,Flaked Wheat",,6.8,18.8,4
Bliskavica: Mosaic & Simcoe Cryo,Malanka,IPA - New England / Hazy,2023-12-01,4.267,40.0,"Mosaic,Simcoe","Pilsner,Wheat,Flaked Oats,Flaked Wheat",,6.8,17.5,4
Stout,1516 Pub & Brewery,Stout - Other,2013-07-18,3.721,30.0,,,,5.6,,4
PapaCraft Minecraft,Midnight Project,Stout - Imperial / Double,2023-12-02,4.617,60.0,,,,6.8,,4
11 Ležák,Primátor,Pilsner - Czech / Bohemian,2011-05-26,3.186,31.0,,,,4.7,,4
Marzipan Duckffiti,Magic Mess,Stout - Other,2023-08-31,3.685,,,,,5.0,,4
Mitrenha: Mosaic & Simcoe Cryo,Malanka,IPA - Imperial / Double,2023-11-22,4.266,100.0,"Mosaic,Simcoe",Pilsner,,6.8,18.4,4
Аджика Многолика,4BREWERS,Sour - Other Gose,2023-11-07,4.159,,,,,5.0,,4
Rocket Jump,Selfmade Brewery,IPA - American,2017-11-20,3.851,49.0,"Citra,Lemondrop,Warrior,Cascade",,,6.3,,4
Piarevaracień: Smurodziny,Malanka,Stout - Imperial / Double Oatmeal,2023-11-08,4.33,33.0,,"Black,Chocolate,Pale Ale,Biscuit,Special B,Flaked Oats","Black Currant,Hierochloe",6.8,23.0,4
Naturtrübes Radler Alkoholfrei,Feldschlößchen Dresden,Non-Alcoholic Beer - Shandy / Radler,2016-04-16,3.115,,,,,0.2,,4
Apostel Weissbier Hell Alkoholfrei,Privatbrauerei Eichbaum,Non-Alcoholic Beer - Wheat Beer,2019-03-11,2.477,,,,,0.5,,2
Free Damm,Grupo Damm,Non-Alcoholic Beer - Lager,2012-01-17,2.602,17.0,,,,,,3
Clausthaler Dry Hopped,Radeberger,Non-Alcoholic Beer - Other,2017-05-10,3.041,,,,,0.5,,3
Novichok,Punchiller,IPA - American,2021-01-21,4.191,40.0,Simcoe,,Mango,6.5,,4
Logger,Rewort Brewery,IPA - Imperial / Double,2022-12-01,3.936,50.0,,,,6.8,20.0,4
Лук видит твой испуг,4BREWERS,Sour - Other Gose,2023-05-15,4.071,,,,,5.0,,4
Dog Friendly,Midnight Project,Sour - Fruited,2023-11-11,4.022,10.0,,,Blackberry,6.0,,4
Lichamanka: Sultana,Malanka,IPA - Imperial / Double,2023-11-15,4.168,90.0,Sultana,Pilsner,,6.8,18.4,4
Nightlife,13 Litar,Porter - Imperial / Double,2023-11-15,4.19,25.0,"Premiant,Golding","Pilsner,Vienna,Special B,Black",,6.8,21.0,4
Boost: Vista & Mosaic,Jungle Brewery,Pale Ale - New England / Hazy,2023-10-27,4.276,35.0,"Vista,Mosaic",,,6.0,14.0,4
Tomato Kimchi Monster From the Planet ZOG,Plague Brew,Sour - Other Gose,2023-07-21,3.97,8.0,,,,4.7,,4
Ковбой Мальборо,Plan B Brewery,IPA - American,2014-05-08,3.93,50.0,,,,6.5,,4
American Horror,Midnight Project,IPA - American,2023-11-11,4.017,50.0,"El Dorado,Cashmere,Galaxy",,,6.7,,4
Delirium Argentum,Brouwerij Huyghe,IPA - Belgian,2014-09-04,3.597,48.0,,,,6.8,,4
La Tomatina MAXIMA,Rewort Brewery,Spiced / Herbed Beer,2021-06-26,4.063,,,,,6.5,,4
Centennial Basemans,Time Bomb Brewery,IPA - American,2023-07-17,4.062,40.0,,,,6.0,,4
Дыхание Одина,Традиции предков,Mead - Metheglin,2018-12-12,3.712,,,,,4.7,,4
Chris Mannix,Hops Brewery,IPA - Red,2023-11-06,4.038,100.0,,,,6.8,,4
Grape Babe,Rewort Brewery,IPA - Imperial / Double New England / Hazy,2019-12-04,3.823,48.0,"Idaho 7,Simcoe",,Grape,6.8,,4
Banshee,"Boxing Wizard Brewery,Punchiller",Porter - Imperial / Double,2023-11-01,4.189,,,,,6.8,,4
Blanche de Namur Radler Lime,Brasserie du Bocq,Shandy / Radler,2022-03-27,3.282,,,,,3.4,,4
Světlý ležák 12,Bernard,Pilsner - Czech / Bohemian,,3.259,34.0,,,,4.9,,3
Грибочек,Selfmade Brewery,Sour - Other Gose,2023-08-07,4.114,10.0,,,,5.2,,4
BlastWork,GAS Brew,Barleywine - Other,2023-08-23,3.96,,,,,6.8,,4
Grottesco,Jaws,Stout - Imperial / Double Pastry,2023-10-04,4.094,,,,,6.8,,4
Tomato Factory: Sriracha,Valaduta,Sour - Other Gose,2023-11-06,4.438,10.0,,,,5.0,,4
Tosspot,Dudar Brewery,IPA - New England / Hazy,2023-10-27,4.023,30.0,"Pacifica,Citra",,,6.0,13.5,4
Gilde Kellerbier,Gilde Brauerei,Kellerbier / Zwickelbier,2019-08-15,3.195,,,,,4.8,,3
Cream Stout,Mad Brew,Stout - Milk / Sweet,2021-09-03,3.758,30.0,,,,6.8,,4
Cat Friendly,Midnight Project,Sour - Fruited,2023-10-27,4.071,10.0,,,"Pomegranate,Almonds",6.0,,4
Feines Urhell,Brauhaus Riegele,Lager - Helles,,3.493,,,,,4.7,12.6,3
Blanc Select,Kalnapilio-Tauro,Wheat Beer - Other,2020-08-29,3.31,,,,,4.7,,4
Muson: Fiejchoa,Malanka,Sour - Fruited,2023-11-01,4.105,,,"Pilsner,Flaked Wheat,Wheat",Feijoa,5.0,12.0,4
Strawberry Hopzilla,Hops Brewery,IPA - Milkshake,2023-10-30,4.199,25.0,,,Strawberry,6.0,,4
Potato Day,4BREWERS,Sour - Other Gose,2022-06-23,3.776,,,,,4.5,,4
Vivid Vibe: Blood Orange,Plague Brew,Sour - Fruited Berliner Weisse,2022-04-04,4.162,6.0,,,,5.3,,4
Chaliera: HBC 630,Malanka,IPA - American,2023-10-25,4.274,80.0,HBC630,Pilsner,,6.8,16.0,4
Mango Crash,Jungle Brewery,Sour - Smoothie / Pastry,2023-10-16,4.268,10.0,,,"Mango,Lactose",5.0,14.0,4
Purple,Bierstaat,IPA - American,2023-10-23,3.879,40.0,"Citra,Sabro",,,6.5,,4
Pavietra: Vista,Malanka,Pale Ale - New England / Hazy,2023-10-27,4.099,30.0,Vista,"Pilsner,Wheat,Flaked Oats,Flaked Wheat",,5.0,15.0,4
Pavaloka: Galaxy,Malanka,IPA - Triple New England / Hazy,2020-09-05,4.415,,Galaxy,"Pilsner,Flaked Oats",,6.8,21.0,4
Glyph,Red Button Brewery,Porter - Imperial / Double Baltic,2023-09-19,3.754,,,,,6.8,,4
Атомная Прачечная XX,Jaws,IPA - Imperial / Double,2023-06-10,4.078,,,,,6.8,,4
Молоко убежало,Konix Brewery,Stout - Milk / Sweet,2023-04-20,3.621,10.0,,,,5.0,,4
Escapism Cherry & Vanilla,Black Cat Brewery,Stout - Pastry,2023-08-23,3.773,15.0,,,,6.5,,4
Шоколадный Трюфель,White Stone Brewery,Stout - Milk / Sweet,2023-08-23,3.872,11.0,,,,6.0,,4
American IPA,Asda,IPA - American,2018-09-01,3.289,,,,,5.2,,4
Smoked Forester,Plague Brew,Sour - Other Gose,2022-09-15,3.981,7.0,,,,5.2,,4
Tomato Punch,Hops Brewery,Sour - Other Gose,2023-10-25,3.908,10.0,,,,6.0,,4
Outline,Bierstaat,Pale Ale - Belgian,2023-09-18,3.764,35.0,Hallertau Blanc,,,6.5,,4
Kapittel Pater,Leroy Breweries,Brown Ale - Belgian,2010-08-21,3.106,20.0,,,,6.0,,4
Your Quadruple Sour Raspberry Juice,Midnight Project,Sour - Fruited,2023-08-18,4.191,15.0,,,,6.8,,4
Get Hight,Valaduta,IPA - American,2023-09-18,4.168,40.0,"Simcoe,Medusa",,,6.0,,4
Holy DIPA,Ostrovica,IPA - Imperial / Double,2017-02-21,3.905,100.0,"Simcoe,Citra,Cascade,Centennial",,,6.8,,4
Neon Sun,Carousel Brewery,IPA - New England / Hazy,2023-09-04,3.985,20.0,"Mosaic,Citra",,,6.3,,4
Cookie Monster,Plan B Brewery,Brown Ale - Other,2017-09-14,3.728,30.0,,,,5.8,16.0,4
Mount Elimbari,Plan B Brewery,Brown Ale - Imperial / Double,2018-09-20,3.871,,,,,6.8,,4
Зависимость [Зелёные Оливки],4BREWERS,Sour - Other Gose,2023-09-26,4.081,,,,,4.5,,4
Anybody Seen My Beer?,Carousel Brewery,Stout - Milk / Sweet,2023-10-12,4.133,30.0,,,,6.5,,4
Abšar: El Dorado,Malanka,IPA - White / Wheat,2023-10-11,4.294,40.0,El Dorado,"Pilsner,Wheat,Flaked Wheat",,6.8,18.4,4
In the End,Coven Brewery,IPA - Imperial / Double New England / Hazy,2020-02-21,3.851,45.0,"Mosaic,Citra,Ekuanot",,,6.8,,4
Old Peculier,Theakston,Old / Stock Ale,2010-08-21,3.603,23.0,,,,5.6,,4
Barista Stout,Theakston,Stout - Coffee,2014-12-25,3.856,,,,,4.2,,4
Theakston Pale Ale,Theakston,Pale Ale - English,2016-03-11,3.279,,,,,4.5,,4
Best Bitter,Malanka,Bitter - Best,2023-06-16,3.744,30.0,"Fuggle,East Kent Golding","Pale Ale,Biscuit,Cara Clair,Cara Ruby",,4.1,11.0,4
John Ruth,Hops Brewery,IPA - Triple,2023-10-09,4.216,100.0,,,,6.8,,4
Calypso,13 Litar,IPA - Belgian,2023-10-11,3.772,40.0,Calypso,"Pilsner,Wheat",,6.5,12.6,4
Tajfun: Sultana & Sabro Cryo,Malanka,IPA - Imperial / Double New England / Hazy,2023-10-20,4.354,40.0,"Sultana,Sabro","Pilsner,Wheat,Flaked Oats,Flaked Wheat",,6.8,19.3,4
Rainy Days,Midnight Project,IPA - Imperial / Double New England / Hazy,2023-10-20,4.184,30.0,"Ahhhroma,Idaho 7,Mosaic",,,6.8,,4
Paint It Black,Bierstaat,Stout - Milk / Sweet,2023-05-29,4.121,,,,Cocoa,6.6,,4
Hop Headshot: Ekuanot,Midnight Project,IPA - Triple,2023-10-13,4.16,111.0,Ekuanot,,,6.8,,4
Аплесун,Khoffner,IPA - Sour,2023-04-18,3.774,14.0,,,,5.9,,4
Mlosć: Talus,Malanka,Pale Ale - American,2023-10-04,4.278,70.0,Talus,Pilsner,,5.6,13.0,4
Premium Lager,Alpaca Wellbeing,Lager - Pale,2021-05-19,3.277,,,,,5.0,,4
Plum Porter,St. Peter’s Brewery,Porter - English,2016-11-29,3.546,,,,,5.0,,4
Yellow Sun,Bierbank,IPA - American,2023-10-04,3.916,45.0,"Citra,Simcoe",,,6.7,,4
Vista One Love,Jungle Brewery,IPA - Session,2023-09-28,4.264,35.0,Vista,,,5.0,12.9,4
What Is Nelson Sauvin?..,13 Litar,IPA - Imperial / Double,2023-09-28,4.057,65.0,Nelson Sauvin,Pilsner,,6.8,18.5,4
Dwarfish Brew,Dr. Piwo,Spiced / Herbed Beer,2023-10-09,4.097,15.0,,,"Thyme,Calluna",6.8,,4
Utsukushiki Hitobito No Uta,Coven Brewery,Sour - Fruited Gose,2021-04-22,4.01,,,,,6.9,,4
Every Dog Has Its Day,Zagovor Brewery,IPA - Imperial / Double New England / Hazy,2023-10-04,4.184,40.0,,,,6.8,,4
Pilsner: Nord,Malanka,Pilsner - German,2023-10-11,3.988,50.0,"Magnum,Saaz",Pilsner,,4.5,11.2,4
Island Cream,Jungle Brewery,Stout - Imperial / Double,2023-10-09,4.209,25.0,,,,6.8,23.8,4
ЗоLa,Hops Brewery,Lager - Dark,2023-10-11,3.609,10.0,,,,4.8,,4
Quadrolina,Jaws,Barleywine - Other,2023-07-15,3.971,35.0,,,,6.8,,4
Ultimate Juicenator,Plan B Brewery,IPA - Imperial / Double New England / Hazy,2020-12-15,4.077,40.0,"Simcoe,Sabro,Citra,El Dorado",,,6.8,,4
Dark Lotus,13 Litar,Stout - American,2023-10-03,3.984,50.0,Lotus,"Pilsner,Vienna,Roasted Barley",,6.3,15.5,4
Ciemra: Simcoe & Sorachi Ace,Malanka,IPA - Imperial / Double Black,2023-10-09,4.261,100.0,"Simcoe,Sorachi Ace","Pilsner,Black",,6.8,18.4,4
Chvalia: Cherry Cola,Malanka,Sour - Fruited,2023-08-30,4.065,,,"Pilsner,Flaked Wheat,Flaked Oats","Cherry,Cola",6.5,18.0,4
Tomatoni: Bratwurst,Jungle Brewery,Sour - Other Gose,2023-09-04,4.182,10.0,,,,5.0,13.0,4
Bend the Elbow,Dudar Brewery,IPA - New England / Hazy,2023-09-28,4.1,,"Mosaic,Rakau",,,6.0,14.0,4
Stewart,Velka Morava,Scottish Ale,2023-09-22,3.803,,,,,5.1,,4
CHILLOUT,Red Cat,IPA - Session,2023-08-26,3.825,40.0,,,,5.2,,4
Compliment: Black Currant,Mad Frog Brewery,Mead - Melomel,2023-09-29,4.464,,,,Black Currant,6.8,,4
Alhena Coconut,Velka Morava,Stout - Imperial / Double,2023-09-29,4.002,,,,,6.8,,4
Bière Blanche,Brasserie Champigneulles,Wheat Beer - Witbier / Blanche,2018-08-26,3.141,,,,,4.9,,4
Shifter,Selfmade Brewery,IPA - Black / Cascadian Dark Ale,2023-08-07,3.969,60.0,,,,6.2,,4
Satan Infernalis,Plan B Brewery,Stout - Russian Imperial,2015-04-10,4.169,55.0,,,,6.8,,4
Gotland Light,Velka Morava,Porter - Other,2023-06-13,3.692,,,,,5.5,,4
Neuromaniac,Selfmade Brewery,IPA - New England / Hazy,2023-03-03,3.882,45.0,,,,6.3,,4
Frost Nova,Midnight Project,IPA - Cold,2023-09-01,3.986,55.0,,,,6.9,,4
Bliskavica: Idaho 7 & Simcoe,Malanka,IPA - New England / Hazy,2023-09-27,4.286,40.0,"Idaho 7,Simcoe","Pilsner,Wheat,Flaked Oats,Flaked Wheat",,6.8,18.0,4
King Goblin,Wychwood Brewery,Strong Ale - English,2010-12-18,3.555,,,,,6.6,,4
Non-alco Milk Stout,Origamibrew,Non-Alcoholic Beer - Porter / Stout,2022-12-14,3.178,10.0,,,,0.5,,3
Cocoroon (Lobotomy 23),"Red Button Brewery,Time Bomb Brewery",Stout - Imperial / Double Pastry,2023-06-27,4.232,,,,,6.8,,4
What Is Strata?..,13 Litar,IPA - Imperial / Double,2023-08-22,4.118,60.0,Strata,Pilsner,,6.8,18.5,4
Boost: Sabro & HBC 630,Jungle Brewery,Pale Ale - New England / Hazy,2023-09-18,4.271,35.0,"Sabro,HBC630",,,5.8,13.8,4
Mitrenha: Galaxy & Vic Secret,Malanka,IPA - Imperial / Double,2023-09-22,4.318,100.0,"Galaxy,Vic Secret",Pilsner,,6.8,18.0,4
Aquilon,13 Litar,Porter - Baltic,2023-09-14,4.249,20.0,"Premiant,Golding","Pilsner,Vienna,Caramel,Black",,6.8,21.5,4
Sargas,Velka Morava,Stout - Imperial / Double,2023-01-24,3.985,,,,,6.8,,4
Multiple Phantasm,"AF Brew,Midnight Project",IPA - Imperial / Double New England / Hazy,2023-08-26,3.943,40.0,,,,6.8,,4
Imhla: Talus,Malanka,IPA - New England / Hazy,2021-02-18,4.187,,Talus,"Pilsner,Flaked Oats",,6.5,17.0,4
Dark Horizon,13 Litar,Porter - Imperial / Double,2023-08-17,4.227,30.0,El Dorado,"Pilsner,Vienna,Roasted Barley,Caramel",,6.8,19.5,4
BFG,Selfmade Brewery,IPA - Imperial / Double,2017-02-14,3.884,75.0,,,,6.8,,4
Soul Fire,Jungle Brewery,IPA - American,2023-07-31,4.174,50.0,"Warrior,Chinook,Simcoe",,,5.4,12.9,4
Summerend,Bierstaat,IPA - Imperial / Double,2023-08-29,4.023,55.0,"Talus,Lemondrop",,,6.9,,4
Sweet Cherry Almond Caramel On Oak Chip,Fёrn Cider,Cider - Other Fruit,2020-05-15,3.673,,,,,6.0,,4
Ambiance,13 Litar,Brown Ale - American,2023-08-31,3.682,35.0,,,,6.8,,4
Anger,DivCHata Brewery,Porter - Baltic,2021-01-21,3.739,24.0,,,,6.8,,4
Ballantine,Московская пивоваренная компания,Stout - Other,2018-10-18,3.071,,,,,4.1,,3
Lichamanka: Ahhhroma,Malanka,IPA - Imperial / Double,2023-08-25,4.253,100.0,Ahhhroma,Pilsner,,6.8,19.0,4
Meteor Blanche,Brasserie Meteor,Wheat Beer - Witbier / Blanche,2011-07-02,3.191,11.0,,,,5.0,,4
Smuha: Enigma,Malanka,IPA - Imperial / Double New England / Hazy,2020-01-22,4.296,30.0,Enigma,"Pilsner,Flaked Oats,Flaked Wheat,Flaked Rye",,6.8,,4
Another,Bierstaat,Blonde Ale,2023-08-29,3.615,,,,,6.5,,4
Sinisterism,Jungle Brewery,IPA - Imperial / Double,2023-08-21,4.292,90.0,"Chinook,Centennial,Citra,Mosaic",,,6.8,19.5,4
Milk River,13 Litar,Stout - Milk / Sweet,2019-10-05,3.907,20.0,,,,6.7,,4
Black Albert,De Struise Brouwers,Stout - Russian Imperial,2010-08-21,4.178,100.0,,,,6.8,,4
Хадыженское,Хадыженский Пивзавод,Lager - Pale,2014-05-02,3.132,,,,,4.0,,4
Lobkowicz Premium ležák,Pivovary Lobkowicz,Pilsner - Czech / Bohemian,2012-08-15,3.187,,,,,4.7,,4
Sweet Fat Kiss,Mad Frog Brewery,IPA - Triple,2021-07-31,4.165,66.0,,,,6.8,,4
Acid Spray,Hops Brewery,IPA - Sour,2023-07-07,3.843,50.0,Citra,,,6.6,,4
Abšar: Vista,Malanka,IPA - White / Wheat,2023-08-31,4.194,40.0,Vista,"Pilsner,Flaked Wheat,Wheat",,6.8,18.7,4
India Pale Ale,Alaryk,IPA - English,2016-12-17,3.398,65.0,,,,6.0,,4
Ruby Red Ale,St. Peter’s Brewery,Red Ale - American Amber / Red,,3.354,,,,,4.3,,4
Delirium Noël / Christmas,Brouwerij Huyghe,Winter Warmer,,3.762,20.0,,,,6.8,,4
Citra Supremacy,Midnight Project,IPA - Imperial / Double New England / Hazy,2023-08-11,4.055,25.0,Citra,,,6.8,,4
Tetrahymena,XP Brew,Barleywine - English,2017-05-23,3.912,35.0,,,,6.8,,4
The Dark Side of the Peachoholic,Midnight Project,Sour - Other,2018-04-21,4.046,10.0,,,Peach,6.8,,4
Whisky Beer,St. Peter’s Brewery,Smoked Beer,,3.091,,,,,4.8,,4
Хлебный панскі,Артельфуд,Kvass,2023-08-30,3.505,,,,,1.2,,4
Lobkowicz Premium Nealko,Pivovary Lobkowicz,Non-Alcoholic Beer - Lager,2012-01-29,2.595,,,,,0.5,,4
House Beer,Крыніца,Lager - Euro Pale,2021-10-01,2.336,,,,,4.6,11.0,2
"Paulaner Weißbier 0,0%",Paulaner Brauerei,Non-Alcoholic Beer - Other,,2.804,,Herkules,,,0.0,,3
Gingy Strikes Back,Black Cat Brewery,Stout - Pastry,2023-05-29,3.794,15.0,,,,6.0,,4
Хой,Brewlok,Pale Ale - American,2022-12-19,3.574,,,,,5.2,,4
Tomato Soul Spicy Edition,Brewmen,Sour - Traditional Gose,2020-10-14,3.836,5.0,,,"Tomato,Chili",4.5,,4
Хель Владычица,Традиции предков,Mead - Metheglin,2022-11-04,3.754,,,,,4.7,,4
Браггот (ржаной с мёдом),Мозырьпиво,Mead - Braggot,2023-04-07,3.623,,,,,5.0,,4
Grimoire,Bierbank,Stout - Russian Imperial,2022-12-19,4.165,40.0,,,,6.8,,4
Foretaste,Valaduta,Farmhouse Ale - Saison,2023-07-17,4.16,20.0,,,,6.0,,4
Rychtář Grunt 11%,Pivovar Rychtář,Pilsner - Czech / Bohemian,2014-12-06,2.901,30.0,,,,4.6,,4
Шабаны,"Chibis Brewery,Bierstaat",Lager - Helles,2023-07-20,3.664,,,,,4.7,,4
Black Wheat,Magnify Brewing Company,Dark Ale,2015-05-16,3.768,,,,,5.0,,3
Жигулевское / ЖигуLEVское,Česky Lev,Lager - Pale,2016-07-27,2.662,,,,,4.0,,3
Anniversary #08,Brouwerij Kees,Stout - Imperial / Double,2023-01-20,4.061,,,,,6.8,,4
Spotted,Midnight Project,IPA - New England / Hazy,2023-07-21,3.953,25.0,,,,6.3,,4
Baltic Cupping,Midnight Project,Porter - Imperial / Double Baltic,2023-08-04,4.15,55.0,,,,6.8,,4
Pilsner Urquell,Brassin Jacquais,Pilsner - Other,2021-08-29,,,,,,,,4
Hobgoblin Gold,Wychwood Brewery,Blonde / Golden Ale - Other,2014-06-20,3.443,,,,,4.2,,4
ERIS: Triple BA (2023),Midnight Project,Stout - Russian Imperial,2023-07-14,4.33,60.0,,,,6.8,,5
Zolak: Sabro & YQH-1320,Malanka,Farmhouse Ale - Grisette,2023-07-18,3.956,35.0,"Sabro,Elani","Pilsner,Flaked Wheat",,5.3,11.0,4
Creator the Tyler,Midnight Project,IPA - Imperial / Double Black,2023-07-28,4.067,60.0,"Cascade,Mosaic",,,6.8,,4
J.Hardy Lemon Squeezy,Бабруйскі бровар,Shandy / Radler,2021-04-28,3.111,,,,,4.6,,3
Planet TrES-2b: Single Malt Whisky BA (2023),Midnight Project,Stout - Russian Imperial,2023-07-14,4.285,55.0,,,,6.8,,4
Mysterious Island LOBO 2023 Ed,Velka Morava,IPA - New England / Hazy,2023-06-26,4.044,,,,,6.6,,4
APA,BARBARUS Brewery,Pale Ale - American,2020-02-24,3.709,40.0,,,,5.1,,3
RUSSIAN IMPERIAL STOUT SMOKED PEAR,Knightberg,Stout - Russian Imperial,2022-11-01,3.924,,,,,6.8,,4
Boundless,Jungle Brewery,IPA - American,2023-07-06,4.175,55.0,"Warrior,Idaho 7,Idaho Gem",,,5.7,12.9,4
Tiger Strike,"Atmosphere Brewery,Selfmade Brewery",IPA - Imperial / Double,2023-05-23,3.475,80.0,,,,6.8,,4
Доза [Mango + Sea Buckthorn],4BREWERS,Sour - Smoothie / Pastry,2023-04-04,4.071,,,,,6.0,,4
Sriracha Tomato Gose,Bad Balance Brew,Sour - Other Gose,2023-05-03,3.876,,,,,6.5,,4
Hell Man: Adjika,Chibis Brewery,Sour - Traditional Gose,2021-10-06,4.163,,,,,4.5,,4
Shroomdalf,Selfmade Brewery,Sour - Other Gose,2023-06-09,4.209,8.0,,,,5.2,,4
Octopus: McKenzie,Bierstaat,Lager - IPL (India Pale Lager),2023-06-06,3.776,25.0,McKenzie,,,5.5,,4
German Weizen,NoAd.Beer GmbH,Wheat Beer - Hefeweizen,2022-10-27,3.034,,,,,5.2,,3
Special Request,Jungle Brewery,IPA - Imperial / Double,2023-05-15,4.316,100.0,"Topaz,Simcoe,Centennial,Citra,Mosaic",,,6.8,,4
Tomato Method - Veggie Mix,Selfmade Brewery,Sour - Other Gose,2023-04-25,4.037,8.0,,,,4.3,,4
Lilith: Single Malt Whisky BA,Midnight Project,Porter - Imperial / Double Baltic,2023-07-14,4.042,50.0,,,,6.8,,4
La Trappe Isid'or,Bierbrouwerij De Koningshoeven,Belgian Strong Golden Ale,,3.75,27.0,,,,6.8,,4
Distortion,Jaws,Barleywine - American,2018-05-28,3.877,,,,,6.8,,4
Quadroletta,Jaws,Belgian Strong Dark Ale,2021-12-22,4.164,,,,,6.8,,4
IPA,13 Litar,IPA - American,2016-03-24,3.901,50.0,"Premiant,Simcoe,Kazbek,Jarrylo","Pale Ale,Pilsner,Munich,Caraaroma,Carared",,5.1,15.0,3
Fat Bastard,Black Cat Brewery,Stout - Milk / Sweet,2016-08-12,3.727,20.0,,,,6.9,,4
Hoegaarden Grapefruit,Anadolu Efes,Shandy / Radler,2018-10-10,3.177,,,,,4.6,,3
Phantasm IV,"Midnight Project,4BREWERS",IPA - Triple New England / Hazy,2023-07-14,4.167,25.0,,,,6.8,,4
Tauras Pilsneris,Kalnapilio-Tauro,Pilsner - Other,,2.857,,,,,4.6,,3
Hmelka Cerne,Бочкари,Lager - Dark,2022-02-08,3.111,,,,,4.3,,3
Kellerbier,Brauhaus Riegele,Kellerbier / Zwickelbier,2011-06-04,3.537,,,,,5.0,,3
Мотор Плюс Вишня,Московская пивоваренная компания,Fruit Beer,2020-05-27,2.624,14.0,,,,6.9,,2
"Hefe-Weißbier 0,0%",Privatbrauerei Kaiserdom,Non-Alcoholic Beer - Wheat Beer,2016-02-25,2.226,,,,,,,2
Pilsner: Czech Saaz,Malanka,Pilsner - Czech / Bohemian,2023-01-25,4.221,45.0,Saaz,Pilsner,,4.9,12.0,4
Не Кричи На Кимчи,4BREWERS,Sour - Other Gose,2022-12-22,4.247,,,,,5.0,,4
Red Avenger,Black Cat Brewery,Red Ale - Imperial / Double,2016-02-14,3.903,50.0,,,,6.8,,4
Into the Void: Blueberry,Plague Brew,Sour - Other,2023-02-17,3.848,,,,,,,4
Smuha: Triumph,Malanka,IPA - Imperial / Double New England / Hazy,2023-07-04,4.167,30.0,Triumph,"Pilsner,Wheat,Flaked Oats,Flaked Wheat",,6.8,18.0,4
Imhla: McKenzie,Malanka,IPA - New England / Hazy,2023-06-27,4.298,30.0,McKenzie,"Pilsner,Wheat,Flaked Oats,Flaked Wheat",,6.9,17.0,4
Braus (Браус) Янтарный эль,Лакинский пивзавод,Red Ale - Other,2018-06-10,2.581,,,,,5.0,,2
Steiger 10%,Pivovar Steiger,Pilsner - Other,2012-12-06,2.73,,,,,4.1,,2
O’Hara’s Irish Stout Nitro,O’Hara’s Brewery,Stout - Irish Dry,2021-07-05,3.383,36.0,,,,4.3,,4
Imža: Limon i Bierhamot,Malanka,Sour - Fruited Berliner Weisse,2023-06-16,3.921,,,"Pilsner,Wheat,Flaked Wheat","Lemon,Bergamot",3.9,10.0,4
Dark Jazz,Velka Morava,Porter - American,2023-05-24,3.935,,,,,6.0,,4
Krunk,Dudar Brewery,IPA - New England / Hazy,2023-06-22,4.169,,"Mosaic,Citra",,,5.8,14.0,4
Kilikia Jubilee,Kilikia,Lager - Pale,2010-12-25,2.805,,,,,5.1,,3
Kilikia Original,Kilikia,Lager - Euro Pale,2018-12-07,2.907,,,,,4.8,,3
Lichamanka: Topaz,Malanka,IPA - Imperial / Double,2023-06-23,4.183,100.0,Topaz,Pilsner,,6.8,18.0,4
Fusion,Bierstaat,IPA - Imperial / Double,2023-06-19,3.926,50.0,Nectaron,,,6.9,,4
Foggy Morning In Idaho,Bierstaat,IPA - New England / Hazy,2023-03-06,3.904,30.0,"Idaho 7,Idaho Gem",,,6.8,,4
Leikeim Premium Pils,Brauhaus Leikeim,Pilsner - German,2011-11-03,3.122,,,,,4.9,,3
Steiger 11% Tmavý,Pivovar Steiger,Schwarzbier,2011-01-06,2.955,,,,,4.5,,4
Leikeim Kellerbier,Brauhaus Leikeim,Kellerbier / Zwickelbier,2011-12-15,3.219,,,,,4.9,,3
Reflexion,13 Litar,IPA - Cold,2023-06-20,3.781,50.0,"Chinook,Centennial,Citra","Pale Ale,Pilsner",,5.7,14.0,4
Onyx the Cat,Midnight Project,IPA - Session,2023-06-16,4.021,35.0,,,,4.5,,4
Westgate,GAS Brew,Stout - Russian Imperial,2022-11-17,3.965,,,,,6.8,,4
Patronus Helles,Lidl Deutschland / Germany,Lager - Helles,2020-06-13,2.886,,,,,5.0,,2
Pink Lady Cider,The Apple Thief,Cider - Traditional / Apfelwein,2012-05-26,3.466,,,,,4.5,,4
Passion Blast,Bierstaat,IPA - Milkshake,2023-04-24,3.93,35.0,BRU-1,,"Passion fruit,Lactose",6.5,,4
Expectation,13 Litar,IPA - Other,2023-05-23,3.63,40.0,"Centennial,Motueka","Pale Ale,Pilsner,Wheat",,6.7,16.0,4
Chiller,13 Litar,Lager - IPL (India Pale Lager),2023-01-18,3.708,30.0,"Premiant,Ekuanot,El Dorado",Pilsner,,6.0,14.0,4
WelfBräu,Brauerei Gotha,Pilsner - German,2022-06-07,2.92,23.0,,,,4.3,,3
Harvest Caramel Porter,Česká pinta,Porter - English,2023-02-09,2.976,,,,,5.9,,4
Hazy Deal,Carousel Brewery,IPA - New England / Hazy,2023-06-05,3.869,50.0,Galaxy,,,6.5,,4
Litovel Premium,Litovel,Pilsner - Czech / Bohemian,,3.097,22.0,,,,5.0,,2
Helter Skelter,Khoffner,IPA - American,2023-05-05,3.784,52.0,,,,6.8,,4
The Gift,Gravity Project,Mead - Cyser,2021-12-16,4.065,,,,,5.0,,4
Smash,Magic Mess,Sour - Fruited,2023-02-20,4.259,,,,,6.5,,4
Синяя пчела.Клубника.,Салаир,Mead - Melomel,2022-09-21,,,,,,5.0,,2
West Breeze,"Midnight Project,TBP",IPA - Session,2022-07-01,3.951,35.0,Citra,,,4.5,,4
Anger & Control,Jungle Brewery,IPA - Imperial / Double,2023-06-12,4.325,100.0,"Pahto,Chinook,Mosaic,Amarillo,Cascade",,,6.8,,4
Hercules Constellation,Midnight Project,Stout - Imperial / Double,2023-06-16,4.001,30.0,,,"Coconut,Liquorice",6.8,,4
Black Sheep Irish Stout,Heineken,Stout - Irish Dry,2022-07-15,3.558,,,,,4.0,,3
Zubr Gold,Pivovar Zubr,Pilsner - Czech / Bohemian,,3.212,,,,,4.6,,3
Zubr Grand 11,Pivovar Zubr,Pilsner - Czech / Bohemian,2014-10-08,3.157,,,,,4.8,,3
Zubr Classic,Pivovar Zubr,Pilsner - Czech / Bohemian,2012-08-26,3.054,,,,,4.1,,3
Bootstrap,GAS Brew,Stout - Russian Imperial,2022-11-10,3.942,,,,,6.8,,4
Wandlitz,Plague Brew,Historical Beer - Berliner Braunbier,2022-08-22,3.996,18.0,,,,3.5,,4
Best Bitter,Malanka,Bitter - Best,2023-06-16,3.744,30.0,"Fuggle,East Kent Golding","Pale Ale,Biscuit,Cara Clair,Cara Ruby",,4.1,11.0,4
Mroiva: Sabro & Sabro Cryo,Malanka,IPA - Session,2023-05-25,4.316,30.0,Sabro,"Pilsner,Wheat,Flaked Oats,Flaked Wheat",,3.9,14.0,4
Patronus Premium Weissbier,Lidl Deutschland / Germany,Wheat Beer - Hefeweizen,2018-01-27,3.162,12.0,,,,5.5,,3
Löwenbräu Dunkel,Spaten,Lager - Munich Dunkel,2011-08-07,3.4,,,,,5.2,,4
Killer Whale,Midnight Project,Stout - Other,2023-06-02,3.925,25.0,,,Caramel,6.9,,4
Massive,13 Litar,IPA - Imperial / Double,2023-06-07,3.817,75.0,"Chinook,Centennial,Idaho 7","Pale Ale,Pilsner",,6.8,18.5,4
Mlosć: Galaxy,Malanka,Pale Ale - Australian,2023-06-02,4.024,60.0,Galaxy,"Pilsner,Cara Clair,Cara Ruby",,4.7,11.7,4
Tropical Slasher,Selfmade Brewery,Sour - Fruited,2020-06-17,3.966,20.0,,,,6.8,,4
Spolach: Abrykos,Malanka,Historical Beer - Lichtenhainer,2023-02-02,4.105,,,,Apricot,4.0,,4
Ciemra: Citra & Mosaic,"Malanka,Jungle Brewery",IPA - Imperial / Double Black,2023-06-07,4.299,100.0,"Citra,Mosaic","Pilsner,Black",,6.8,19.0,4
Meadwest: Cherry,Zagovor Brewery,Mead - Melomel,2023-05-19,4.102,,,,,6.8,,4
IV,Malanka,IPA - Quadruple,2023-05-19,4.303,150.0,"Strata,Simcoe",Pilsner,,6.8,23.5,4
Tomato Method - Bell Pepper,Selfmade Brewery,Sour - Other Gose,2023-03-27,4.048,10.0,,,,5.0,,4
Mitrenha: Vista & Simcoe,Malanka,IPA - Imperial / Double,2023-05-30,4.274,90.0,"Vista,Simcoe",Pilsner,,6.8,18.0,4
Galaxy Paws,Midnight Project,IPA - American,2023-06-02,4.033,55.0,"Galaxy,Mosaic",,,6.0,,4
Slow Drop,"Midnight Project,Ostrovica",Sour - Fruited Gose,2023-05-26,3.951,10.0,,,"Passion fruit,Black Currant",6.9,,4
Le Murmure Des Dieux,Midnight Project,Belgian Dubbel,2023-06-02,3.794,30.0,,,,6.8,,4
Hell Man: Salsa,Chibis Brewery,Sour - Traditional Gose,2020-07-17,4.128,,,,,4.4,,4
Rinktinis,Volfas Engelman,Lager - Euro Pale,,3.102,,,,,5.2,,4
Mosaic APA,First Wave Brewery,Pale Ale - American,2021-01-03,3.45,35.0,,,,4.5,,4
Odin,Sozhski Beer,IPA - American,2023-04-21,3.279,29.0,"Sabro,Cashmere",,,6.7,,4
White Phoenix Black Cherry,Cider House,Mead - Melomel,2022-01-04,3.427,,,,,4.7,,3
Spacetime,Bierstaat,Stout - Milk / Sweet,2023-05-01,4.065,,,,Lactose,6.5,,4
White Phoenix Grape & Mandarin,Cider House,Mead - Other,2021-11-07,3.459,,,,,4.7,,3
White Phoenix Grape & Passion Fruit,Cider House,Mead - Other,2021-07-24,3.416,,,,,4.7,,3
Pražan Světlý Ležák,Konrad,Pilsner - Czech / Bohemian,2021-10-24,3.222,,,,,4.8,,3
Different Groove,Jungle Brewery,IPA - New England / Hazy,2023-06-01,4.282,35.0,"Sabro,Citra,Idaho 7",,,6.8,16.6,4
Егор (Egor),Zagovor Brewery,Stout - Russian Imperial,2015-07-10,3.98,60.0,,,,6.8,,4
Rebellion,13 Litar,Stout - Foreign / Export,2023-05-16,4.048,30.0,Chinook,"Pilsner,Vienna,Roasted Barley",,6.8,17.5,4
Road Trip,Bierstaat,IPA - Imperial / Double,2023-05-23,4.011,50.0,"Talus,Ekuanot",,,6.9,,4
Pale Ale,Amundsen Bryggeri & Spiseri,Pale Ale - English,2011-11-28,3.471,36.0,,,,4.5,,4
Cat Sidhe,Dark Hills,Stout - Milk / Sweet,2020-11-20,3.757,33.0,,,,6.8,,4
Beer With Taste of Beer: Gose,Пивная диета,Sour - Traditional Gose,2020-02-28,4.077,7.0,,,"Himalayan Salt,Coriander",4.6,,4
Just Do It,Bierstaat,Pale Ale - American,2023-05-23,3.818,30.0,"BRU-1,Idaho 7",,,6.5,,4
Vir: Ajva,Malanka,Wild Ale - Other,2023-02-02,4.317,,,,Quince,6.9,,4
Navaĺnica: Cognac BA,"Malanka,Jungle Brewery",Barleywine - American,2023-03-24,4.18,,Columbus,"Pilsner,Abbey,Cara Clair,Melanoidin,Munich,Vienna,Honey",,6.8,26.0,4
Abšar: Eclipse,Malanka,IPA - White / Wheat,2023-05-23,4.266,30.0,Eclipse,"Pilsner,Flaked Wheat,Wheat",,6.8,18.0,4
Candy Flip #2,GAS Brew,Barleywine - Other,2023-03-25,3.856,,,,,6.8,,4
Stoner Coconut,Zagovor Brewery,Stout - Milk / Sweet,2017-05-30,3.748,35.0,,,,5.5,,4
Рассольник,Burning Brewery,Sour - Other Gose,2023-02-01,3.567,,,,,5.5,,4
Kotlin,"Velka Morava,Paradox",Porter - Baltic,2023-05-04,3.96,,,,,6.8,,4
Slim Summer,Selfmade Brewery,Sour - Fruited,2023-04-04,4.11,10.0,,,,6.8,,4
Сinco De Mayo,Bierstaat,IPA - Imperial / Double,2023-05-09,3.944,55.0,Elani,,,6.9,,4
Thor,Midnight Project,Mead - Braggot,2023-05-19,3.894,20.0,,,,6.8,,4
Metabolic Boost,Dieta,Stout - Imperial / Double,2023-03-26,4.128,,,,,6.8,,4
Frankfurter Pilsener,Frankfurter Brauhaus,Pilsner - German,2011-02-18,2.933,,,,,4.9,,3
Fall Then Rise,Jungle Brewery,IPA - American,2023-05-08,4.199,60.0,"Pahto,Simcoe,Centennial,Cascade",,,5.8,13.1,4
III,Malanka,IPA - Triple New England / Hazy,2023-05-19,4.472,60.0,"Talus,Sabro","Pilsner,Wheat,Flaked Oats,Flaked Wheat",,6.8,22.0,4
Le Bonheur Existe,Midnight Project,Belgian Quadrupel,2023-05-05,4.027,37.0,,,Candy Sugar,6.8,,4
Frankfurter Hefeweizen,Frankfurter Brauhaus,Wheat Beer - Hefeweizen,2011-02-18,3.13,5.0,,,,5.5,,3
Intensity,13 Litar,Strong Ale - American,2023-04-27,3.798,50.0,BRU-1,"Pale Ale,Pilsner,Wheat",,6.8,22.5,4
Shadowcaster,Bierstaat,IPA - Black / Cascadian Dark Ale,2023-05-01,3.953,40.0,"Galaxy,Idaho Gem",,,6.8,,4
Bahna: Whisky BA 2022,"Malanka,Jungle Brewery",Stout - Imperial / Double,2022-03-25,4.405,,,"Biscuit,Chocolate,Whisky,Special B",,6.8,26.0,4
Imža: Smurodziny i Razmaryn,Malanka,Sour - Fruited Berliner Weisse,2023-05-03,4.068,,,"Pilsner,Wheat","Black Currant,Rosemary",4.0,10.0,4
Smuha: YQH-1320,Malanka,IPA - Imperial / Double New England / Hazy,2023-05-03,4.222,30.0,Elani,"Pilsner,Wheat,Flaked Oats,Flaked Wheat",,6.8,18.0,4
Riverside,13 Litar,Porter - American,2023-05-04,3.882,20.0,Centennial,"Vienna,Pilsner,Roasted Barley,Special W",,5.9,15.5,4
Candy Crush,Sabotage,Stout - Milk / Sweet,2023-03-22,3.718,,,,,6.8,,4
Your Quadruple Sour Peach Juice,Midnight Project,Sour - Fruited,2020-01-17,4.243,15.0,,,Peach,6.8,,4
Frecciarossa,AF Brew,Sour - Fruited,2023-04-18,3.515,,,,,5.0,,4
Супер-Эго,4BREWERS,Stout - Imperial / Double Pastry,2023-04-11,3.993,,,,,6.8,,4
Muson: Piersik & Kivi & Limon,Malanka,Sour - Fruited,2023-03-29,4.217,,,"Pilsner,Wheat","Peach,Kiwi,Lemon",5.0,16.0,4
Irish Gold,Sullivan's Brewing Company,Blonde / Golden Ale - Other,2018-05-25,3.586,,,,,5.2,,4
Аліварыя Пітнае,Аліварыя,Lager - Pale,2023-04-08,2.829,11.0,,,,4.4,,3
Saĺsa: Teriyaki,Malanka,Sour - Other Gose,2023-05-05,4.039,,,"Pilsner,Wheat","Tomato,Ginger,Salt,Red Pepper",4.0,12.0,4
Cthulhu Sauce,Mad Frog Brewery,IPA - Black / Cascadian Dark Ale,2017-12-22,3.84,90.0,"Polaris,Columbus,Azacca,Pekko,Cascade,Comet,Citra,El Dorado","Pale Ale,Caramel,Black",,6.9,16.0,4
#7,Sozhski Beer,Stout - Milk / Sweet,2021-05-05,3.901,16.0,,,,6.9,,4
Doom Metal,Plague Brew,Bock - Doppelbock,2023-03-02,4.095,30.0,,,,6.8,,4
Bringer Of Storm,Мантра,Porter - Imperial / Double,2022-12-19,3.907,30.0,,,,6.8,,4
Vienas Premium Traditional 1975,Uab Lukritma,Lager - Pale,2022-08-09,2.865,,,,,5.8,,3
Good Omen,Bad Balance Brew,Stout - Imperial / Double Coffee,2023-02-16,4.02,25.0,,,,6.8,,4
Algorithm: Chocolate + Cinnamon + Allspice,Zagovor Brewery,Stout - Imperial / Double,2023-04-15,3.928,,,,,6.8,,4
Dark Spin: Oatmeal,Carousel Brewery,Stout - Oatmeal,2023-04-25,3.915,40.0,,,,6.5,,4
Mini Bar Negroni,Московская пивоваренная компания,Fruit Beer,2023-04-05,3.045,,,,,6.0,,2
Ice Cream Porter Fruit,Konix Brewery,Porter - Baltic,2018-12-19,3.32,19.0,,,,6.8,,4
Chill-N-Cheers,Midnight Project,IPA - Imperial / Double New England / Hazy,2022-09-30,4.114,20.0,"Citra,Mosaic,Pink Boots",,,6.8,,4
Difference,13 Litar,Porter - Other,2023-04-19,4.174,20.0,"Centennial,Chinook","Vienna,Pilsner,Crystal",,6.8,18.0,4
Dark,Primátor,Lager - Dark,,3.266,21.0,,,,4.5,,4
Neon Time,Carousel Brewery,IPA - New England / Hazy,2023-04-25,3.916,20.0,"Cascade,Galaxy",,,6.0,,4
Zavieja: Galaxy & Nelson,Malanka,IPA - Imperial / Double New England / Hazy,2023-04-28,4.308,30.0,"Galaxy,Nelson Sauvin","Pilsner,Wheat,Flaked Oats,Flaked Wheat",,6.8,18.4,4
Du Soleil Dans Un Verre,Midnight Project,Belgian Tripel,2023-04-27,3.978,30.0,,,Candy Sugar,6.8,,4
Murquell Pilsner,Plan B Brewery,Pilsner - Czech / Bohemian,2022-08-26,3.853,30.0,,,,4.8,,4
Ballsy,Dudar Brewery,IPA - Session,2023-04-13,3.973,20.0,"Sabro,Galaxy",,,5.6,13.5,4
Spring of Joy,Bierstaat,IPA - American,2023-04-18,3.949,30.0,"El Dorado,Idaho 7",,,6.7,,4
Export Porter 1750,Brouwerij Kees,Porter - Imperial / Double,2015-05-03,3.85,108.0,,,,6.8,,4
Catch the Wave,Midnight Project,Pale Ale - Australian,2023-04-21,3.892,40.0,"Galaxy,Vic Secret",,,5.0,,4
Imhla: Vista,Malanka,IPA - New England / Hazy,2023-04-21,4.247,30.0,Vista,"Pilsner,Wheat,Flaked Oats,Flaked Wheat",,6.2,16.0,4
Достоевский. Том 8,Brewlok,Porter - Imperial / Double Baltic,2022-12-08,4.25,,,,,6.8,,4
Yard Cat,Midnight Project,IPA - Imperial / Double,2023-04-21,4.02,50.0,,,,6.8,,4
Casual: HBC 630,Carousel Brewery,IPA - American,2023-03-22,3.941,50.0,HBC630,,,6.5,,4
Black Marble,Sullivan's Brewing Company,Stout - Irish Dry,2019-09-10,3.725,,,,,5.1,,4
Unity,"PINTA Barrel Brewing,Spartacus Brewing",Porter - Imperial / Double,2024-04-03,4.094,,,,,6.8,,4
Big Bad Wolf,Selfmade Brewery,Stout - Imperial / Double,2023-03-17,4.093,58.0,,,,6.8,,4
Perpetual Infinity,Мантра,Stout - Russian Imperial,2022-11-15,4.076,30.0,,,,6.8,,4
Stay Puft,Selfmade Brewery,Stout - Other,2023-03-27,4.107,28.0,,,,6.9,,4
Popiel: Saaz,Malanka,Lager - Dark,2023-04-14,4.04,45.0,Saaz,"Pilsner,Chocolate,Smoked Wheat Malt",,5.5,14.0,4
Maltings Irish Ale (Red Ale),Sullivan's Brewing Company,Red Ale - Irish,2016-09-10,3.68,35.0,,,,5.0,,4
Hofer,Самко,Pilsner - German,2014-02-11,2.752,,,,,4.5,,3
Maltss,Варница,Wheat Beer - Hefeweizen Light / Leicht,2015-08-30,2.744,,,,,4.7,12.0,2
Desert Snake,Midnight Project,IPA - Imperial / Double New England / Hazy,2023-04-14,,26.0,"Sabro,Citra",,,6.8,,4
Bright Queen,Selfmade Brewery,Sour - Fruited,2023-01-09,4.139,10.0,,,,5.3,,4
Sourroundings,Jungle Brewery,Sour - Fruited,2023-04-13,4.059,13.0,,,"Banana,Strawberry,Lactose",5.2,14.0,4
Синяя пчела,Салаир,Mead - Other,2019-03-12,3.314,,,,,5.0,,4
White Mood,13 Litar,IPA - White / Wheat,2023-04-12,3.773,40.0,"Citra,El Dorado","Pilsner,Wheat",,6.2,15.0,4
Hedgehog In the Fog. Citra Sabro Mosaic,Hops Brewery,IPA - New England / Hazy,2023-04-10,4.116,25.0,"Mosaic,Sabro,Citra",,,6.6,,4
Zelená Koruna Černé,Konrad,Lager - Dark,2020-03-19,3.205,20.0,,,,4.4,,4
Enamour,Jungle Brewery,Pale Ale - American,2023-04-03,4.188,50.0,"Simcoe,Idaho 7,Citra,HBC630",,,5.3,13.0,4
Dualsence,13 Litar,IPA - Imperial / Double,2023-04-05,3.853,60.0,"El Dorado,Mosaic","Pale Ale,Pilsner",,6.8,19.0,4
Eastside,13 Litar,IPA - New England / Hazy,2023-03-27,3.748,30.0,Idaho 7,"Pilsner,Wheat,Flaked Oats",,6.0,16.0,4
Stimulant,Jungle Brewery,IPA - American,2023-03-16,4.152,70.0,"Pahto,Simcoe,Idaho 7,Citra",,,6.4,14.0,4
Mlosć: Zappa,Malanka,Pale Ale - American,2023-04-07,4.047,50.0,Zappa,"Pilsner,Cara Clair",,5.2,13.8,4
Wey Think Broadcast,Red Button Brewery,Stout - White / Golden,2023-03-21,3.747,,,,,6.8,,4
CANDELABRA,Red Button Brewery,Roggenbier,2023-03-21,3.591,,,,,5.0,,4
Chmara: Brandy BA 2022,Malanka,Stout - Imperial / Double Oatmeal,2022-02-11,4.227,,,"Biscuit,Chocolate,Flaked Oats,Vienna",,6.8,29.0,4
Preussen Hefeweizen-Bier,Forstquell-Brauerei / Brauerei zum Schwarzen Adler,Wheat Beer - Hefeweizen,2016-04-02,3.172,,,,,4.9,,3
Stammgast Lager,Oettinger Brauerei,Lager - Helles,,3.102,35.0,,,,5.0,,3
Who’s In the Box?,Midnight Project,Sour - Fruited,2023-03-17,3.791,20.0,,,,6.9,,4
Bastet,Midnight Project,Stout - Imperial / Double,2023-04-01,4.125,60.0,,,,6.8,,4
Neowise,Zagovor Brewery,IPA - New England / Hazy,2020-07-24,4.0,30.0,"Azacca,Citra,Idaho Gem",,,6.0,15.5,4
Tomato Method Curry,Selfmade Brewery,Sour - Other Gose,2023-01-17,3.784,12.0,,,,5.6,,4
Six Years Anniversary Double NEIPA,Midnight Project,IPA - Imperial / Double New England / Hazy,2023-04-01,,30.0,"Idaho 7,Simcoe,Citra",,,6.8,,4
Six Years Anniversary Triple NEIPA,Midnight Project,IPA - Triple New England / Hazy,2023-04-01,4.24,40.0,"Mosaic,Citra,Galaxy",,,6.8,,4
Thestral,Midnight Project,Stout - Milk / Sweet,2023-03-23,3.981,30.0,,,,6.5,,4
Iron Abyss WBA,Plan B Brewery,Stout - Russian Imperial,2022-11-30,4.027,25.0,,,,6.8,,4
Tyson,Sozhski Beer,IPA - American,2023-03-17,3.65,33.0,"Cascade,Ekuanot,Zappa",,,6.5,,4
Karahod: Galaxy & Simcoe Cryo,"Malanka,Spin Bar",IPA - Imperial / Double New England / Hazy,2023-03-25,4.339,40.0,"Galaxy,Simcoe","Pilsner,Wheat,Flaked Wheat,Flaked Oats",,6.8,18.0,4
Strict Attention,Jungle Brewery,Stout - Imperial / Double,2023-03-23,4.306,50.0,,,,6.8,26.8,4
Hammer,Robim Good Brewery,Wheat Beer - Hefeweizen,2023-01-23,3.372,5.0,,,,4.9,13.0,3
Urban Beer,Крыніца,Lager - Pale,,2.021,,,,,4.0,10.0,2
Чернышёв,White Stone Brewery,Stout - Oatmeal,2020-10-08,3.589,13.0,,,,5.3,,4
Tomatoni: Ajika,Jungle Brewery,Sour - Other Gose,2022-10-24,4.154,10.0,,,,5.0,13.0,4
Perseids,Zagovor Brewery,IPA - Triple New England / Hazy,2021-09-16,4.114,40.0,"HBC586,Talus,BRU-1,Citra",,,6.8,21.0,4
Smuha: Riwaka,Malanka,IPA - Imperial / Double New England / Hazy,2023-02-03,4.257,40.0,,"Pilsner,Flaked Oats,Flaked Wheat,Wheat",,6.8,19.3,4
ESB,Fuller’s,Bitter - Extra Special / Strong (ESB),,3.552,40.0,,,,5.9,,4
Native,13 Litar,Strong Ale - American,2023-02-28,3.863,50.0,Chinook,"Pale Ale,Pilsner,Vienna",,6.8,21.0,4
King Crimson,Bierstaat,Stout - Imperial / Double,2023-03-13,4.183,25.0,,,,6.9,25.0,4
Lichamanka: YQH-1320,Malanka,IPA - Imperial / Double,2023-03-17,4.28,80.0,Elani,Pilsner,,6.8,18.0,4
Otherworld,13 Litar,Stout - Imperial / Double,2023-03-13,4.109,20.0,"Cascade,El Dorado","Pilsner,Vienna,Crystal,Roasted Barley",,6.8,22.0,4
Decontrol: Krembo,Zagovor Brewery,Porter - Imperial / Double,2023-03-03,4.041,,,,,6.8,,4
Калекцыя майстра Hoppy Lager,Лідскае піва,Lager - IPL (India Pale Lager),2023-02-28,3.529,25.0,"Sabro,Ella,Perle",,,5.0,,4
Lancelot,Brasserie Lancelot,Blonde Ale,2012-12-24,3.231,19.0,,,,6.0,,4
Trasca: Medusa,Malanka,IPA - Triple,2023-03-10,4.242,100.0,Medusa,Pilsner,,6.8,21.0,4
Cosmic Travel,Bierbank,IPA - American,2023-03-07,3.839,55.0,"Simcoe,Sabro",,,6.7,,4
Naše Šestnáctka,Midnight Project,Pilsner - Imperial / Double,2023-03-03,3.983,45.0,Saaz,,,6.8,,4
Average Bear St. Patrick's Day Edition,XP Brew,Stout - Milk / Sweet,2023-02-27,3.699,25.0,,,,5.0,,4
Zhiguli Barnoe Non-Alcoholic (Жигули Барное Безалкогольное),Московская пивоваренная компания,Non-Alcoholic Beer - Lager,2016-04-18,2.837,,,,,0.5,,3
Gilde Pale Wheat - Charlotte,Gilde USA,Wheat Beer - Hefeweizen,2018-10-02,3.502,,,,,5.0,,4
Latgale Nefiltrēts,Latgales Alus,Lager - Pale,2020-11-20,3.201,,,,,5.5,,4
Red Liquid,Chibis Brewery,Sour - Other Gose,2022-09-26,3.777,,,,,5.2,,4
Great Gatsby,Bierstaat,IPA - New England / Hazy,2023-02-21,3.849,35.0,Azacca,,,6.6,,4
Hedgehog In the Fog. Galaxy Citra,Hops Brewery,IPA - New England / Hazy,2023-02-23,4.221,25.0,"Galaxy,Citra",,,6.6,,4
Cyklon: Citra & Idaho 7,Malanka,IPA - Imperial / Double,2023-03-03,4.256,40.0,"Citra,Idaho 7","Pilsner,Wheat,Flaked Wheat",,6.8,18.0,4
Маяковский. Том 2. Глава 2,Brewlok,Stout - Russian Imperial,2023-01-13,4.18,,,,,6.8,,4
Molecular,13 Litar,Sour - Traditional Gose,2023-02-02,3.476,15.0,"Premiant,Loral","Pilsner,Wheat",Salt,5.1,12.0,4
Mlosć: Citra & Idaho 7,Malanka,Pale Ale - American,2023-02-17,4.005,40.0,"Citra,Idaho 7",Pilsner,,5.4,12.5,4
Сrazy Journey,Bierstaat,IPA - American,2023-01-17,3.88,40.0,"Zappa,Citra",,,6.3,,4
Tomatoni: Arrabbiata,Jungle Brewery,Sour - Other Gose,2023-02-27,4.095,10.0,,,,5.0,13.0,4
Memento Mori,Rock-n-Rolla’s,Porter - Baltic,2023-02-14,4.213,25.0,,,,6.8,,4
Wheat Harvester,Hops Brewery,IPA - White / Wheat,2019-04-01,3.82,50.0,"Warrior,Mosaic,Citra",,,6.8,,4
Pramień: Sunicy,Malanka,Wild Ale - Other,2023-01-25,4.349,,,"Pilsner,Flaked Wheat",Strawberry,6.8,13.0,4
Midway,13 Litar,IPA - American,2023-02-21,3.821,45.0,"Columbus,Centennial,El Dorado",Pilsner,,6.1,15.2,4
Target: Renegade,Midnight Project,IPA - Imperial / Double,2023-02-10,3.964,65.0,"Amarillo,Simcoe",,,6.8,,4
Imhla: Zappa,Malanka,IPA - New England / Hazy,2023-02-24,4.178,30.0,Zappa,"Pilsner,Flaked Oats,Flaked Wheat,Wheat",,6.0,16.0,4
Candy Stick,White Stone Brewery,Porter - Other,2022-12-10,3.973,20.0,,,,6.8,,4
Tomatoni: BBQ,Jungle Brewery,Sour - Other Gose,2023-02-21,4.285,10.0,,,,5.0,13.0,4
Just: Milk Stout,Midnight Project,Stout - Milk / Sweet,2022-07-01,3.875,30.0,,,,6.0,,4
Black Steel,Midnight Project,IPA - Imperial / Double Black,2023-02-24,4.192,90.0,,,,6.8,,4
Light,Malle,Lager - Pale,2020-10-24,3.541,,,,,4.8,,3
Камчатка,Роян,Wheat Beer - Hefeweizen,2020-11-10,2.596,,,,,5.0,,3
Hard To Say No,Chibis Brewery,Stout - Oatmeal,2017-06-21,3.554,15.0,,,,6.5,,4
The Miner - Hannover,Gilde USA,Schwarzbier,2021-11-05,3.494,,,,,5.0,,4
Weizen,1516 Pub & Brewery,Wheat Beer - Hefeweizen,2013-07-18,3.537,,,,,4.9,,4
Mysterious Mountain,Bierstaat,IPA - American,2023-02-07,3.656,40.0,"Azacca,BRU-1",,,6.5,,4
Happy Pilsner: Evergreen,Bierstaat,Pilsner - Other,2023-01-23,3.736,21.0,Evergreen,,,5.2,,4
Duck Brother #2,Magic Mess,Stout - Pastry,2022-11-18,3.792,,,,,6.0,,4
Борщ с чесноком и салом,Burning Brewery,Sour - Other Gose,2023-01-20,4.118,,,,,5.5,,4
Just: Doppelbock,Midnight Project,Bock - Doppelbock,2023-02-17,3.905,35.0,,,,6.8,,4
Future Forms,Jungle Brewery,IPA - New England / Hazy,2023-02-16,4.076,40.0,"Sabro,Idaho 7,HBC630",,,6.7,17.7,4
Obscurity,13 Litar,Stout - Irish Dry,2023-02-15,4.053,25.0,Chinook,"Pilsner,Vienna,Crystal,Roasted Barley",,6.4,15.0,4
Fogin’ Frog,Midnight Project,IPA - Imperial / Double New England / Hazy,2023-02-17,4.126,25.0,"Talus,Mosaic",,,6.8,,4
What Is Vista?..,13 Litar,IPA - White / Wheat,2023-02-06,4.052,60.0,Vista,"Pilsner,Wheat",,6.8,18.5,4
Weiss Berg Лимон-Лайм,Бочкари,Wheat Beer - Other,2018-09-09,2.89,,,,,4.0,,2
Tropical Milkshake,Волковская пивоварня,Pale Ale - Milkshake,2022-08-31,3.282,35.0,,,,5.0,,3
The Privateer,Selfmade Brewery,Porter - Imperial / Double Baltic,2023-01-09,3.941,41.0,,,,6.8,,4
So Much Caffeine: Cuba Serrano,Bierstaat,Stout - Coffee,2023-02-14,4.19,16.0,,,Coffee,6.8,,4
Lichamanka: Medusa,Malanka,IPA - Imperial / Double,2023-02-01,4.225,100.0,Medusa,Pilsner,,6.8,18.0,4
Saĺsa: Curry,Malanka,Sour - Other Gose,2023-02-10,4.322,,,"Pilsner,Flaked Wheat","Tomato,Chili,Paprika,Cardamom,Coriander,Ginger,Curcuma,Salt",4.0,12.0,4
Urstein Weizen,Двинский бровар,Wheat Beer - Hefeweizen,2017-12-07,2.705,,,,,4.2,,3
бутлегер: Peated Whisky,Alaska Brewery,Stout - Russian Imperial,2023-01-16,4.004,,,,,6.8,,4
КАША Овсяный Стаут /KASHA Oat Stout,Василеостровская пивоварня,Stout - Oatmeal,2022-04-05,3.569,25.0,,,,6.9,,4
Weizen,1516 Pub & Brewery,Wheat Beer - Hefeweizen,2013-07-18,3.537,,,,,4.9,,3
Blanche de Namur Hop ‘n Spice,Brasserie du Bocq,Wheat Beer - Other,2019-11-20,3.301,,,,,4.5,,4
Bohemian Pils,Горьковская пивоварня,Pilsner - Other,2019-08-20,3.055,30.0,,,,5.2,,3
Кровь Ётуна,Традиции предков,Mead - Melomel,2018-11-16,3.786,5.0,,,,4.7,,4
Gabe,Velka Morava,Bock - Doppelbock,2023-01-24,4.055,,,,,6.8,,4
80,Black Cat Brewery,IPA - Imperial / Double,2017-12-13,3.863,80.0,,,,6.8,19.0,4
Campinas,Sozhski Beer,Pale Ale - American,2023-01-09,3.503,28.0,"Mosaic,Amarillo",,,5.4,,3
ODIN,Midnight Project,Porter - Imperial / Double Baltic,2023-02-03,4.134,56.0,,,,6.8,,4
Nebula,"Plague Brew,Saliwa Brew",IPA - Imperial / Double New England / Hazy,2023-11-29,4.225,,,,,6.8,,3
Anarkist New England IPA,Theodor Schiøtz Brewing Company,IPA - New England / Hazy,2017-12-13,3.521,25.0,,,,5.4,,4
Break Dancer,"Midnight Project,Бакунин",Stout - Pastry,2019-09-01,4.046,30.0,,,,6.8,30.0,4
бутлегер: Jäger,Alaska Brewery,Stout - Other,2022-12-29,3.886,,,,,6.8,,4
From Heaven to Hell,Sabotage,Porter - Baltic,2022-08-31,3.802,,,,,6.8,,4
Kriek,Belle-Vue,Lambic - Kriek,,3.204,10.0,,,,5.1,,2
Brown Ale,Jaws,Brown Ale - English,2013-07-20,3.744,35.0,"Galena,Willamette,First Gold","Pale Ale,Munich,Crystal,Black",,6.2,,4
Blanche,Belgica,Wheat Beer - Witbier / Blanche,2022-01-17,,,,,,,,4
Weihenstephaner Kristallweissbier,Weihenstephan,Wheat Beer - Kristallweizen,,3.681,16.0,,,,5.4,12.7,4
Twisted Thistle IPA,Belhaven Brewery,IPA - Other,2010-08-21,3.396,45.0,"Challenger,Cascade,Hersbrucker",,,5.6,,4
Dark Soul,Sabotage,Barleywine - English,2020-12-25,3.744,,,,,6.8,,4
Brownstorm,13 Litar,Brown Ale - Imperial / Double,2023-01-25,4.002,40.0,"Centennial,Sabro","Vienna,Pilsner,Crystal,Roasted Barley",,6.8,19.5,4
Schwarzbier,Einsiedler,Schwarzbier,2012-06-03,3.446,25.0,,,,5.0,,4
Baltic Porter,Bierstadt Lagerhaus,Porter - Baltic,2016-11-19,,,,,,6.8,,4
Ciemra: Idaho 7 & Medusa,"Malanka,Jungle Brewery",IPA - Imperial / Double Black,2023-02-01,4.286,145.0,"Idaho 7,Medusa","Pilsner,Chocolate",,6.8,18.4,4
Чертополох,"Knightberg,BiberBräu",Historical Beer - Gruit / Ancient Herbed Ale,2014-10-14,3.836,30.0,,,,4.1,,4
Pale Wheat,Gilde Brauerei,Wheat Beer - Other,2022-06-12,3.195,,,,,5.0,,4
Slodyč: Kakos i Mindaĺ,Malanka,Stout - Imperial / Double Pastry,2023-01-20,4.416,,,"Biscuit,Cara Clair,Chocolate,Pale Ale","Coconut,Almonds",6.8,30.0,4
Baltic Bay,Plague Brew,Porter - Baltic,2022-03-09,3.744,24.0,,,,6.8,,4
Ceremony,Selfmade Brewery,IPA - New England / Hazy,2020-12-02,3.974,42.0,"Simcoe,Mosaic",,,6.8,,4
Milford,Sozhski Beer,Pale Ale - American,2023-01-16,3.596,28.0,,,,5.8,,4
Palach,Plague Brew,Porter - Baltic,2022-11-09,3.916,31.0,,,,6.8,,4
Kriek Boon,Brouwerij Boon,Lambic - Kriek,,3.528,,,,,4.0,,4
Hyper India DIPA,Jaws,IPA - Imperial / Double,2018-12-07,3.886,130.0,"Centennial,El Dorado,Idaho 7","Pale Ale,Brown Supreme",,6.8,18.5,4
Darkworld,13 Litar,Porter - Imperial / Double,2023-01-12,4.092,25.0,Centennial,"Pilsner,Vienna,Crystal,Roasted Barley",,6.8,22.0,4
Chaliera: Eclipse,Malanka,IPA - American,2023-01-13,4.207,50.0,Eclipse,Pilsner,,6.9,16.0,4
Climbing Plants,Zagovor Brewery,IPA - New England / Hazy,2022-12-21,4.108,35.0,,,,6.5,,4
Holba Šerák,Holba,Pilsner - Czech / Bohemian,2011-11-15,2.869,25.0,,,,4.7,,3
Little Big Hero,Midnight Project,IPA - Triple New England / Hazy,2023-01-20,4.225,10.0,,,,6.8,,4
Tajfun: Citra & Mosaic,Malanka,IPA - Imperial / Double New England / Hazy,2023-01-18,4.399,60.0,"Citra,Mosaic","Pilsner,Flaked Oats",,6.8,19.3,4
Rager: CTZ,Valaduta,IPA - Imperial / Double,2023-01-16,4.158,70.0,Columbus,,,6.8,,4
Сheers! Enigma & Bru 1,Bierstaat,IPA - Imperial / Double,2022-12-26,3.84,60.0,"Enigma,BRU-1",,,6.8,,4
Lay Low,Bierstaat,IPA - Belgian,2022-11-15,3.82,37.0,"Cashmere,Ekuanot",,,6.5,,4
Morgana,Velka Morava,Stout - English,2022-12-15,3.905,29.0,,,,5.8,,4
Cyklon: HBC 586,Malanka,IPA - Imperial / Double,2023-01-04,4.273,,HBC586,"Pilsner,Flaked Oats",,6.8,18.5,4
Complete Mayhem,Jungle Brewery,IPA - Other,2023-01-09,4.122,50.0,"Simcoe,Sabro,Galaxy",,,6.0,14.0,4
Navaĺnica: Whisky BA,"Malanka,Jungle Brewery",Barleywine - Other,2023-01-11,4.031,,,"Pilsner,Flaked Oats,Cara Clair",,6.8,27.0,4
Reeper B. Blondes Weissbier,Reepbana,Wheat Beer - Hefeweizen,2018-02-11,3.233,15.0,,,,5.4,12.8,3
Dark Lantern,Selfmade Brewery,Porter - Other,2022-11-18,3.889,28.0,,,,6.0,,4
Over Shadow,Jungle Brewery,Stout - Imperial / Double Milk,2022-12-12,4.167,30.0,Citra,,,6.8,26.8,4
Relax,Robim Good Brewery,Stout - Imperial / Double,2022-12-09,3.797,21.0,,,,6.9,20.9,4
Mysterious Island,Bierstaat,IPA - American,2023-01-10,3.821,37.0,"Medusa,Idaho 7",,,6.5,,4
Hop Stranding,Midnight Project,IPA - Imperial / Double,2022-12-16,3.979,72.0,"Mosaic,Loral",,,6.8,,4
Kilikia Dark,Kilikia,Lager - Munich Dunkel,2010-12-25,3.114,,,,,4.4,,3
Ride the Wave,Valaduta,IPA - American,2023-01-09,4.042,35.0,"Cascade,Centennial,Simcoe",,,6.8,,4
Dualshock,13 Litar,IPA - Imperial / Double,2023-01-05,4.042,65.0,"Centennial,Simcoe,Ekuanot","Pilsner,Wheat",,6.8,19.0,4
Doom Spell,Jungle Brewery,Lager - Dark,2023-01-05,3.85,20.0,,,,5.4,13.0,4
So Much Caffeine: Santos,Bierstaat,Stout - Coffee,2023-01-03,4.183,16.0,,,"Coffee,Lactose",6.8,,4
Crossroad,13 Litar,IPA - American,2022-12-28,3.285,55.0,"Simcoe,Sabro,Columbus","Pilsner,Wheat",,6.1,15.0,4
Finish Him!,Bierstaat,Porter - Baltic,2022-12-26,3.997,19.0,,,,6.9,,4
Кухни мира: Индия,Alaska Brewery,Sour - Other Gose,2022-06-29,3.779,,,,,5.0,,4
Suchaviej: Rosé,Malanka,IPA - Brut,2022-12-30,4.083,40.0,Hallertau Blanc,Pilsner,"Red Currant,Chokeberry",6.8,17.0,4
West Wave: Citra & Strata,Midnight Project,IPA - American,2022-12-30,3.919,50.0,"Citra,Strata",,,6.5,,4
Quantum Algorithm,Zagovor Brewery,Stout - Imperial / Double Milk,2022-12-21,3.978,,,,,6.8,,4
Lichamanka: Vista,Malanka,IPA - Imperial / Double,2022-12-16,4.2,115.0,Vista,Pilsner,,6.8,18.4,4
Принеси Подай,4BREWERS,Sour - Other Gose,2022-12-19,4.102,,,,,5.0,,4
Чижик,Midnight Project,Stout - Milk / Sweet,2022-12-30,3.976,34.0,,,,6.9,,4
The Middle of Nowhere,Rewort Brewery,Stout - Russian Imperial,2022-08-23,4.037,,,,,6.8,,4
Gauloise Ambrée,Brasserie du Bocq,Red Ale - Other,,3.249,,,,,5.5,,4
Satan Infernalis III,Plan B Brewery,Stout - Russian Imperial,2021-12-09,4.252,40.0,,,,6.8,,4
Abbot Ale,Greene King,Bitter - Extra Special / Strong (ESB),2010-08-21,3.295,,,,,5.0,,4
Chmara: Calvados BA 2022,Malanka,Stout - Imperial / Double Oatmeal,2022-12-19,4.385,,,"Biscuit,Chocolate,Vienna,Flaked Oats",,6.8,31.0,4
Cloud Burst,Jungle Brewery,IPA - New England / Hazy,2022-12-26,4.116,35.0,"Sabro,Talus,El Dorado",,,6.9,17.3,4
Cascade,Saltaire Brewery,Pale Ale - American,2010-12-24,3.509,,,,,4.8,,3
Mroiva: Sabro,Malanka,IPA - Session,2022-12-28,4.239,,Sabro,"Pilsner,Flaked Oats",Lactose,3.9,13.3,4
Sliozy Helijad: Brandy BA 2022,"Malanka,Jungle Brewery",Porter - Imperial / Double Baltic,2022-02-11,4.145,,,"Carahell,Caramunich,Cara Ruby,Biscuit,Special B,Pilsner",,6.8,25.0,4
Abšar: Galaxy,Malanka,IPA - White / Wheat,2022-12-21,4.269,40.0,Galaxy,"Pilsner,Flaked Wheat,Wheat",,6.8,18.2,4
Just: Mexican Lager,Midnight Project,Lager - Mexican,2022-12-16,3.768,18.0,,,,4.5,,4
Your Quadruple Sour Barbie Juice,Midnight Project,Sour - Fruited,2022-12-23,4.096,15.0,,,,6.8,,4
Rank: Simcoe,Midnight Project,IPA - Imperial / Double,2022-12-23,4.069,70.0,Simcoe,,,6.8,,4
Chaliera: Talus,Malanka,IPA - American,2022-12-23,4.214,60.0,Talus,Pilsner,,6.8,15.5,4
Triple Choc,Saltaire Brewery,Stout - Other,2011-03-05,3.755,,,,,4.8,,4
Dimensity,13 Litar,Strong Ale - Other,2022-12-22,4.036,35.0,"Centennial,Ekuanot","Pilsner,Vienna,Crystal,Black",,6.8,20.5,4
Saturn’s Rings,Calicraft Brewing Company,IPA - American,2018-01-26,3.749,55.0,,,,6.8,,4
Wonder World Beaten Cucumber,Konix Brewery,Sour - Traditional Gose,2021-08-20,3.461,10.0,,,Cucumber,4.5,,4
Sweet Disaster,Heist Brew Co,Sour - Fruited Berliner Weisse,2019-11-14,3.501,4.0,,,,4.2,,4
Hop Headshot: Amarillo,Midnight Project,IPA - Triple,2022-11-17,4.14,111.0,Amarillo,,,6.8,,4
Saĺsa: Fajitas,Malanka,Sour - Other Gose,2022-12-14,4.294,,,Pilsner,"Tomato,Red Pepper,Paprika,Garlic,Salt",5.0,12.0,4
Enigma,13 Litar,IPA - Imperial / Double,2021-05-13,3.968,70.0,Enigma,"Pale Ale,Pilsner",,6.8,18.7,4
American Gothic,Bierstaat,IPA - New England / Hazy,2022-12-13,4.046,40.0,Sabro,,,6.8,,4
Елецкий Крафт,Пивоваренный Завод Панкрат,Lager - Pale,2018-08-06,3.06,,,,,4.8,,3
Play Twice,Jungle Brewery,IPA - Imperial / Double,2022-12-12,4.202,90.0,"Simcoe,Centennial,El Dorado",,,6.8,18.9,4
Belle Blanche,Bierstaat,Wheat Beer - Witbier / Blanche,2022-12-13,3.834,8.0,,,"Orange zest,Coriander",5.3,,4
Nightglow,13 Litar,Porter - Baltic,2022-12-14,4.234,25.0,Centennial,"Vienna,Crystal,Roasted Barley",,6.8,20.0,4
Peachebo,Punchiller,Sour - Fruited,2022-11-29,4.076,,,,Peach,6.0,,4
RUSSIAN IMPERIAL STOUT SMOKED CHERRY,Knightberg,Stout - Russian Imperial,2022-11-01,4.005,,,,,6.8,,4
Hidden Benefits,Zagovor Brewery,IPA - New England / Hazy,2019-12-01,4.011,35.0,,,,6.5,,4
Cascade & Simcoe IPA,Sozhski Beer,IPA - American,2022-11-25,3.839,45.0,"Cascade,Simcoe",,,6.5,,4
Idaho 7 IPA,Sozhski Beer,IPA - American,2022-11-25,3.958,38.0,Idaho 7,,,6.5,,4
Is It Black Enough For You?,Bottle Share,IPA - Imperial / Double Black,2022-03-21,3.912,45.0,,,,6.8,,4
Fallen Moon,13 Litar,Stout - American,2022-12-03,3.973,25.0,"Centennial,Sabro","Vienna,Pilsner,Crystal,Roasted Barley",,6.2,15.0,4
Russian Imperial Stout (barrel #2),Konix Brewery,Stout - Russian Imperial,2016-09-28,4.034,40.0,,,,6.8,,4
Petrus Red,Brouwerij De Brabandere,Sour - Fruited,2013-02-16,3.602,18.0,,,,6.8,,4
Konrad Spytihněv,Konrad,Lager - Pale,2013-10-08,3.202,,,,,6.0,14.0,3
Stout,1516 Pub & Brewery,Stout - Other,2013-07-18,3.721,30.0,,,,5.6,,4
LOLLI-POP,Big Village Brewery,IPA - Imperial / Double New England / Hazy,2022-11-03,4.052,40.0,,,,6.8,,4
IMPERIAL BALTIC PORTER ANNIVERSARY 15%,Knightberg,Porter - Imperial / Double Baltic,2022-11-01,4.165,,,,,6.8,,4
Samarium Banana Strawberry Edition,Nuclear Brewery,Sour - Smoothie / Pastry,2022-08-18,3.927,,,,,4.5,,4
Kikimora Coconut Story | Кикимора с кокосом,Brewlok,Stout - Milk / Sweet,2022-11-11,3.826,,,,,6.5,,4
Doppelbock,Brewlok,Lager - Strong,2018-10-15,3.785,20.0,,,,6.8,,4
Pavietra: Pink Boots,Malanka,Pale Ale - New England / Hazy,2022-12-07,4.012,,Pink Boots,"Pilsner,Flaked Oats",,5.4,12.9,4
Psychodelicious,Jungle Brewery,Sour - Fruited,2022-11-30,4.011,15.0,,,"Lactose,Aronia,Red Currant",5.7,,4
Best,Saltaire Brewery,Bitter - Best,2019-03-15,3.47,,,,,4.4,,4
Radiance,13 Litar,IPA - Imperial / Double,2022-11-29,4.088,60.0,"Sabro,El Dorado","Pilsner,Wheat",,6.8,18.5,4
Good Vibes,Valdsam Bjorn Brewery,Lager - IPL (India Pale Lager),2022-11-29,3.779,25.0,,,,5.0,,4
Populism Pluralism,Jaws,IPA - New England / Hazy,2022-08-05,3.856,,"Cashmere,Idaho 7,El Dorado",,,6.5,16.0,4
Root,Courage Brewery,Sour - Other Gose,2021-12-23,3.826,,,,,5.0,,4
Luigi,GAS Brew,Other,2022-09-09,4.04,10.0,,,,5.0,,4
3 Years Papa,Midnight Project,Stout - Imperial / Double Pastry,2022-12-03,4.343,35.0,,,Cocoa,6.8,,4
Blue Monkey Wheat Ale,Gletcher,Wheat Beer - Witbier / Blanche,2022-04-19,3.538,,,,,5.4,,4
Stay Crazy,Valdsam Bjorn Brewery,IPA - American,2022-10-03,3.936,40.0,,,,6.4,,4
Smoked Tomato,Hops Brewery,Sour - Other Gose,2022-11-17,3.573,,,,"Paprika,Oregano,Himalayan Salt,Black Pepper,Chili,Basil,Tomato",6.0,,3
Caramel Delight,Rewort Brewery,Porter - Other,2022-02-17,3.956,27.0,,,,6.9,19.5,4
Your Quadruple Sour Cranberry Juice,Midnight Project,Sour - Fruited,2022-11-25,4.118,15.0,,,,6.8,,4
ERIS,Midnight Project,Stout - Russian Imperial,2018-06-09,4.364,120.0,,,,6.8,,5
Moravia,13 Litar,Pilsner - Czech / Bohemian,2022-11-19,3.728,30.0,Premiant,Pilsner,,4.5,11.0,4
Dream,Robim Good Brewery,Lager - Dark,2022-10-12,3.545,8.0,,,,4.5,12.0,4
Чехов. Том 1.,Brewlok,Porter - Other,2022-08-04,4.257,,,,,6.8,,4
Old Town,Valaduta,Pale Ale - American,2022-10-14,4.148,25.0,"Simcoe,Mosaic",,,5.5,,4
Cold Fresh Air,Jungle Brewery,IPA - American,2022-11-21,4.123,60.0,"Centennial,Citra,Mosaic",,,6.2,,4
Affligem Blonde,Affligem Brouwerij,Belgian Blonde,,3.532,,,,,6.8,,3
Puzzle: Azacca,Bierstaat,Porter - American,2022-11-22,3.996,25.0,Azacca,,,6.8,,4
Just: Gose,Midnight Project,Sour - Traditional Gose,2022-05-13,4.02,12.0,,,Coriander,5.5,,4
Blanche De Brogelonne,Варница,Wheat Beer - Witbier / Blanche,2016-04-26,2.97,,,,,4.5,,3
Mighty Ravendark,TAKE AWAY,Stout - Milk / Sweet,2022-07-27,3.749,20.0,,,,5.5,,4
Chvalia: Fiejchoa,Malanka,Sour - Fruited,2022-11-16,3.858,,,"Pilsner,Wheat",Feijoa,6.8,23.0,4
Imhla: Mosaic,Malanka,IPA - New England / Hazy,2020-12-01,4.29,,Mosaic,"Pilsner,Flaked Oats",,6.8,16.0,4
Pale Vale,Valdsam Bjorn Brewery,IPA - American,2022-11-15,3.821,47.0,,,,6.5,,4
NOISE NOIR,Black Cat Brewery,Porter - Other,2022-11-07,3.882,10.0,,,,6.5,,4
Keltainen (Келтайнен),Schwarz Kaiser Brewery,Lager - IPL (India Pale Lager),2016-04-21,3.649,22.0,,,,4.5,,4
Zolak: Citra & Mosaic,Malanka,Farmhouse Ale - Grisette,2022-11-18,4.058,52.0,"Citra,Mosaic","Pilsner,Flaked Wheat,Flaked Oats",,3.8,11.2,4
Pastry Shores Pear x Cherry x Mango x Bisquit,GAS Brew,Sour - Smoothie / Pastry,2022-09-12,4.054,,,,,5.0,,4
Velocity,13 Litar,IPA - American,2022-10-26,3.565,40.0,"Centennial,Cashmere","Pale Ale,Pilsner",,6.1,15.0,4
Northwind,13 Litar,Porter - Imperial / Double,2022-11-17,4.186,20.0,"Premiant,Ekuanot","Pilsner,Vienna,Special X,Caraaroma,Roasted Barley",,6.8,21.5,4
Breakline,13 Litar,Brown Ale - American,2022-11-03,3.947,40.0,"Galaxy,Nugget,Columbus","Pilsner,Crystal,Roasted Barley",,6.5,15.0,4
Reeper B. Exotisches IPA,Reepbana,IPA - Session,2017-12-29,2.914,39.0,,,,5.0,11.6,3
Belgian Blond Ale,Konix Brewery,Belgian Blonde,2017-01-22,3.351,20.0,,,,6.1,,3
Тюря томатная,Hophead Brewery,Sour - Other Gose,2022-04-04,3.782,5.0,,,,6.5,,4
Чучвара,Hophead Brewery,Sour - Other Gose,2022-04-04,3.904,5.0,,,,6.5,,4
Pilsner: Tettnanger,Malanka,Pilsner - German,2022-10-28,4.084,33.0,Tettnanger,Pilsner,,5.0,12.0,4
Trasca: Sabro,Malanka,IPA - Triple,2022-11-16,4.251,141.0,Sabro,Pilsner,,6.8,21.5,4
Revenge,13 Litar,IPA - Imperial / Double,2022-11-08,4.086,60.0,"Ekuanot,El Dorado","Pilsner,Wheat",,6.8,18.5,4
Belgian Krone Lager,Brouwerij Martens,Lager - Pale,2021-06-12,2.86,,,,,5.4,,3
Liebenbrau Helles,Kaiser Bräu,Lager - Helles,2020-07-31,3.181,,,,,5.1,,3
Buffalo Peaks Brown,South Park Brewing (Colorado),Brown Ale - English,2015-01-19,3.653,40.0,,,,6.0,,4
Know Your Enemy,Sabotage,IPA - Sour,2022-08-24,3.988,,,,,6.0,,4
Imperial S'mores Stout,South Park Brewing (Colorado),Stout - Russian Imperial,2015-11-29,3.916,,,,,6.8,,4
Бунинъ. Том 6 / Bunin. Volume 6,Brewlok,Stout - Russian Imperial,2021-09-27,3.835,,,,,6.8,,4
Rank: Mosaic,Midnight Project,IPA - Imperial / Double,2022-11-04,4.016,70.0,Mosaic,,,6.8,,4
Алтай Хан,Бочкари,Lager - Euro Pale,2014-05-31,2.748,,,,,4.7,,2
Замковое Фест,Табак-инвест,Märzen,2019-03-16,3.236,,,,,6.0,14.0,3
Repeater 5,Zagovor Brewery,Stout - Russian Imperial,2022-06-17,4.233,,,,,6.8,,4
Session IPA,Berezan's Brewery,IPA - Session,2022-11-27,,30.0,,,,5.0,,4
Duality: Citra & Lemondrop,Bierstaat,IPA - Imperial / Double,2022-11-01,3.942,60.0,"Citra,Lemondrop",,,6.9,,4
Blues APA,Чисто пивоварня,Pale Ale - American,2019-11-22,3.907,45.0,,,,5.3,,4
Belgian Dubbel,Salden’s Brewery,Belgian Dubbel,2014-05-05,3.359,,,,,6.8,,4
Holy Trip,Jaws,Belgian Tripel,2018-11-09,3.661,20.0,"Premiant,Saaz","Pilsner,Melanoidin",,6.8,19.0,4
Holba Premium,Holba,Pilsner - Czech / Bohemian,2010-12-31,3.088,26.0,,,,5.2,,3
Lichamanka: Idaho 7,Malanka,IPA - Imperial / Double,2022-11-09,4.184,130.0,Idaho 7,Pilsner,,6.8,18.5,4
Yellow Dragon,Midnight Project,IPA - Triple New England / Hazy,2022-11-04,4.176,25.0,,,,6.8,,4
Pécsi Prémium Lager,Pécsi Sörfőzde,Lager - Pale,2012-09-29,3.011,20.0,,,,5.0,,3
Паўночнае ззянне,Прамень,Stout - Oatmeal,2022-11-01,3.964,20.0,,,,6.6,,4
Tomato,Hops Brewery,Sour - Other Gose,2022-10-17,3.647,,,,"Tomato,Chili,Oregano,Garlic,Himalayan Salt,Basil",6.0,,3
Прастора Talus,Прамень,IPA - American,2022-10-25,3.668,35.0,Talus,,,6.3,,4
Weissbier,Augustiner-Bräu München,Wheat Beer - Hefeweizen,2011-01-02,3.67,14.0,,,,5.4,,4
Cynic / Green Edition,Jaws,Sour - Flanders Oud Bruin,2022-05-06,3.876,7.0,,,,5.5,,4
Sparklingcat,Midnight Project,IPA - Brut,2022-10-21,3.978,15.0,,,,6.8,,4
Vivid Vision,GAS Brew,Wild Ale - Other,2022-04-26,4.025,,,,,6.8,,4
Бунинъ. Том 7 / Bunin. Volume 7,Brewlok,Stout - Russian Imperial,2021-12-03,4.224,,,,,6.8,,4
Bad Beat: Citra & Ekuanot,Midnight Project,IPA - Imperial / Double,2022-10-28,4.032,70.0,"Citra,Ekuanot",,,6.8,,4
Cashmere,13 Litar,IPA - American,2021-06-17,3.861,40.0,Cashmere,Pilsner,,5.9,15.0,4
Крафтовое,Арбат,Blonde Ale,2015-05-26,2.805,,,,,5.8,,4
Talus,Bierstaat,IPA - Imperial / Double,2022-10-25,3.936,60.0,Talus,,,6.9,,4
Augend & Addend,Red Button Brewery,Barleywine - Other,2021-12-13,3.644,,,,Peanut,6.8,,4
Lost Wish,Bierbank,IPA - American,2022-10-18,4.063,55.0,"Mosaic,El Dorado",,,6.7,,4
Rager: BRU-1,Valaduta,IPA - Imperial / Double,2022-10-23,4.104,70.0,BRU-1,,,6.8,,4
Reversion,Jungle Brewery,IPA - Imperial / Double,2022-10-24,4.23,80.0,"Columbus,Topaz,Centennial,Citra,Simcoe,Idaho 7",,,6.8,20.2,4
Populism Talus + Mosaic,Jaws,IPA - New England / Hazy,2022-09-02,3.929,,,,,6.5,,4
Mitrenha: Galaxy & Vista,Malanka,IPA - Imperial / Double,2022-10-26,4.109,135.0,"Galaxy,Vista",Pilsner,,6.8,18.4,4
Gothic Smoke,Midnight Project,Bock - Doppelbock,2022-10-21,4.012,35.0,,,,6.8,,4
Compassion,13 Litar,Stout - Foreign / Export,2022-10-20,3.951,30.0,"Centennial,Cascade","Pilsner,Vienna,Crystal,Roasted Barley",,6.8,18.5,4
Burning Fox,"Midnight Project,Hophead Brewery",Sour - Other Gose,2022-09-22,3.906,15.0,,,"Mushrooms,Coriander,Black Pepper,Allspice,Oregano,Parsley,Salt",6.5,,4
Saĺsa: Carolina Reaper & Habanero,Malanka,Sour - Other Gose,2022-09-23,4.354,,,"Pilsner,Flaked Wheat","Red Pepper,Salt,Tomato",4.0,12.0,4
Your Quadruple Sour Purple Juice,Midnight Project,Sour - Fruited,2020-04-18,4.225,15.0,,,Blueberry,6.8,,4
Moonstone: Colombia Popayan Kauka Reserve,Midnight Project,Stout - Imperial / Double Coffee,2022-10-03,4.47,40.0,,,Coffee,6.8,,4
West Wave: Columbus & Citra,Midnight Project,IPA - American,2022-10-21,3.984,50.0,"Columbus,Citra",,,6.5,,4
Smuha: Pink Boots,Malanka,IPA - Imperial / Double New England / Hazy,2022-10-14,4.27,,Pink Boots,"Pilsner,Flaked Oats",,6.8,18.7,4
Enveloped,Valdsam Bjorn Brewery,Porter - Imperial / Double,2022-10-11,3.94,40.0,,,,6.8,,4
Bavik Super Wit,Brouwerij De Brabandere,Wheat Beer - Witbier / Blanche,2020-11-06,3.425,,,,,5.0,,3
Pavietra: Medusa,Malanka,Pale Ale - New England / Hazy,2022-10-07,4.199,,Medusa,"Pilsner,Flaked Oats",,4.7,12.0,4
The Rush,Jungle Brewery,IPA - American,2022-10-10,4.083,50.0,"Columbus,Simcoe,Amarillo,Mosaic,Zappa,Citra",,,5.7,14.0,4
Don’t Look Up: Plantation Rum BA,Midnight Project,Stout - Imperial / Double Pastry,2022-10-14,4.221,40.0,,,,6.8,,4
IPA,13 Litar,IPA - American,2016-03-24,3.901,50.0,"Premiant,Simcoe,Kazbek,Jarrylo","Pale Ale,Pilsner,Munich,Caraaroma,Carared",,5.1,15.0,3
Warped Minds,Jungle Brewery,IPA - New England / Hazy,2022-10-06,4.053,35.0,"Mosaic,Medusa,Zappa",,,6.0,15.0,4
Dark Outcast,Midnight Project,Stout - Imperial / Double,2022-10-01,4.188,20.0,,,,6.8,,4
Dryhva: Calvados BA,"Malanka,Plague Brew",Porter - Imperial / Double Baltic,2022-10-12,4.351,,,"Munich,Whisky,Smoked,Cara Clair,Cara Ruby",,6.8,27.0,4
Hammerheart,Plan B Brewery,Strong Ale - American,2021-12-24,3.983,50.0,Simcoe,,,6.8,,4
Assimilation: Centennial+Zappa,13 Litar,IPA - Imperial / Double,2022-10-12,3.983,60.0,"Centennial,Zappa",Pilsner,,6.8,18.5,4
Unexpected,Valdsam Bjorn Brewery,Porter - Imperial / Double,2022-10-11,4.236,40.0,,,,6.8,,4
Calm Down,Hops Brewery,Pale Ale - New England / Hazy,2022-07-22,3.954,25.0,,,,4.8,,4
Oktoberfest IPA,Hops Brewery,IPA - American,2022-09-16,3.901,45.0,,,,6.8,,4
Queen Anne III,Velka Morava,Barleywine - English,2022-04-11,3.823,,,,,6.8,,4
Pramień: Abliapicha,Malanka,Farmhouse Ale - Saison,2022-05-11,4.196,,,"Pilsner,Flaked Wheat",Sea buckthorn,6.3,13.0,4
Folded Hands,Zagovor Brewery,IPA - Imperial / Double New England / Hazy,2022-04-08,4.113,35.0,,,,6.8,,4
Tauras Tradicinis,Kalnapilio-Tauro,Lager - Pale,2013-07-05,2.884,,,,,6.0,,3
Colombiana,13 Litar,IPA - Black / Cascadian Dark Ale,2022-10-05,3.842,45.0,Columbus,"Pilsner,Roasted Barley",,6.3,15.0,4
Key Light,GAS Brew,Barleywine - American,2022-09-12,3.691,,,,,6.8,,4
Dryhva: Brandy BA,"Malanka,Plague Brew",Porter - Imperial / Double Baltic,2022-10-05,4.348,,,"Munich,Smoked,Whisky,Cara Clair,Cara Ruby",,6.8,27.0,4
Grotwerg Bayerisch Hell,Arcobräu,Lager - Helles,2013-12-11,3.2,,,,,4.9,,3
Candy Flip,GAS Brew,Barleywine - Other,2022-09-12,3.878,,,,,6.8,,4
Holy Dark,Jaws,Belgian Strong Dark Ale,2019-05-08,3.605,,,,,6.8,,4
Медовуха,Bierstaat,Mead - Other,2019-03-24,3.491,,,,,5.0,,4
Pécsi APA,Pécsi Sörfőzde,Pale Ale - American,2018-08-14,3.024,,,,,5.0,,4
Maisel's Weisse Dunkel,Brauerei Gebr. Maisel,Wheat Beer - Dunkelweizen,2011-07-04,3.514,12.0,,,,5.0,,4
Flight Mode,GAS Brew,Porter - Baltic,2022-09-09,3.995,,,,,6.8,,4
City Limits,Jungle Brewery,IPA - American,2022-09-08,4.129,50.0,"Chinook,Citra,Cascade",,,5.8,14.0,4
Rager: Idaho 7,Valaduta,IPA - Imperial / Double,2022-09-05,4.293,70.0,Idaho 7,,,6.8,,4
American Pale Ale,13 Litar,Pale Ale - American,2016-08-17,3.891,35.0,,,,5.0,,4
Tweed Club,Rewort Brewery,Stout - Imperial / Double,2022-04-16,3.879,55.0,,,,6.8,,4
Pécsi Prémium Barna,Pécsi Sörfőzde,Lager - Dark,2020-07-02,3.109,,,,,5.8,,4
Pécsi Prémium Búza,Pécsi Sörfőzde,Wheat Beer - Hefeweizen,2018-03-16,3.103,,,,,5.0,,3
Just: Kölsch,Midnight Project,Kölsch,2022-07-29,3.776,22.0,,,,4.9,,4
Nectar Noir,Jaws,Stout - Russian Imperial,2022-07-10,4.095,,,,,6.8,,4
Vershovice Tmavý Ležák,Samson,Lager - Dark,2022-09-09,3.278,,,,,4.5,,4
Postoverhype,"AF Brew,Zagovor Brewery,Wild Lab,Stamm Brewing",Stout - Imperial / Double,2022-08-18,4.085,50.0,,,,6.8,,4
Хваля: Zappa,Прамень,Pale Ale - American,2022-09-20,3.605,25.0,Zappa,,,5.0,,4
Dream Sequence,Jungle Brewery,Porter - Other,2022-09-19,4.049,25.0,,,,6.8,17.0,4
Heavy Traffic,Jungle Brewery,IPA - White / Wheat,2022-09-19,4.105,45.0,"Simcoe,Citra,Mosaic,Medusa",,,6.0,14.0,4
Pošasć: El Dorado,Malanka,IPA - Quadruple,2022-09-07,4.191,175.0,El Dorado,Pilsner,,6.8,24.0,4
Imhla: Simcoe,Malanka,IPA - New England / Hazy,2022-09-21,4.216,,Simcoe,"Pilsner,Flaked Oats",,6.8,17.0,4
Smuha: Vista,Malanka,IPA - Imperial / Double New England / Hazy,2022-09-14,4.132,,Vista,"Pilsner,Flaked Oats",,6.8,18.2,4
Варяг,Brewlok,Porter - Baltic,2016-09-22,3.763,,,,,6.0,,4
Dunkel Berg,Бочкари,Lager - Munich Dunkel,2015-07-19,2.949,,,,,4.3,,3
Трюфель Шоколад,084Brewery,Stout - Russian Imperial,2022-09-12,3.998,30.0,,,,6.8,,4
Space Barrel,084Brewery,Stout - Russian Imperial,2019-01-10,3.707,60.0,,,,6.8,,4
Party Break,Midnight Project,Pale Ale - American,2022-09-01,3.889,35.0,Idaho 7,,,5.5,,4
Octopus,Big Village Brewery,IPA - New England / Hazy,2021-12-03,4.006,35.0,"Galaxy,Mosaic,Citra",,,6.8,,4
Lichamanka: HBC 586,Malanka,IPA - Imperial / Double,2022-09-16,4.258,145.0,HBC586,Pilsner,,6.8,19.3,4
Mixdown,13 Litar,IPA - Session,2022-09-07,3.714,40.0,"Columbus,Citra,Mosaic","Pale Ale,Pilsner",,4.8,11.7,4
Citraizen,Jaws,Wheat Beer - Kristallweizen,2015-07-17,3.801,20.0,"Citra,Perle","Wheat,Pilsner,Crystal",,4.8,13.0,4
Айдаха Medusa Ed.,Прамень,Pale Ale - American,2022-07-07,3.514,30.0,"Idaho Gem,Medusa",,,6.0,,4
Backstage,13 Litar,IPA - American,2022-09-14,3.695,50.0,"Columbus,Galaxy","Pale Ale,Pilsner",,6.5,15.5,4
Sound Wave,Bierstaat,Stout - Milk / Sweet,2022-09-12,4.109,17.0,,,,6.8,,4
Vershovice Světlý Ležák,Samson,Pilsner - Czech / Bohemian,2022-09-09,3.354,,,,,4.7,,3
Buddy Kraft Blanche,Липецкпиво,Wheat Beer - Other,2022-06-11,2.338,,,,,4.4,,2
Bones,Pike Season Brewery,Sour - Flanders Red Ale,2022-06-03,3.708,,,,,5.2,,4
Abšar: Talus,Malanka,IPA - White / Wheat,2022-08-31,4.205,,Talus,"Pilsner,Wheat",,6.8,18.0,4
Icon,Robim Good Brewery,IPA - American,2022-08-29,3.705,65.0,"Topaz,Pacific Gem,Galaxy,Mosaic",,,6.6,16.5,2
Vinyl: Sabro & Zappa,Bierstaat,Pale Ale - American,2022-08-30,3.79,30.0,"Sabro,Zappa",,,4.8,,4
The Primal Instinct,Jungle Brewery,IPA - New England / Hazy,2022-08-29,4.17,40.0,"Sabro,Talus,Mosaic",,,6.7,15.9,4
Lemon Pie,Mad Frog Brewery,IPA - Milkshake,2019-08-09,3.927,20.0,,,,5.4,15.0,4
Zavieja: Citra & Simcoe,Malanka,IPA - Imperial / Double New England / Hazy,2022-09-08,4.222,,"Citra,Simcoe","Pilsner,Flaked Oats",,6.8,18.2,4
Remedy,13 Litar,IPA - American,2022-08-24,3.739,40.0,"Simcoe,Sabro,Centennial","Pilsner,Wheat",,6.3,15.0,4
Борщ Петровский,Hophead Brewery,Sour - Other Gose,2022-04-04,4.076,5.0,,,,6.5,,4
Brewtality: Heaven Hill BA,"Midnight Project,AF Brew",Stout - Imperial / Double,2022-09-01,4.429,55.0,,,"Vanilla,Coconut",6.8,,4
What Is Azacca?..,13 Litar,IPA - Imperial / Double,2022-08-31,3.823,60.0,Azacca,"Pale Ale,Pilsner",,6.8,18.0,4
Konrad 12°,Konrad,Pilsner - Czech / Bohemian,,3.095,,,,,5.2,,3
Liebenweiss Hefe Weissbier,Kaiser Bräu,Wheat Beer - Hefeweizen,2012-01-05,3.533,,,,,5.1,,3
Schlosskeller Unfiltered,Белый Кремль (Bely Kreml),Kellerbier / Zwickelbier,2020-08-20,2.558,,,,,4.7,,2
Martens Pils,Brouwerij Martens,Pilsner - Other,,2.898,,,,,5.0,,3
Стаут,Chester Brewery,Stout - Milk / Sweet,2020-11-24,3.244,23.0,,,,5.5,,3
From the Black,13 Litar,Porter - English,2022-08-17,3.854,18.0,"Loral,Tettnanger","Pilsner,Crystal,Black",,6.0,15.0,4
Beech Soot,Valaduta,Smoked Beer,2022-08-23,4.348,25.0,,,,5.7,,4
Stencil,Zagovor Brewery,Sour - Traditional Gose,2018-03-21,3.983,10.0,,,,6.8,16.0,4
American Pale Ale,13 Litar,Pale Ale - American,2016-08-17,3.891,35.0,,,,5.0,,4
Hard Feelings,Jungle Brewery,IPA - Imperial / Double,2022-08-22,4.218,80.0,"Simcoe,Azacca,Mosaic,Chinook",,,6.8,18.9,4
Strakovice Psenice,Варница,Wheat Beer - Hefeweizen,2020-12-20,3.102,,,,,4.7,,4
Eichbaum Hefeweizen Hell,Privatbrauerei Eichbaum,Wheat Beer - Hefeweizen,,3.294,,,,,5.2,,3
Stammgast Gold Alkoholfrei,Feldschlößchen Dresden,Non-Alcoholic Beer - Other,2019-07-17,2.77,,,,,0.5,,3
Kristoffel Belgian White Beer,Brouwerij Martens,Wheat Beer - Witbier / Blanche,2015-05-09,3.332,,,,,5.0,,3
Bohemian Premium Dark Lager,Old Prague,Lager - Dark,2019-05-10,3.095,,,,,4.4,,4
Прастора: Amarillo & Dr. Rudi,Прамень,IPA - American,2022-08-09,3.722,40.0,"Amarillo,Dr Rudi",,,6.7,,4
Steininger Hefe Weissbier,Privatbrauerei Eichbaum,Wheat Beer - Hefeweizen,2015-09-04,3.032,,,,,5.2,,3
Emotion,Bierstaat,Stout - Milk / Sweet,2022-08-02,3.899,16.0,,,Lactose,6.5,,4
Saltence,13 Litar,Sour - Traditional Gose,2022-08-02,3.484,15.0,Loral,"Pilsner,Wheat",Salt,5.0,12.5,4
Five Grains Porter,Salden’s Brewery,Porter - Other,2017-03-01,3.796,,,,,6.8,,4
Divine Fog: Cashmere,Midnight Project,Pale Ale - New England / Hazy,2022-08-11,3.951,,Cashmere,,,5.5,,4
Spin Vibe: Black Currant Orange,"Plague Brew,Carousel Brewery",Sour - Fruited Berliner Weisse,2022-07-05,4.126,5.0,,,"Black Currant,Orange",5.3,,4
Sensual Seduction,Rewort Brewery,Stout - Other,2022-05-05,3.892,21.0,,,,6.7,,4
Just: Czech Pilsner,Midnight Project,Pilsner - Czech / Bohemian,2022-07-22,3.887,25.0,,,,5.0,,4
Saĺsa: Chinese BBQ,Malanka,Sour - Other Gose,2022-08-12,4.476,,,Pilsner,"Tomato,Sweet Pepper,Szuchuan Pepper,Red Pepper",4.0,12.0,4
Imhla: Nelson Sauvin,Malanka,IPA - New England / Hazy,2022-08-09,4.244,,Nelson Sauvin,"Pilsner,Flaked Oats",,6.0,15.0,4
Пивная карта. Blond Ale,Крыніца,Belgian Blonde,2022-06-21,3.187,10.0,,,,5.0,12.0,4
Mist Around,Jungle Brewery,Pale Ale - New England / Hazy,2022-08-08,4.025,40.0,"Sabro,Amarillo,Mosaic,Citra",,,5.2,12.4,4
Tkemali,Bierstaat,Sour - Traditional Gose,2020-08-27,3.916,10.0,,,,5.5,,4
Assimilation: Sabro + Cascade,13 Litar,IPA - Imperial / Double,2022-08-08,4.038,60.0,"Sabro,Cascade","Pilsner,Wheat",,6.8,18.0,4
Plum Soot,Valaduta,Smoked Beer,2022-08-09,4.262,25.0,,,,5.7,,4
Senojo Vilniaus Šviesusis Nefiltruotas,Vilniaus Alus,Lager - Pale,2011-07-14,3.228,11.0,,,,5.0,,4
Strakovice Tmavé,Варница,Lager - Dark,2021-02-03,3.161,,,,,4.5,,3
White Squall,Hops Brewery,IPA - White / Wheat,2022-08-08,3.868,50.0,"Mosaic,Citra,Warrior",,,6.6,,4
Stammgast Hefeweizen,Oettinger Brauerei,Wheat Beer - Hefeweizen,2012-09-23,3.326,,,,,5.0,,4
West Wave: Cashmere & Mosaic,Midnight Project,IPA - American,2022-08-04,4.042,50.0,"Cashmere,Mosaic",,,6.5,,4
Sky Beyond Sky,Jungle Brewery,IPA - Imperial / Double,2022-06-30,4.288,90.0,"Simcoe,Citra,Amarillo",,,6.8,18.2,4
Divine Fog: Vista,Midnight Project,Pale Ale - New England / Hazy,2022-07-29,3.969,,Vista,,,5.5,,4
Urstein Dunkel,Двинский бровар,Lager - Munich Dunkel,2013-03-09,2.956,,,,,4.8,,4
Most Wonderful Time 4 A Beer,Red Button Brewery,Stout - Milk / Sweet,2017-12-12,3.952,30.0,,,,5.0,,4
Wake Up! Waimea & Ahtanum,Bierstaat,IPA - American,2022-07-12,3.625,40.0,"Waimea,Ahtanum",,,6.8,,4
Forever MA,Rewort Brewery,Pale Ale - American,2021-11-23,3.826,27.0,"Mosaic,Citra",,,5.5,,4
Expression,Bierstaat,Stout - Milk / Sweet,2022-08-02,3.858,15.0,,,,5.5,,4
Scratch,Midnight Project,Pale Ale - American,2022-07-22,3.931,35.0,"El Dorado,Citra,Simcoe",,,5.9,,4
Wasted Youth,Zagovor Brewery,Pale Ale - American,2014-08-22,3.838,38.0,,,,5.5,,4
Blacklist,13 Litar,IPA - Black / Cascadian Dark Ale,2022-07-25,3.807,45.0,Amarillo,"Pilsner,Black",,6.3,15.5,4
Cascadian APA,AK Brewery,Pale Ale - American,2022-03-29,3.479,30.0,,,,6.2,,4
Ogorod Peach & Yuzu,Pivot Point,Sour - Berliner Weisse,2020-04-19,3.772,8.0,,,"Peach,Yuzu",4.7,,4
Взлом,4BREWERS,Stout - Imperial / Double Pastry,2022-07-05,3.993,,,,"Coconut,Chocolate,Vanilla",6.9,,4
Black DIPA,AK Brewery,IPA - Imperial / Double Black,2021-12-18,3.786,111.0,,,,6.8,,4
Dark Side,Bath Ales,Stout - English,2010-10-06,3.47,,,,,4.0,,4
Mlosć: Sabro,Malanka,Pale Ale - American,2022-07-19,4.264,50.0,Sabro,Pilsner,,5.5,13.5,4
Pavietra: Lemondrop,Malanka,Pale Ale - New England / Hazy,2022-07-27,4.077,,Lemondrop,"Pilsner,Flaked Oats",,4.7,12.0,4
Breaking Codes,Jungle Brewery,IPA - Imperial / Double,2022-07-18,4.278,85.0,"El Dorado,Amarillo,Galaxy",,,6.8,18.2,4
Smuha: HBC 630,Malanka,IPA - Imperial / Double New England / Hazy,2022-07-21,4.279,,HBC630,"Pilsner,Flaked Oats",,6.8,18.5,4
BraufactuM German Pale Ale,Radeberger,Pale Ale - Other,2018-06-07,3.394,,"Comet,Calista,Herkules","Pilsner,Caramel",,5.0,,4
Žatecký Gus Nefiltrovaný,Балтика,Kellerbier / Zwickelbier,2021-04-03,2.619,,Saaz,,,4.8,,2
Blanche Dè LION,Česky Lev,Wheat Beer - Witbier / Blanche,2021-06-09,2.989,,,,,4.7,,3
Average Bear,XP Brew,Stout - Milk / Sweet,2017-02-23,3.662,25.0,,,,5.0,,4
Stammgast Lager,Oettinger Brauerei,Lager - Helles,,3.102,35.0,,,,5.0,,3
Alder Soot,Valaduta,Smoked Beer,2022-07-11,4.305,25.0,,,,6.0,,4
The Infinity Gauntlet,Midnight Project,Stout - Russian Imperial,2019-06-29,4.31,50.0,,,Tonka Beans,6.8,,4
Nautilus & Zeppelin,Rewort Brewery,Barleywine - Other,2022-04-16,3.943,47.0,,,,6.8,,4
Macro Series: Berries Barrels Broken Beans,Jaws,Stout - Russian Imperial,2021-12-17,4.033,40.0,,,,6.8,,5
Oatmeal Stout,13 Litar,Stout - Oatmeal,2016-10-26,3.645,30.0,"Warrior,Sladek,Kazbek,Fuggle","Pilsner,Munich,Caraaroma,Chocolate,Oats",,5.8,,4
Есенин,Brewlok,Stout - Russian Imperial,2019-11-21,4.237,,,,Tonka Beans,6.8,,3
Sunflower,13 Litar,IPA - Imperial / Double,2022-07-06,3.844,60.0,"Loral,Centennial","Pale Ale,Pilsner",,6.8,17.5,4
Greek Fire,Axiom Brewery,Stout - Russian Imperial,2019-07-17,3.75,60.0,,,,6.8,,4
Cloudy St. Petersburg,Midnight Project,Pale Ale - New England / Hazy,2022-07-08,4.049,,"Sabro,Talus",,,3.0,,4
1664 Rosé,Kronenbourg,Fruit Beer,2013-08-02,2.831,15.0,,,,4.5,,3
Motörhop,Sabotage,Porter - American,2019-08-23,3.785,40.0,"Mosaic,Chinook,Citra",,,6.8,,4
Ardrishaig,Plague Brew,Porter - Other,2022-04-11,3.849,45.0,,,,6.8,,4
Lichamanka: Pahto,Malanka,IPA - Imperial / Double,2022-03-23,4.205,100.0,,Pilsner,,6.8,18.0,4
I Need A Zero: Apple & Black Currant,Black Cat Zero,Non-Alcoholic Beer - Sour,2022-06-03,3.685,,,,,0.5,,4
Dark Lager,Fanatic Brewing Center,Lager - Dark,2020-09-12,3.238,14.0,,,,4.3,,4
Pavaloka: Citra & Sabro,Malanka,IPA - Triple New England / Hazy,2022-06-29,4.447,,"Citra,Sabro","Pilsner,Flaked Oats",,6.8,21.0,4
Lichamanka: Galaxy,Malanka,IPA - Imperial / Double,2022-07-06,4.216,80.0,Galaxy,Pilsner,,6.8,18.5,4
Winston Pepper,"LaBEERint Brewery,F&S Brewery",Stout - Russian Imperial,2020-01-20,3.921,,,,"Tonka Beans,Black Pepper",6.8,,4
Lagervar Weiss,Лакинский пивзавод,Wheat Beer - Other,2022-03-08,2.564,,,,,4.7,,2
Lagervar Amber,Лакинский пивзавод,Lager - Amber / Red,2021-09-04,2.675,,,,,5.2,,2
Just: Hefeweizen,Midnight Project,Wheat Beer - Hefeweizen,2022-06-10,3.868,11.0,,,,5.8,,4
La Pénitence,Midnight Project,Belgian Dubbel,2022-07-01,3.87,24.0,,,,6.8,,4
Rager: Cashmere,Valaduta,IPA - Imperial / Double,2022-06-27,4.274,70.0,Cashmere,,,6.8,,4
Currant Mood,Rewort Brewery,Sour - Fruited,2018-09-11,3.842,13.0,,,,5.8,15.5,4
Simple Dimple,"Midnight Project,Paragraph",Pale Ale - New England / Hazy,2022-06-24,3.919,,"Citra,Cryo Pop",,,3.0,,4
Just: American IPA,Midnight Project,IPA - American,2022-06-24,3.978,45.0,"Mosaic,Citra",,,5.5,,4
Chaliera: Citra & Galaxy & Kohatu,Malanka,IPA - American,2022-06-21,4.278,60.0,"Citra,Galaxy,Kohatu",Pilsner,,6.0,15.0,4
Зависимость Укропная,4BREWERS,Sour - Other Gose,2022-02-21,4.096,,,,,6.9,,4
Lucha Fighter,4BREWERS,IPA - Red,2016-10-23,3.811,67.0,Vic Secret,,,6.8,,4
Weiss Berg Вишня,Бочкари,Fruit Beer,2018-07-15,3.114,,,,,4.0,,3
Milk Flow,Midnight Project,Stout - Imperial / Double Milk,2022-06-17,4.126,25.0,,,Lactose,6.8,,4
Brauberg Original,Крыніца,Lager - Helles,2021-03-11,2.666,,,,,4.0,,3
Faxe Premium,Royal Unibrew,Lager - Pale,2011-07-30,2.979,,,,,5.0,,3
Petrus Cranberry Rosé,Brouwerij De Brabandere,Sour - Fruited,2021-05-05,3.74,,,,,5.0,,4
Smokie Doke (Extra Hot),Jungle Brewery,Chilli / Chile Beer,2022-06-14,4.275,12.0,,,"Himalayan Salt,Garlic,Paprika,Red Pepper,Tomato",5.3,12.2,4
Poklič: Dźmuchaŭcy,Malanka,Farmhouse Ale - Saison,2021-07-06,4.079,,Columbus,Pilsner,Dandelion,6.9,13.0,4
Birthday Batch For Cute Spontan,Midnight Project,Stout - Imperial / Double Pastry,2021-12-05,4.272,40.0,,,,6.8,,4
Underground Ale,Gletcher,Bitter - Session / Ordinary,2022-05-05,3.512,15.0,,,,4.7,,3
Duality: Lupulin Ekuanot & Medusa,Bierstaat,IPA - Imperial / Double,2022-06-07,4.021,55.0,"Ekuanot,Medusa",,,6.9,,4
Mushroom Carousel,"Bierbank,Carousel Brewery",Sour - Other Gose,2022-03-26,4.211,7.0,,,,4.1,,4
Sweet Start of the Games,Midnight Project,IPA - Imperial / Double New England / Hazy,2022-06-17,4.038,,"Azacca,El Dorado,Ekuanot",,,6.8,,4
Rising Sun,13 Litar,Lager - IPL (India Pale Lager),2022-06-14,3.739,35.0,"Loral,Simcoe,Idaho 7",Pilsner,,5.3,13.5,4
Mind In Motion,Jungle Brewery,Stout - Milk / Sweet,2022-06-14,4.137,20.0,"Chinook,Simcoe",,Lactose,6.3,18.2,4
Атолла,Brewlok,Stout - Milk / Sweet,2022-04-27,3.75,,,,,6.8,,4
Blackberry Blood,Zavod,Sour - Fruited,2021-04-12,3.972,,,,Blackberry,4.4,,4
Похищение человеков инопланетянами,4BREWERS,IPA - White / Wheat,2016-10-23,3.882,67.0,"Citra,Chinook",,,6.8,,4
MANGO,Горьковская пивоварня,Fruit Beer,2020-11-14,2.83,8.0,,,,5.0,,2
Saule Dunkel,Valaduta,Wheat Beer - Dunkelweizen,2022-04-26,4.033,10.0,,,,5.0,,4
Mičelada: Hrejpfrut & Habanera,Malanka,Sour - Other Gose,2022-06-14,4.347,,,"Pilsner,Flaked Wheat","Tomato,Grapefruit,Red Pepper,Salt",4.0,12.0,4
Divine Fog: Sabro,Midnight Project,Pale Ale - New England / Hazy,2022-06-10,3.856,,Sabro,,,5.5,,4
After 6,Red Button Brewery,Stout - Milk / Sweet,2022-04-19,4.143,,,,,6.0,,4
La Paloma,Rewort Brewery,Sour - Fruited Gose,2022-04-16,3.875,,,,,6.2,,4
Full Tank,Big Village Brewery,IPA - Black / Cascadian Dark Ale,2022-05-06,3.828,70.0,,,,6.8,,4
Imža: Parečka i miata,Malanka,Sour - Fruited Berliner Weisse,2022-06-08,4.121,,,"Pilsner,Flaked Wheat","Red Currant,Mint",3.5,9.0,4
Refresh.exe /Calamansi,Midnight Project,Sour - Fruited Gose,2022-05-13,4.022,12.0,,,Calamansi,5.5,,4
Just: Helles Lager,Midnight Project,Lager - Helles,2022-06-10,3.818,12.0,,,,4.5,,4
Smokie Doke,Jungle Brewery,Sour - Other Gose,2022-06-01,4.036,12.0,,,"Himalayan Salt,Garlic,Paprika,Yellow Pepper,Red Pepper",5.3,12.2,4
Silence & Ataraxy,Rewort Brewery,Stout - Russian Imperial,2022-04-25,4.0,31.0,,,,6.8,,4
Black Werewolf,Hophead Brewery,IPA - Black / Cascadian Dark Ale,2021-12-15,3.781,80.0,"Simcoe,Cascade,Centennial",,,6.5,,4
Inflection Point,Jungle Brewery,IPA - American,2022-06-06,4.183,50.0,"Chinook,Simcoe,Idaho 7",,,5.7,13.8,4
Eibauer Dunkler Bock,Privatbrauerei Eibau i. Sa. GmbH,Bock - Single / Traditional,,3.41,20.0,,,,6.7,16.0,3
Hofbräu Original,Hofbräuhaus München,Lager - Helles,,3.546,24.0,,,,5.2,,4
Ocean Keeper,Valdsam Bjorn Brewery,Sour - Traditional Gose,2021-07-07,3.867,10.0,,,,6.5,,4
Corona Extra,Grupo Modelo,Lager - American,,3.135,19.0,,,,4.5,,3
Cherry Temptation,Hops Brewery,IPA - Imperial / Double Milkshake,2022-04-08,4.01,25.0,"Mosaic,Citra",,Cherry,6.8,,4
Morak: Žytniovy,Malanka,Porter - Imperial / Double Baltic,2022-06-02,4.31,,,"Carahell,Special X,Munich,Vienna,Biscuit,Rye",Caraway,6.8,26.0,4
Planet TrES-2b,Midnight Project,Stout - Russian Imperial,2019-01-26,4.109,55.0,,,,6.8,,4
Bohemian Pilsner,Gubernija,Pilsner - Czech / Bohemian,2021-04-23,2.933,,,,,4.6,,3
Pancho Villa,Coma Brewery,Sour - Smoothie / Pastry,2022-02-01,3.972,,,,,6.1,,4
Inspiration,13 Litar,Wheat Beer - American Pale Wheat,2022-06-29,3.693,40.0,Citra,"Pilsner,Wheat",,5.2,13.0,4
Lighthouse,13 Litar,IPA - Session,2022-05-30,3.768,35.0,"Simcoe,Sabro","Pilsner,Wheat",,4.9,12.0,4
Lava Run,Hop Logic,Spiced / Herbed Beer,2021-07-19,3.952,10.0,,,,5.4,,4
Лунная Нефть,Sabotage,Stout - Imperial / Double,2020-10-30,3.827,,,,,6.8,,4
J Pils,Jungle Brewery,Pilsner - Czech / Bohemian,2022-05-18,4.08,35.0,,,,4.9,14.0,4
Mild,Malanka,Mild - Dark,2022-06-01,3.872,22.0,East Kent Golding,"Maris Otter,Pilsner,Chocolate,Caraaroma,Vienna",,3.8,11.0,4
Weizen,1516 Pub & Brewery,Wheat Beer - Hefeweizen,2013-07-18,3.537,,,,,4.9,,4
Hop Headshot: Pahto,Midnight Project,IPA - Triple,2022-05-27,4.125,111.0,Pahto,,,6.8,,4
Idol,4IT 6r3w3ry,Sour - Fruited,2020-07-21,4.112,20.0,,,Strawberry,4.5,,4
Stammgast Gold Alkoholfrei,Feldschlößchen Dresden,Non-Alcoholic Beer - Other,2019-07-17,2.77,,,,,0.5,,3
Single Hop Player: Idaho7,Midnight Project,IPA - American,2022-05-27,3.961,50.0,Idaho 7,,,6.8,,4
Working Class Hero: Loral,13 Litar,Porter - English,2022-05-26,4.005,25.0,Loral,"Pilsner,Vienna,Crystal,Black",,5.6,14.5,4
České Ezék,Варница,Lager - Euro Pale,2014-04-30,2.662,,,,,4.7,,2
Blasphemy,Valaduta,Barleywine - English,2021-12-21,4.591,70.0,,,,6.8,,4
Mlosć: Loral,Malanka,Pale Ale - American,2022-04-06,4.139,50.0,Loral,Pilsner,,5.3,13.5,4
Zavieja: Mosaic & Simcoe,Malanka,IPA - Imperial / Double New England / Hazy,2022-05-26,4.332,,"Mosaic,Simcoe","Pilsner,Flaked Oats",,6.8,18.0,4
Mroiva: Nelson Sauvin & Motueka & Mosaic,Malanka,IPA - Session,2022-05-24,4.368,,"Nelson Sauvin,Motueka,Mosaic","Pilsner,Flaked Oats",,3.8,14.0,4
Mitrenha: Cashmere & Mosaic,Malanka,IPA - Imperial / Double,2022-05-25,4.241,80.0,"Cashmere,Mosaic",Pilsner,,6.8,18.0,4
Aloha,Bierstaat,Stout - Milk / Sweet,2022-05-23,4.004,16.0,BRU-1,,Lactose,6.5,,4
Wake Up! Sitiva,Bierstaat,IPA - American,2022-05-23,3.834,40.0,Sitiva,,,6.8,,4
West Wave: Centennial & Chinook,Midnight Project,IPA - American,2022-04-29,4.005,50.0,,,,6.5,,4
Rank: Amarillo,Midnight Project,IPA - Imperial / Double,2022-04-29,4.009,70.0,,,,6.8,,4
Hobbits Hole,LaBEERint Brewery,Pale Ale - New Zealand,2020-08-22,3.593,50.0,,,,5.0,,4
Suburban Poison,"Jungle Brewery,Blood Brothers Brewery,Verden Brewery",Belgian Strong Dark Ale,2021-12-15,4.315,30.0,,,,6.8,,4
Telenn Du,Brasserie Lancelot,Specialty Grain,2010-10-03,3.232,,,,,4.5,,4
Blanche Hermine,Brasserie Lancelot,Wheat Beer - Witbier / Blanche,2010-10-03,3.211,,,,,4.0,,4
Rager: Nelson Sauvin,Valaduta,IPA - Imperial / Double,2022-05-17,4.303,70.0,Nelson Sauvin,,,6.8,,4
Abšar: Simcoe,Malanka,IPA - White / Wheat,2022-05-20,4.268,,Simcoe,"Pilsner,Wheat",,6.8,18.0,4
Funky Tonka,Time Bomb Brewery,Stout - Russian Imperial,2022-01-02,3.852,45.0,,,,6.8,,4
Infusion,13 Litar,IPA - American,2022-05-16,3.815,45.0,"Sabro,Idaho 7","Pilsner,Wheat",,6.2,15.0,4
Landscape,13 Litar,IPA - Session,2022-05-04,3.593,40.0,Simcoe,"Pale Ale,Pilsner",,5.0,12.0,4
Brownwood,13 Litar,Brown Ale - American,2022-05-11,3.468,30.0,,,,5.0,,4
Makariy Marochnoe (Макарий Марочное),Лысковский,Lager - Euro Pale,2019-03-27,2.654,,,,,4.5,,2
So Much Caffeine: Lamdong,Bierstaat,Stout - Coffee,2022-04-26,4.256,16.0,,,"Lactose,Coffee",6.8,,4
Maple Giant,"Plague Brew,Ganza Brewery",Stout - Imperial / Double Milk,2021-12-20,4.001,,,,,6.8,,4
Полоцкое Золотистое Люкс,Полоцкое пиво,Lager - Euro Pale,2017-06-20,2.83,,,,,4.7,,3
Luna Park: Mango+Melon,Одна тонна,Mead - Other,2021-12-20,4.075,,,,,6.8,,4
Drunken Parrot,Salden’s Brewery,IPA - Black / Cascadian Dark Ale,2014-08-26,3.873,85.0,,,,6.8,,4
Istina,Robim Good Brewery,IPA - American,2022-04-28,,40.0,"Columbus,Citra",,,5.7,14.0,4
Poklič: Saaz,Malanka,Farmhouse Ale - Saison,2022-05-11,4.102,,Saaz,Pilsner,,6.0,13.5,4
Zuppa Del Duca,Rewort Brewery,Stout - Other,2022-02-17,4.094,14.0,,,,6.9,,4
Prozess,Zagovor Brewery,IPA - New England / Hazy,2021-03-09,4.023,30.0,"Strata,Galaxy,Mosaic",,,6.5,17.0,4
XII Flemish Red Ale,Sosab - Sour Ale Brewery,Sour - Flanders Red Ale,2021-05-09,3.519,,,,,6.0,,4
На велосипеде,Brewlok,Sour - Fruited,2022-03-30,3.59,,,,,6.8,,4
Imhla: Motueka,Malanka,IPA - New England / Hazy,2022-05-06,4.22,,Motueka,"Pilsner,Flaked Oats",,6.5,16.0,4
Folky,Red Button Brewery,Sour - Smoothie / Pastry,2022-04-02,3.983,,,,,6.0,,4
Reserve,Feldschlößchen Dresden,Lager - Dortmunder / Export,2020-04-30,3.006,18.0,,,,5.3,,3
White Rock,Біірландзія,Wheat Beer - American Pale Wheat,2022-05-03,3.695,22.0,"Cascade,Mosaic",,,5.5,,4
New Identity,Jungle Brewery,IPA - New England / Hazy,2022-04-18,4.315,40.0,"Citra,Medusa,Mosaic",,,6.3,16.0,4
Mitrenha: Citra & Mosaic & Simcoe,Malanka,IPA - Imperial / Double,2022-05-04,4.21,80.0,"Citra,Mosaic,Simcoe",Pilsner,,6.8,17.0,4
Bad Beat: Simcoe & Mosaic,Midnight Project,IPA - Imperial / Double,2022-04-29,4.064,70.0,,,,6.8,,4
Spring Pilsner: Evergreen,Bierstaat,Pilsner - Other,2022-05-02,3.818,25.0,Evergreen,,,5.0,,4
Вока Лондана,Прамень,Brown Ale - English,2022-05-02,3.74,16.0,,,,6.5,,4
Seth & Riley’s Garage Hardcore Grapefruit,Аліварыя,Shandy / Radler,2022-04-15,3.154,,,,,6.0,,3
Seth & Riley’s Garage Hardcore Pineapple,Аліварыя,Shandy / Radler,2022-04-16,2.675,,,,,6.0,,2
Broeksel,Brouwerij Martens,Lager - Euro Pale,2020-02-02,2.847,,,,,5.0,,3
Гранат,Česky Lev,Fruit Beer,2020-10-04,3.071,,,,,5.2,,3
Imperial Pride,Брестское пиво,Lager - Helles,2021-11-12,2.701,,,,,5.0,12.0,2
Insomnia,13 Litar,Porter - American,2021-01-12,4.06,40.0,"Galaxy,Ekuanot,Cascade","Pale Ale,Pilsner,Munich,Vienna,Chocolate,Caramunich,Roasted Barley",,6.8,21.0,4
Saĺsa: Adžyka,Malanka,Sour - Other Gose,2022-04-22,4.389,,,Pilsner,"Tomato,Red Pepper,Black Pepper,Garlic,Bay Leaf,Dill",4.0,12.0,4
Pražačka,Bakalář,Pilsner - Czech / Bohemian,,3.165,,,,,4.0,,3
Brewtality,"Midnight Project,AF Brew",Stout - Imperial / Double,2022-04-09,4.167,55.0,,,,6.8,,4
Banana Smoothie,LiS Brew,Sour - Fruited,2020-06-16,3.912,,,,Banana,5.0,,4
Ureich Hefeweizen Hell,Privatbrauerei Eichbaum,Wheat Beer - Hefeweizen,2017-01-30,3.043,13.0,,,,5.2,,3
Смага Бельгийская,Hops Brewery,Wheat Beer - Witbier / Blanche,2022-04-08,3.595,15.0,Cascade,,"Coriander,Peach",4.8,,4
Сибирская тьма,Brewlok,Stout - Milk / Sweet,2022-01-24,3.971,,,,,6.8,,4
Don't Ask Me Why,"Jungle Brewery,Carousel Brewery",IPA - Imperial / Double New England / Hazy,2022-03-21,4.371,50.0,"Warrior,Citra,Mosaic",,,6.8,23.0,4
Candyman! Candyman! Candyman! Candyman! Candyman!,AF Brew,Stout - Imperial / Double,2018-11-23,4.097,30.0,,,,6.8,,4
Batyushka WBA,Plan B Brewery,Stout - Russian Imperial,2021-10-28,4.114,30.0,,,,6.8,,4
Ureich Premium Lager,Privatbrauerei Eichbaum,Lager - Euro Pale,2018-08-19,2.834,,,,,4.8,,2
Hop Headshot: Mosaic,Midnight Project,IPA - Triple,2018-04-13,4.256,111.0,Mosaic,,,6.8,,4
Vietraź: Čorny lajm i kardamon,Malanka,Wheat Beer - Witbier / Blanche,2022-04-20,4.042,,,"Pilsner,Wheat","Lime,Cardamom",5.3,13.0,4
Tropical Paradise,J. Wakefield Brewing,Sour - Fruited Berliner Weisse,2021-02-19,4.185,4.0,,,,6.8,,4
Chaliera: Medusa,Malanka,IPA - American,2022-04-13,4.147,50.0,Medusa,Pilsner,,6.0,15.0,4
Dimension,13 Litar,IPA - American,2022-04-12,3.932,45.0,Amarillo,"Pale Ale,Wheat",,6.5,15.0,4
Higher Sense,Jungle Brewery,IPA - New England / Hazy,2022-04-14,4.326,40.0,"Citra,Medusa",,,6.7,16.6,4
Night Walker,Jungle Brewery,Stout - Imperial / Double Coffee,2022-03-28,4.257,50.0,,,Coffee,6.8,25.7,4
Empathy,13 Litar,IPA - Imperial / Double Black,2022-04-05,4.103,70.0,Galaxy,"Pale Ale,Pilsner,Roasted Barley",,6.8,18.0,4
Метэор,Прамень,Stout - Oatmeal,2021-09-18,3.97,15.0,,,,6.3,,4
Starovar English Porter,Коломенская пивоварня,Porter - English,2021-02-02,3.515,20.0,,,,6.7,,4
Vampire Juice,Coma Brewery,Sour - Smoothie / Pastry,2021-11-23,4.086,,,,"Carrot,Tangerine,Beetroot,Grapefruit,Ginger,Chili",5.7,,4
Spice Vendor,Selfmade Brewery,Spiced / Herbed Beer,2022-03-21,3.816,10.0,,,,6.4,,4
Депрессия,Hophead Brewery,Stout - Imperial / Double,2021-08-19,3.823,30.0,,,,6.8,,4
Lichamanka: Hallertau Blanc,Malanka,IPA - Imperial / Double,2022-04-08,4.186,80.0,Hallertau Blanc,Pilsner,,6.8,18.5,4
Single Hop Player: Mosaic,Midnight Project,IPA - American,2022-04-09,4.041,50.0,Mosaic,,,6.8,,4
Smuha: Simcoe,Malanka,IPA - Imperial / Double New England / Hazy,2022-04-01,4.33,,Simcoe,"Pilsner,Flaked Oats",,6.8,18.5,4
Shorthair Wisdom,Midnight Project,IPA - New England / Hazy,2022-04-08,3.932,,"Mosaic,Idaho 7",,,6.8,,4
Pantheon,GAS Brew,Barleywine - American,2024-01-02,3.785,,,,,6.8,,4
Квадратура круга,"Brewmen,GAS Brew",Pilsner - Other,2021-08-30,3.747,20.0,Hallertau,,,5.2,,4
Rager: Wakatu,Valaduta,IPA - Imperial / Double,2022-03-18,4.149,70.0,Wakatu,,,6.8,,4
S.P.I.N.,"Malanka,Carousel Brewery",IPA - Imperial / Double New England / Hazy,2022-03-26,4.259,,"Strata,Idaho 7,Nelson Sauvin","Pilsner,Flaked Oats",,6.8,17.5,4
PILS,Lervig,Pilsner - German,2018-09-05,3.233,15.0,,,,4.7,,3
Рижское,Афанасий,Lager - Pale,2017-07-26,2.663,,,,,4.1,,3
Durak из бочки,Jaws,Porter - Imperial / Double,2022-01-28,4.032,46.0,,,,6.8,,4
Negroni,Zavod,Hard Seltzer,2021-12-05,3.287,,,,,6.8,,3
Comedy of Masks,Selfmade Brewery,Sour - Fruited,2021-11-03,3.915,15.0,,,"Cherry,Blueberry,Cookies",6.9,,4
Žalia Balta,Utenos Alus,Lager - Euro Pale,2016-09-23,2.852,,,,,5.0,,2
Rollin,Бакунин,Stout - Other,2019-02-15,3.598,25.0,,,,6.9,17.0,4
Pošasć: Simcoe,Malanka,IPA - Quadruple,2022-03-18,4.262,110.0,Simcoe,Pilsner,,6.8,24.0,4
Trinity,13 Litar,IPA - Triple,2022-03-22,4.121,70.0,"Columbus,Loral,Centennial","Pale Ale,Wheat",,6.8,21.5,4
Burn Masha,Zavod,Sour - Traditional Gose,2018-12-07,4.073,8.0,,,,6.9,,4
Worked Up,13 Litar,Porter - Other,2022-03-17,4.128,20.0,"Magnum,Centennial,Willamette","Pilsner,Vienna,Crystal,Roasted Barley",,6.8,19.0,4
Californian IPA,Староместный пивовар,IPA - American,2020-07-15,3.399,40.0,,,,5.5,14.0,4
Vytenis,Carousel Brewery,Stout - Imperial / Double,2022-03-13,4.057,,,,,6.8,,4
Tomato Soul,Brewmen,Sour - Traditional Gose,2020-11-03,3.792,5.0,,,"Tomato,Red Currant",4.5,,4
Weizen Blanche,Feldschlösschen,Wheat Beer - Witbier / Blanche,2017-02-18,3.184,12.0,,,,5.2,,4
Smuha: Idaho 7,Malanka,IPA - Imperial / Double New England / Hazy,2022-03-15,4.307,,Idaho 7,"Pilsner,Wheat,Flaked Oats",,6.8,18.5,4
Dark Spin: Coffee,Carousel Brewery,Stout - Coffee,2022-03-24,4.23,14.0,,,,6.9,,4
Equilibrium,Bierstaat,IPA - Imperial / Double,2022-03-21,4.093,55.0,"Citra,BRU-1",,,6.9,,4
Warsteiner Light Pilsener,Лідскае піва,Pilsner - German,2019-04-09,3.102,20.0,,,,4.2,9.6,3
Horn Disel Tamsusis,Volfas Engelman,Lager - Dark,2019-11-09,2.987,,,,,6.0,,3
Lager,13 Litar,Pilsner - Czech / Bohemian,2015-12-18,3.424,,,,,4.5,,4
Maisel's Weisse Kristall,Brauerei Gebr. Maisel,Wheat Beer - Kristallweizen,2010-08-21,3.48,11.0,,,,5.1,,4
American Pale Ale,13 Litar,Pale Ale - American,2016-08-17,3.891,35.0,,,,5.0,,3
Decontrol: Cinnamon Brownie,Zagovor Brewery,Porter - Imperial / Double,2022-03-03,4.057,,,,,6.8,,4
Rank: HBC 630,Midnight Project,IPA - Imperial / Double,2022-03-18,3.924,65.0,HBC630,,,6.8,,4
Dilemma,"Midnight Project,Paradox",Porter - Baltic,2022-03-12,3.887,40.0,,,,6.8,,4
Weekend,13 Litar,IPA - American,2019-01-31,3.985,45.0,"Chinook,Amarillo,Mosaic","Pale Ale,Pilsner,Munich",,6.2,15.0,3
Lion,Robim Good Brewery,Lager - IPL (India Pale Lager),2022-01-20,3.496,21.0,,,,4.5,12.0,3
Patrick Hops,Hops Brewery,IPA - American,2020-03-13,3.743,45.0,"Simcoe,Citra",,,5.8,,4
Damn Fine Stout,Selfmade Brewery,Stout - Imperial / Double Coffee,2022-02-08,4.008,62.0,,,,6.8,,5
Tuman: Sabro,Malanka,IPA - Quadruple,2022-03-04,4.137,,Sabro,"Pilsner,Flaked Oats,Wheat",,6.8,24.0,4
Assimilation: Loral + Ekuanot,13 Litar,IPA - Imperial / Double,2022-03-09,4.112,75.0,"Loral,Ekuanot","Pilsner,Wheat",,6.8,18.5,4
Rhapsody In Black,Rewort Brewery,Stout - Foreign / Export,2022-01-20,3.904,,,,,,,4
Karol Jan Sparkling Pineapple,Аліварыя,Fruit Beer,2022-03-04,2.892,10.0,,,,5.6,,3
Canis Lupus,Vilniaus Alus,Lager - Pale,2015-01-18,3.107,,,,,4.6,,3
Darkwood,13 Litar,Brown Ale - English,2022-03-03,3.811,30.0,"Centennial,East Kent Golding,Willamette","Pilsner,Munich,Roasted Barley,Crystal",,6.7,16.0,4
Смага Берлинская,Hops Brewery,Wheat Beer - Dunkelweizen,2022-02-28,3.573,10.0,,,,5.4,,4
Murder IPA Birthday Edition,AF Brew,IPA - Triple,2022-01-28,4.046,200.0,,,,6.8,,4
Devil's Tongue,Selfmade Brewery,Sour - Other Gose,2022-01-10,3.933,10.0,,,,6.0,,4
Your Quintuple Symbiote Juice,Midnight Project,Sour - Fruited,2021-07-23,4.276,10.0,,,,6.8,,4
Ocean of Storms,Zagovor Brewery,IPA - New England / Hazy,2022-02-17,3.953,25.0,"Nelson Sauvin,Citra,Mosaic",,Lactose,6.0,16.0,4
Space Diver,Rewort Brewery,Stout - Imperial / Double,2021-11-23,3.817,,,,,6.8,27.7,4
Single Hop Player: Citra,Midnight Project,IPA - American,2022-03-04,3.991,50.0,Citra,,,6.8,,4
Left Future Myth,Red Button Brewery,Sour - Fruited,2020-10-02,4.324,,,,"Lychee,Banana,Passion fruit",6.0,,4
Уже,Brewlok,IPA - New England / Hazy,2021-11-15,3.737,,"Citra,Mosaic",,,5.4,,4
India Pale Ale,Alaryk,IPA - English,2016-12-17,3.398,65.0,,,,6.0,,3
Доза [Mango + Strawberry],4BREWERS,Sour - Smoothie / Pastry,2022-02-21,4.218,,,,,6.0,,4
Too Fit To Quit,Dieta,Stout - Russian Imperial,2021-12-21,4.016,,,,"Vanilla,Cocoa,Zephyr",6.8,,4
Scotty West Wheat Beer,A. Le Coq,Wheat Beer - Witbier / Blanche,2021-09-09,3.211,,,,,5.0,,3
Scotty West Dark Lager,Cēsu Alus,Lager - Dark,2021-04-05,3.179,,,,,5.0,,3
Imhla: Strata,Malanka,IPA - New England / Hazy,2022-03-02,4.279,,Strata,"Pilsner,Wheat,Flaked Oats",,6.5,16.0,4
Oettinger Hefeweißbier Naturtrüb / Weissbier,Oettinger Brauerei,Wheat Beer - Hefeweizen,2011-03-26,3.245,11.0,,,,4.9,,3
The People United Will Never Be Defeated,Jungle Brewery,IPA - New England / Hazy,2022-02-28,4.257,55.0,"Warrior,Citra,Mosaic",,,5.6,14.0,4
Back To Basics,13 Litar,IPA - American,2022-02-22,4.067,45.0,Chinook,"Pilsner,Wheat",,6.4,15.5,4
Shadow,Bierstaat,Smoked Beer,2022-03-01,4.033,23.0,,,,6.7,,4
Большой медведь,Брестское пиво,Lager - Pale,2021-11-01,2.445,,,,,5.2,12.0,2
Holland Crown Wit / Blanche Unfiltered,H-West B.V.,Wheat Beer - Witbier / Blanche,2018-07-11,2.788,,,,,5.0,,2
Into the Shadow,Rewort Brewery,Stout - Russian Imperial,2021-11-10,3.856,45.0,,,,6.8,25.0,4
Honey Puzzle,Bierbank,Honey Beer,2022-02-23,3.679,20.0,,,Honey,5.4,,4
Ghetto Dub,Jungle Brewery,IPA - New Zealand,2022-02-24,4.218,50.0,"Rakau,Kohatu",,,5.5,14.0,4
Палитра #1 Pineapple & Guava,Brewlok,IPA - Milkshake,2019-06-03,3.706,,,,"Pineapple,Guava",6.8,,4
Introvert,Robim Good Brewery,IPA - American,2022-02-08,3.596,40.0,Citra,,,5.2,14.0,3
Sequoia Trail,Zagovor Brewery,IPA - American,2022-01-25,3.949,55.0,"Simcoe,Sequoia",,,6.0,15.0,4
Нехороший лес,Brewlok,IPA - Triple,2022-01-21,3.847,,,,,6.8,,4
Senojo Vilniaus Stiprusis,Vilniaus Alus,Lager - Strong,2014-02-28,3.145,14.0,,,,6.8,,3
Zombie DIPA,Atmosphere Brewery,IPA - Imperial / Double,2021-05-12,3.774,80.0,,,,6.8,,4
God Jammit,Rewort Brewery,Sour - Smoothie / Pastry,2022-01-18,4.114,6.0,,,"Bilberry,Raspberry",5.8,,4
Zona Tropica,Valaduta,IPA - American,2022-02-19,4.044,45.0,"Mosaic,Sitiva,Sequoia",,,6.0,,4
Chameleon,Rewort Brewery,IPA - Sour,2022-01-18,3.889,33.0,,,"Vanilla,Passion fruit",6.9,,4
Pilsner,1516 Pub & Brewery,Pilsner - Other,2013-07-25,3.612,28.0,,,,4.8,,4
Zavieja: Citra & Mosaic,Malanka,IPA - Imperial / Double New England / Hazy,2022-02-04,4.458,,"Citra,Mosaic","Pilsner,Wheat,Flaked Oats",,6.8,18.5,4
Mičelada: Apieĺsin & Habanera,Malanka,Sour - Other Gose,2022-02-18,4.494,,,Pilsner,"Orange,Tomato,Black Pepper,Red Pepper,Garlic,Salt",4.0,12.0,5
Hot Wax,Zagovor Brewery,IPA - Imperial / Double New England / Hazy,2019-01-07,4.113,40.0,"Citra,Galaxy",,,6.8,19.0,4
Борщ,WA Brewery,Sour - Other Gose,2023-06-13,,9.0,,,,6.1,16.0,4
Yeti,Great Divide Brewing Company,Stout - Imperial / Double,2010-08-21,3.899,75.0,,,,6.8,,4
Kvietinis,Vilkmerges Alus,Wheat Beer - Witbier / Blanche,2012-11-01,3.305,15.0,,,,5.0,,4
Single Hop Player: Talus,Midnight Project,IPA - American,2022-02-11,3.931,50.0,Talus,,,6.8,,4
Rager: Sabro,Valaduta,IPA - Imperial / Double,2022-02-16,4.332,70.0,Sabro,,,6.8,,4
Dissonance,13 Litar,Porter - American,2022-02-17,3.707,20.0,"Centennial,Willamette","Pilsner,Munich,Caramel,Roasted Barley",,6.8,16.0,4
Barley Winegradoff,Midnight Project,Barleywine - English,2022-02-18,4.06,50.0,,,,6.8,,4
What Is Loral?..,13 Litar,IPA - Imperial / Double,2022-02-08,4.138,65.0,Loral,"Pilsner,Wheat",,6.8,19.0,4
Breakfast Algorithm,Zagovor Brewery,Stout - Imperial / Double Pastry,2022-02-11,4.104,,,,Lactose,6.8,35.0,4
Fluffy Smoosh: Guava & Blueberry,Black Cat Brewery,Sour - Fruited,2020-05-05,4.177,,,,"Guava,Blueberry,Lactose",5.0,,4
Don’t Look Up,Midnight Project,Stout - Imperial / Double Pastry,2022-02-11,4.195,40.0,,,,6.8,,4
My Chemistry: Passionfruit,Mad Frog Brewery,Sour - Fruited,2022-02-10,4.167,,"Kohatu,Rakau,Nectaron",,"Peach,Mango,Passion fruit,Orange,Pineapple",4.2,,4
Mimic Chest,Selfmade Brewery,Stout - Milk / Sweet,2021-12-21,3.937,22.0,,,"Vanilla,Tonka Beans",6.8,,4
Шард,Прамень,Brown Ale - English,2022-02-07,3.603,15.0,,,,6.2,,4
Abšar: Citra & Mosaic,Malanka,IPA - White / Wheat,2022-02-11,4.397,,"Citra,Mosaic","Pilsner,Wheat,Flaked Wheat",,6.8,17.5,4
Great Smog,Zavod,Smoked Beer,2021-12-08,3.838,,,,,4.2,,4
Nebula,"Plague Brew,Saliwa Brew",IPA - Imperial / Double New England / Hazy,2023-11-29,4.225,,,,,6.8,,4
Мжаве комбосто (მჟავე კომბოსტო),Hophead Brewery,Sour - Other Gose,2021-10-19,4.146,5.0,,,"Cabbage,Beetroot,Red Pepper,Celery,Garlic,Black Pepper,Himalayan Salt",6.0,,4
Two Tickets In the First Row,4BREWERS,Stout - Imperial / Double Pastry,2021-12-20,3.874,,,,,6.8,,4
Vortex of Creation,Мантра,Stout - Russian Imperial,2022-01-13,3.886,40.0,,,,6.8,,4
Shoot Out,Jungle Brewery,IPA - Imperial / Double,2022-02-07,4.207,100.0,"Simcoe,Amarillo,El Dorado,Galaxy",,,6.8,18.7,4
Kogge,"Velka Morava,Selfmade Brewery",Porter - Baltic,2021-12-21,3.879,,,,,6.8,,4
Antares'22,Velka Morava,Stout - Russian Imperial,2021-12-13,3.946,,,,,6.8,,4
Arcade IPA,Bierstaat,IPA - Session,2022-02-07,3.715,30.0,"Mosaic,Medusa",,,6.4,,4
Whisky Barrel Aged Suburban Poison,"Jungle Brewery,Blood Brothers Brewery,Verden Brewery",Belgian Strong Dark Ale,2022-02-05,4.32,30.0,,,,6.8,,4
Basement Vibes,Red Rocket Brewery,Stout - Imperial / Double Oatmeal,2021-12-23,4.022,,,,,6.8,,4
Grillz,Coup,IPA - Brut,2021-12-20,3.741,15.0,,,,6.7,,4
M81,Taler,IPA - Imperial / Double,2022-01-20,3.54,70.0,Galaxy,,,6.9,,4
Chocolate & Orange Stout,Salden’s Brewery,Stout - Imperial / Double Milk,2021-09-09,3.901,,,,,6.0,,4
Смага Пражская,Hops Brewery,Pilsner - Czech / Bohemian,2022-01-31,3.606,30.0,Saaz,,,4.8,12.0,4
Hefeweizen / Pale Wheat,Feldschlößchen Dresden,Wheat Beer - Hefeweizen,2014-07-08,3.177,,,,,5.0,,3
Disco 80s,Bierstaat,Lager - American Amber / Red,2022-01-24,3.537,17.0,"Citra,Mandarina Bavaria",,,6.5,,4
Happinezz,Rewort Brewery,IPA - Imperial / Double,2021-11-23,3.911,33.0,"Citra,Mosaic",,,6.8,18.7,4
Tonka Overdose,"Midnight Project,Spin Bar",Stout - Imperial / Double Pastry,2021-11-26,4.31,40.0,,,Tonka Beans,6.8,,4
Coco Loco,Munich Brew Mafia,Stout - Imperial / Double,2023-03-17,3.627,50.0,,,,6.8,,4
Medusa White IPA,Balance Brewery,IPA - White / Wheat,2022-01-25,3.595,45.0,"Columbus,Chinook,Medusa",,,6.5,,4
Mlosć: Citra,Malanka,Pale Ale - American,2022-01-21,4.224,50.0,Citra,Pilsner,,5.3,13.5,4
Saĺsa: Naga & Bonnet & Habanero,Malanka,Sour - Other Gose,2022-01-26,4.492,,,"Pilsner,Flaked Wheat","Salt,Black Pepper,Tomato,Red Pepper,Garlic",4.0,12.0,4
Black Soul,13 Litar,Stout - American,2022-01-17,4.091,30.0,"Simcoe,Willamette","Pilsner,Pale Ale,Crystal,Roasted Barley,Special B",,6.8,19.0,4
Trasca: Enigma,Malanka,IPA - Triple,2022-01-18,4.132,90.0,Enigma,Pilsner,,6.8,22.0,4
Pavaloka: HBC 472,Malanka,IPA - Triple New England / Hazy,2020-12-05,4.237,,HBC472,"Pilsner,Flaked Oats",,6.8,21.0,4
Eclipse,13 Litar,IPA - American,2022-01-26,3.794,55.0,"Simcoe,Sabro",Pilsner,,6.3,15.0,4
Cascade One Love,Jungle Brewery,IPA - Session,2022-01-25,4.073,40.0,Cascade,,,5.0,12.9,4
Эльдарада,Прамень,IPA - American,2021-05-31,3.78,43.0,El Dorado,,,6.4,,4
Amberland,13 Litar,Red Ale - American Amber / Red,2022-01-06,3.866,30.0,"Willamette,Hallertau Blanc","Pale Ale,Pilsner,Abbey,Biscuit",,6.7,16.5,4
Leader,Robim Good Brewery,Lager - Pale,2021-10-29,3.292,19.0,,,,5.5,14.0,3
Champ De Fleurs,Midnight Project,Farmhouse Ale - Saison,2022-01-21,3.807,35.0,,,"Chamomile,Cornflower",6.8,,4
Fleg,Red Button Brewery,Porter - Other,2021-12-03,3.742,15.0,,,,6.5,,4
Tex Mex,Hophead Brewery,Sour - Traditional Gose,2020-12-18,4.185,5.0,,,,6.0,,4
Šturmano Tamsus,Utenos Alus,Lager - Dark,2019-04-23,3.027,,,,,5.8,,3
Burg Premium Wheat Beer,Darguner Brauerei,Wheat Beer - Hefeweizen,2016-03-22,3.127,,,,,5.3,,3
Reaper & Prunes,Balance Brewery,Porter - Other,2022-01-09,3.67,30.0,,,"Plum,Red Pepper",5.7,,4
Tranquility,Bierbank,IPA - American,2022-01-18,4.074,40.0,"Amarillo,Citra,Mosaic",,,5.8,,4
APA,BARBARUS Brewery,Pale Ale - American,2020-02-24,3.709,40.0,,,,5.1,,3
Stoner,Zagovor Brewery,Stout - Milk / Sweet,2014-11-10,3.853,23.0,,,,6.0,,4
Fruited Things,"Rewort Brewery,Coma Brewery",Sour - Smoothie / Pastry,2021-11-10,4.204,10.0,,,"Peach,Tangerine",5.9,24.0,4
Zavieja: HBC 472 & Medusa,Malanka,IPA - Imperial / Double New England / Hazy,2022-01-12,4.111,,"HBC472,Medusa","Pilsner,Flaked Oats,Wheat",,6.8,18.5,4
Fondue Fountain,Red Button Brewery,Stout - Milk / Sweet,2019-01-11,3.898,30.0,,,,6.0,,4
Konrad Svatopavelské 16°,Konrad,Bock - Single / Traditional,2012-11-11,3.359,,,,,6.5,,4
Idyll,Robim Good Brewery,IPA - American,2021-12-23,3.669,40.0,"Columbus,Cascade,Citra",,,5.7,14.0,4
Wonder,Robim Good Brewery,Bock - Weizenbock,2021-12-13,3.61,16.0,,,,6.7,16.0,4
STOUT,One Brew,Stout - Other,2020-01-06,3.377,15.0,,,,6.0,,4
Lichamanka: Simcoe,Malanka,IPA - Imperial / Double,2020-03-13,4.289,90.0,Simcoe,"Pilsner,Flaked Oats",,6.8,19.0,4
Feel the Best!,Dieta,IPA - Imperial / Double New England / Hazy,2021-12-18,3.984,,"Idaho 7,Citra,Mosaic,Ekuanot",,,6.8,,4
Denninghoff's Weizen,Denninghoff's,Wheat Beer - Hefeweizen,2015-09-06,3.07,,,,,5.3,,2
Šturmano Baltas,Utenos Alus,Wheat Beer - Hefeweizen,2019-04-23,3.193,14.0,,,,5.0,,4
Kava: Burundi Izuba,Malanka,Stout - Imperial / Double Coffee,2022-01-05,4.367,,,"Vienna,Biscuit,Cara Clair,Chocolate",Coffee,6.8,28.5,4
Denninghoff's Premium Schwarz,Denninghoff's,Schwarzbier,2014-12-16,3.052,,,,,4.9,,2
Bud Light,Anheuser-Busch,Lager - American Light,,2.339,6.0,,,,4.2,,2
Tomato Gose Italian Edition,Salden’s Brewery,Spiced / Herbed Beer,2020-04-03,3.816,,,,,5.0,,4
Mash Me Low,Landau Beerlab,Stout - Pastry,2020-11-30,4.2,,,,,6.8,,4
Feel Good!,Dieta,Pale Ale - New England / Hazy,2021-12-18,3.96,,"Idaho 7,Citra,Mosaic,Talus",,,5.5,,4
Beer With Taste of Beer: Baltic Porter,Пивная диета,Porter - Baltic,2021-12-21,3.942,25.0,,,,6.8,,4
Imhla: Hallertau Blanc,Malanka,IPA - New England / Hazy,2021-12-29,4.245,,Hallertau Blanc,"Pilsner,Wheat,Flaked Oats",,6.5,16.0,4
Black Color: Tonka Beans,Bierstaat,Stout - Milk / Sweet,2022-01-05,4.064,18.0,,,Tonka Beans,6.4,,4
Grape Shard,Hops Brewery,Grape Ale - Italian,2021-12-24,3.979,,,,Grape,6.8,,4
Kali's Kiss,Rewort Brewery,Sour - Other Gose,2021-11-10,4.096,,,,,6.3,20.5,4
Затечь могло в брюки,Chibis Brewery,Belgian Tripel,2021-11-19,3.556,,,,,6.8,,3
Верность,4BREWERS,IPA - American,2021-10-13,3.769,,,,,6.9,,4
Patch,Zagovor Brewery,Sour - Traditional Gose,2019-03-16,4.085,10.0,,,"Guava,Mango,Passion fruit,Lime",5.5,14.0,4
Тигррр | Tigerrr,Brewlok,Bock - Doppelbock,2021-12-09,3.785,,,,,6.8,,4
C is for Cookie,4BREWERS,Stout - Imperial / Double Pastry,2021-12-07,3.893,,,,,6.8,,4
The King of Ivanteevka Wheat the First,Victory Art Brew,Brett Beer,2021-03-12,3.596,,,,,6.8,,4
Saĺsa: Syčuań,Malanka,Sour - Other Gose,2021-12-14,4.515,,,"Pilsner,Wheat","Salt,Red Pepper,Black Pepper,Tomato,Garlic,Szuchuan Pepper",5.0,14.0,4
Изыди,4BREWERS,Stout - Imperial / Double,2018-04-20,3.89,50.0,,,,6.8,,4
Sans Pardon,De Dochter van de Korenaar,Stout - Russian Imperial,2015-02-26,3.826,50.0,,,,6.8,,4
Pastry Worldwide: American Breakfast,Black Cat Brewery,Stout - Imperial / Double Pastry,2021-11-19,4.066,,,,,6.8,,4
Rager: Sitiva,Valaduta,IPA - Imperial / Double,2021-12-29,4.181,70.0,Sitiva,,,6.8,,4
Проба 008: Try Hard Bière De Garde,"Proba Project,Trigger",Farmhouse Ale - Bière de Garde,2021-12-01,3.797,20.0,,,,6.8,,4
Замковое Манго,Табак-инвест,Fruit Beer,2021-12-10,2.625,,,,Mango,4.7,13.0,2
Distance,13 Litar,IPA - American,2021-12-23,3.785,40.0,"Centennial,Columbus,Cascade","Pale Ale,Pilsner",,6.0,15.2,4
Острая зависимость,4BREWERS,Sour - Other Gose,2018-12-27,4.145,3.0,,,,6.9,,4
Overdrive,Jaws,Barleywine - American,2021-11-10,3.841,48.0,,,,6.8,,4
Аффирмация,4BREWERS,IPA - American,2021-12-07,3.783,,,,,6.0,,4
Atmosfear,Jungle Brewery,IPA - American,2021-12-23,3.999,65.0,"Citra,Sabro",,,5.8,14.0,4
Single Hop Player: Amarillo,Midnight Project,IPA - American,2021-12-24,4.023,50.0,Amarillo,,,6.8,,4
Rager: Zamba,Valaduta,IPA - Imperial / Double,2021-12-20,4.18,70.0,Zamba,,,6.8,,4
Disintegrator,Mythmaker Brewing,Bock - Doppelbock,2022-11-25,3.733,75.0,,,,6.8,,4
Bad & Bouchée,Coup,Stout - Pastry,2021-11-22,3.877,,,,,6.8,,5
Hop Headshot: El Dorado,Midnight Project,IPA - Triple,2021-12-24,4.152,111.0,El Dorado,,,6.8,,4
Black Color: White Coffee,Bierstaat,Stout - Milk / Sweet,2021-12-20,4.051,18.0,,,Coffee,6.7,,4
Stout System: Milk Nebula,Одна тонна,Stout - Milk / Sweet,2019-10-02,3.773,,,,,5.5,,4
Algorithm of Today,Zagovor Brewery,Stout - Imperial / Double Pastry,2021-12-11,4.104,25.0,,,"Coconut,Lactose,Coffee,Macadamia,Pecan",6.8,34.0,4
Куда ушёл Замба?,Chibis Brewery,IPA - New England / Hazy,2021-11-23,3.921,,,,,6.8,,4
Hop Water Music,Zagovor Brewery,IPA - Imperial / Double,2015-01-27,4.039,115.0,,,,6.8,18.5,4
Pavaloka: Nelson Sauvin,Malanka,IPA - Triple New England / Hazy,2021-12-22,4.427,,Nelson Sauvin,"Pilsner,Wheat,Flaked Oats",,6.8,21.0,4
Пяшчота,Прамень,Wheat Beer - Hefeweizen,2021-04-08,3.654,8.0,,,,5.5,,4
God of Destruction,Valdsam Bjorn Brewery,Belgian Strong Golden Ale,2021-12-20,3.979,15.0,,,,6.8,,4
Twisted Reality,"Coma Brewery,GAS Brew",Hard Seltzer,2021-11-23,4.061,,,,"Banana,Cherry,Strawberry,Vanilla,Lactose",6.1,,4
Choco Mammuth: Coconut Ed.,Одна тонна,Stout - Imperial / Double Milk,2019-10-04,4.041,14.0,,,"Cocoa,Coconut",6.8,,4
Байконур,Rocket City Brewery,Stout - Russian Imperial,2020-05-18,3.702,50.0,,,,6.8,,4
Roi De Cœur: First Edition,"Midnight Project,Sever Meadery",Mead - Melomel,2021-11-12,4.243,,,,Cranberry,6.8,,4
Begin,Robim Good Brewery,Belgian Blonde,2021-12-13,3.554,20.0,,,,5.8,16.0,4
Трёхлинейка,Brewlok,Porter - Other,2016-02-29,3.827,,,,,6.8,18.0,4
Stout System: Cappuccino Void,Одна тонна,Stout - Milk / Sweet,2019-10-25,4.03,,,,,5.5,,4
Berliner Weisse Малина & Черника / Berliner Weisse Raspberry & Blueberry,Brewlok,Sour - Fruited Berliner Weisse,2021-08-20,3.736,,,,,5.0,,4
Day,Robim Good Brewery,IPA - Imperial / Double,2021-12-13,3.854,80.0,Sabro,,,6.9,18.9,4
Tarte Aux Myrtilles,Dieta,Fruit Beer,2021-12-06,3.933,,,,Blueberry,6.0,,4
Blacklist,13 Litar,IPA - Black / Cascadian Dark Ale,2022-07-25,3.807,45.0,Amarillo,"Pilsner,Black",,6.3,15.5,4
Smuha: Motueka,Malanka,IPA - Imperial / Double New England / Hazy,2021-12-10,4.268,,Motueka,"Pilsner,Wheat,Flaked Oats",,6.8,18.5,4
Retro Lager,Valdsam Bjorn Brewery,Lager - IPL (India Pale Lager),2021-12-13,3.822,25.0,,,,5.0,,4
Vietraź: Apieĺsin i miata,Malanka,Wheat Beer - Witbier / Blanche,2021-12-17,4.091,,,"Pilsner,Flaked Wheat,Wheat","Orange,Orange Peel,Mint",6.8,17.5,4
Smoked Porter,Salden’s Brewery,Smoked Beer,2013-12-06,3.717,,,,,6.0,,4
Black Color: Milk Chocolate,Bierstaat,Stout - Milk / Sweet,2021-12-13,4.056,18.0,,,,6.7,,4
Pyroclasm,Lux in Tenebris,Sour - Fruited Gose,2021-04-06,3.998,,,,,5.4,,4
The Dreamer,Jungle Brewery,IPA - American,2021-12-06,4.119,50.0,"Mosaic,Medusa",,,6.8,17.5,4
Отрицание,Hophead Brewery,Stout - Imperial / Double,2020-09-01,3.879,20.0,,,,6.8,,4
Дисгармония,"Brewlok,Paradox",Sour - Other,2018-11-23,3.951,,,,"Mango,Passion fruit",6.8,24.0,4
Universum Oatmeal Stout,Axiom Brewery,Stout - Imperial / Double Oatmeal,2021-07-02,4.006,30.0,,,,6.8,,4
Aloha,Bierstaat,Stout - Milk / Sweet,2022-05-23,4.004,16.0,BRU-1,,Lactose,6.5,,4
Смага,Hops Brewery,Lager - Pale,2021-12-06,3.51,12.0,,,,4.8,,4
Psychosis Smoked Ed.,Bierstaat,Porter - American,2021-12-07,4.075,25.0,,,,6.8,17.0,4
Birthday Batch For Cute Tophops,Midnight Project,Stout - Imperial / Double Pastry,2021-12-01,4.386,40.0,,,Maple Syrup,6.8,,4
Pošasć: Talus,Malanka,IPA - Quadruple,2021-12-07,4.383,110.0,Talus,Pilsner,,6.8,24.0,4
Oh My North,Valaduta,Sour - Traditional Gose,2019-10-05,4.1,10.0,,,"Blueberry,Cowberry,Cloudberry",6.8,,4
West Wave: El Dorado & Ekuanot,Midnight Project,IPA - American,2021-11-26,4.046,50.0,"El Dorado,Ekuanot",,,6.5,,4
Spacecruising,Coma Brewery,Sour - Fruited,2021-06-03,4.099,,,,"Blueberry,Chocolate,Coconut",6.1,,4
Pink Dust,"Valaduta,Coma Brewery",Sour - Fruited,2021-09-14,4.207,10.0,,,"Blueberry,Raspberry,Passion fruit",6.0,,4
#100,Nøgne Ø,Barleywine - American,2011-02-20,3.854,80.0,,,,6.8,,4
Birthday Batch For Cute PapaCraft,Midnight Project,Stout - Imperial / Double Pastry,2021-12-02,4.63,40.0,,,Chocolate,6.8,,5
Death Dealer,Jungle Brewery,IPA - Imperial / Double,2021-11-25,4.259,90.0,"Chinook,Sabro,Citra",,,6.8,,4
Mlosć: Mosaic,Malanka,Pale Ale - American,2021-12-01,4.304,50.0,Mosaic,Pilsner,,5.3,13.5,4
Mojito,Mr. Tree,Mead - Other,2021-05-09,3.318,,,,,5.9,,4
Black Mass,"Bierbank,Carousel Brewery",Stout - Milk / Sweet,2021-11-24,4.029,10.0,,,Lactose,6.0,,4
Bang!,"Dugges Bryggeri,The Five Points Brewing Company",Barleywine - Other,2020-07-10,3.713,,,,,6.8,,4
Fun-Tasty,"Rising Moon Brewery,Cosmic City,BatTime",Stout - Imperial / Double Pastry,2021-10-14,3.751,,,,,6.8,,4
Lichamanka: Idaho Gem,Malanka,IPA - Imperial / Double,2021-11-12,4.164,70.0,Idaho Gem,Pilsner,,6.8,18.0,4
Your Quintuple Eternals Juice,Midnight Project,Sour - Fruited,2021-11-26,4.246,10.0,,,Black Currant,6.8,,4
Томатка,Hophead Brewery,Sour - Traditional Gose,2021-08-04,3.879,5.0,,,,6.0,,4
Piarevaracień,"Malanka,Coma Brewery",Stout - Imperial / Double Oatmeal,2021-11-26,4.299,,,"Pilsner,Biscuit,Chocolate,Flaked Oats,Munich","Cherry,Cocoa,Hierochloe",6.8,17.5,4
Strawberry Daiquiri,Hophead Brewery,Sour - Fruited Berliner Weisse,2021-08-03,3.894,5.0,,,"Strawberry,Lime,Lemon",6.0,,4
Halaklin: Fiejchoa,Malanka,Sour - Fruited Gose,2021-11-23,4.154,,,"Pilsner,Flaked Wheat","Feijoa,Salt",6.8,17.5,4
Перспектива,Big Village Brewery,Grape Ale - Other,2021-09-21,4.139,,,,Grape,6.8,,4
Sherst,Zavod,Barleywine - Other,2021-10-31,3.871,40.0,,,,6.8,,4
Affluenza,"Beast from the Yeast,Plague Brew",Historical Beer - Adambier,2020-07-18,3.868,35.0,,,,6.8,,4
Pime Öö PX (Cellar Series),Põhjala,Stout - Imperial / Double,2015-06-17,4.335,60.0,,,,6.8,,4
Toffee Marauder,GAS Brew,Barleywine - Other,2020-07-28,3.979,30.0,,,Maple Syrup,6.8,,4
Bad Beat: Galaxy & Mosaic,Midnight Project,IPA - Imperial / Double,2021-11-19,4.083,70.0,"Galaxy,Mosaic",,,6.8,,4
Sea My Cucumber?,AF Brew,Sour - Fruited Gose,2021-07-23,3.695,,,,Cucumber,4.8,,4
Waxwing,Selfmade Brewery,Sour - Other,2021-10-12,3.78,15.0,,,"Sea buckthorn,Mango",6.9,,4
One Hundred Naked Kangaroos,Big Village Brewery × Share House,IPA - Imperial / Double New England / Hazy,2021-05-28,3.973,40.0,"Galaxy,Vic Secret",,,6.8,,4
Iguana,Robim Good Brewery,IPA - American,2021-11-12,3.504,40.0,Idaho Gem,,,5.7,14.0,3
Terraforming,Mad Frog Brewery,Stout - Foreign / Export,2021-11-19,4.201,30.0,"Magnum,Columbus,HBC472",,Tonka Beans,6.8,17.0,4
Abšar: Citra,Malanka,IPA - White / Wheat,2021-11-19,4.226,50.0,Citra,"Pilsner,Flaked Wheat,Wheat",,6.8,17.5,4
Dream Catcher,13 Litar,Stout - Irish Dry,2021-11-17,3.955,30.0,Willamette,"Pale Ale,Pilsner,Crystal,Special B,Carafa",,5.8,14.8,4
Dazed,Malanka,Sour - Smoothie / Pastry,2021-11-05,4.128,,,"Pilsner,Flaked Oats,Flaked Wheat","Strawberry Puree,Feijoa",5.0,16.0,4
Rager: Talus,Valaduta,IPA - Imperial / Double,2021-11-08,4.294,70.0,Talus,,,6.8,,4
Mirage,13 Litar,IPA - American,2021-11-09,3.867,40.0,"El Dorado,Medusa,Mosaic","Pale Ale,Pilsner",,6.2,15.0,4
Blackwind,13 Litar,IPA - Imperial / Double Black,2021-11-09,4.11,50.0,Chinook,"Pale Ale,Pilsner,Carafa",,6.8,18.5,4
Lost Land (BA Cognac),Big Village Brewery,Belgian Strong Dark Ale,2021-10-16,4.372,,,,Cherry,6.8,24.0,4
ЗОЖ,4BREWERS,Sour - Fruited Gose,2019-05-18,3.8,,,,,6.0,,4
Tomato Gose v.3 (BBQ Chipotle),LaBEERint Brewery,Sour - Fruited Gose,2020-09-12,3.942,40.0,,,,6.0,,4
Mur: Batch #04,Malanka,Sour - Fruited Berliner Weisse,2021-08-06,4.323,,,"Pilsner,Flaked Wheat",Cranberry,3.9,,4
Damn Fine Coffee,Rock’n’Beer,Stout - Imperial / Double Coffee,2021-09-17,3.725,,,,Coffee,6.8,,4
Grand Escape,Jungle Brewery,IPA - New England / Hazy,2021-11-09,4.157,40.0,"Idaho Gem,Mosaic,Medusa",,,6.9,,4
Hoppy IPA,Gletcher,IPA - American,2021-11-08,3.555,75.0,,,,6.1,,4
Dark Tasty,Taler,Lager - Dark,2021-10-22,3.462,10.0,,,,4.8,13.0,4
SunBurn,Zavod,Chilli / Chile Beer,2021-01-26,3.841,,,,,6.0,,4
Viven Chocolate Stout,Beerdevelopment Viven,Stout - Other,2019-01-23,3.515,,,,,6.9,,4
Saĺsa: Kačchudžan,Malanka,Sour - Other Gose,2021-11-09,4.564,,,Pilsner,"Tomato,Black Pepper,Red Pepper,Salt,Garlic",5.0,14.0,5
Eat the Dust! DDH Talus,AF Brew,IPA - Imperial / Double New England / Hazy,2021-05-15,3.978,40.0,Talus,,,6.8,,4
Stereo Amplitude,Big Village Brewery,IPA - Triple New England / Hazy,2021-09-21,4.172,40.0,"Nelson Sauvin,Citra",,,6.8,,4
Moonstone: Black Almond,Midnight Project,Stout - Imperial / Double Pastry,2021-10-08,4.271,40.0,,,Almonds,6.8,,4
Sophistication,Plan B Brewery,IPA - New England / Hazy,2021-08-12,3.928,40.0,"Mosaic,Strata,Talus",,,6.7,,4
AC/DC Premium Lager,Karlsberg Brauerei,Lager - Euro Pale,2012-09-01,2.987,15.0,,,,5.0,,3
Tripel Karmeliet,Brouwerij Bosteels,Belgian Tripel,,3.986,16.0,,,,6.8,,4
Bad Beat: Citra & Sabro,Midnight Project,IPA - Imperial / Double,2021-11-05,4.079,70.0,"Citra,Sabro",,,6.8,,4
Germanarich,Оболонь,Lager - Pale,2020-08-14,2.872,,,,,6.0,,3
Onkel Weber Bayerisch Hell,Liquid World GbR,Lager - Helles,2021-01-24,2.953,,,,,5.4,,3
El Chupacabra,Rewort Brewery,Sour - Other Gose,2021-09-16,4.202,,,,,6.3,,4
Imhla: HBC 630,Malanka,IPA - New England / Hazy,2021-11-02,4.281,,HBC630,"Pilsner,Flaked Oats,Wheat",,6.5,16.0,4
Antihero,Valdsam Bjorn Brewery,IPA - Belgian,2021-11-01,3.838,40.0,"Simcoe,Mosaic,Ella",,,5.5,,4
So Much Caffeine: Dalat,Bierstaat,Stout - Coffee,2021-10-30,4.202,16.0,,,,6.8,,4
Moonstone: Black Brazil Santos,Midnight Project,Stout - Imperial / Double Coffee,2021-10-23,4.547,40.0,,,Coffee,6.8,,4
Symbiosis,13 Litar,IPA - White / Wheat,2021-11-01,3.961,60.0,"Columbus,Citra","Pale Ale,Pilsner,Wheat",,6.8,18.5,4
Oatmeal Stout,13 Litar,Stout - Oatmeal,2016-10-26,3.645,30.0,"Warrior,Sladek,Kazbek,Fuggle","Pilsner,Munich,Caraaroma,Chocolate,Oats",,5.8,,4
Mamkin Pumpkin,Courage Brewery,Pumpkin / Yam Beer,2021-10-19,3.635,,,,,5.0,,4
Pavaloka: Mosaic,Malanka,IPA - Triple New England / Hazy,2021-10-26,4.343,,Mosaic,"Pilsner,Wheat,Flaked Oats",,6.8,21.0,4
Red Widow,Jaws,Belgian Strong Dark Ale,2020-01-21,3.919,,,,,6.8,,4
Four Pellets,Rewort Brewery,IPA - American,2021-09-07,3.846,35.0,,,,6.5,17.0,4
Walk Together,"Jungle Brewery,13 Litar",Sour - Fruited,2021-10-19,4.163,13.0,,,"Banana,Black Currant,Lactose",5.7,,4
Bogeyman,Bierbank,Pumpkin / Yam Beer,2021-10-26,3.836,5.0,,,,6.0,,4
Medusa,13 Litar,IPA - American,2021-10-27,3.834,50.0,Medusa,"Pale Ale,Pilsner",,6.4,15.0,4
El Dorado One Love,Jungle Brewery,IPA - Session,2021-10-25,4.19,40.0,El Dorado,,,5.0,,4
Black Hole,Valaduta,Stout - Oatmeal,2021-10-20,3.796,25.0,,,,6.0,,4
Velvet,Robim Good Brewery,Lager - Vienna,2021-11-12,3.488,18.0,,,,5.8,15.0,3
Hedgehog In the Fog. Idaho Gem,Hops Brewery,IPA - New England / Hazy,2021-09-14,3.885,25.0,Idaho Gem,,,6.6,,4
Rush,Main Rule,IPA - New England / Hazy,2023-02-20,3.786,40.0,,,,6.2,,2
Kriek Extra,Belle-Vue,Lambic - Kriek,,3.365,,,,,4.1,,4
Гарафена / Garafena,Brewlok,IPA - Imperial / Double New England / Hazy,2021-08-26,3.833,,,,,6.8,,4
Ola Dubh 12 Year Special Reserve,Harviestoun Brewery,Porter - Imperial / Double,2010-11-08,3.946,40.0,,,,6.8,,4
Marduk Whisky BA (Chivas Regal),Plan B Brewery,Barleywine - Other,2021-08-12,4.079,45.0,,,,6.8,,4
Cheechandchongovka,Cosmic City,Sour - Traditional Gose,2020-05-02,4.204,,,,,6.0,,4
Nottingham,13 Litar,Porter - Imperial / Double,2021-10-20,4.065,25.0,"Centennial,Hallertau Blanc","Pale Ale,Pilsner,Biscuit,Caramunich,Abbey,Special B,Chocolate",,6.8,22.0,4
Liquid Pumpkin Pie,Black Cat Brewery,Pumpkin / Yam Beer,2020-10-21,4.01,,,,"Pumpkin,Spices",6.8,,4
Ash Kingdom,Plague Brew,Porter - Imperial / Double,2021-08-08,3.751,60.0,,,,6.8,,4
Grosser Rachel,Plague Brew,Historical Beer - Dampfbier,2021-05-15,4.04,30.0,,,,6.8,,4
Plastic Dreams,Coma Brewery,Sour - Fruited,2021-06-28,4.02,,,,,5.5,22.0,4
Golden Try,Rewort Brewery,IPA - American,2021-09-16,3.754,,,,,6.0,,4
Hill of Tara,Plague Brew,Stout - Imperial / Double Milk,2021-08-27,3.978,25.0,,,,6.8,,4
Maisel & Friends IPA,Brauerei Gebr. Maisel,IPA - American,2016-03-10,3.477,50.0,,,,6.3,,4
Mushy Mango,Bierbank,IPA - American,2021-10-13,3.921,30.0,"Enigma,Citra,Huell Melon",,Mango,6.2,,4
True Spruce,"Plague Brew,Raccoon Brewing Co",Historical Beer - Other,2021-07-13,3.801,,,,,6.8,,4
Spin Art,"Coma Brewery,Spin Bar",Sour - Fruited,2021-09-16,4.289,,,,,5.4,,4
Pantera,"Saliwa Brew,YuBrew",IPA - Black / Cascadian Dark Ale,2021-09-09,3.842,20.0,"Sabro,El Dorado,BRU-1",,,6.8,,4
Oberhaid,Plague Brew,Rauchbier,2021-07-21,3.956,20.0,,,,6.8,,4
Saĺsa: Chili & Scorpion Peach,Malanka,Sour - Other Gose,2021-10-15,4.473,,,,"Tomato,Red Pepper,Black Pepper,Salt",5.0,14.0,4
Deep Rising,LiS Brew,Porter - Other,2018-01-21,3.527,,,,Coconut,6.8,,4
Resonance,Valaduta,IPA - Brut,2021-10-06,4.117,25.0,Nelson Sauvin,,,6.9,,4
Banana Kraken,Panzer Brewery,Wheat Beer - Hefeweizen,2014-07-07,3.47,11.0,,,,4.5,,4
G.see Point,XP Brew,IPA - Imperial / Double New England / Hazy,2021-02-12,4.012,40.0,"Vic Secret,Galaxy",,,6.8,,4
Rainbow,Taler,IPA - New England / Hazy,2021-10-11,2.992,30.0,HBC630,,,6.0,14.0,3
Mitrenha: Talus & Sabro,Malanka,IPA - Imperial / Double,2021-10-12,4.236,70.0,"Talus,Sabro",Pilsner,,6.8,17.0,4
Smuha: Wai-iti,Malanka,IPA - Imperial / Double New England / Hazy,2021-10-15,4.27,,Wai-iti,"Pilsner,Flaked Oats",,6.8,19.5,4
Kellerbier,Brauhaus Riegele,Kellerbier / Zwickelbier,2011-06-04,3.537,,,,,5.0,,4
Стратасфера,Прамень,Pale Ale - American,2021-09-26,3.712,35.0,"Mosaic,Strata",,,5.5,,4
Neighbors In Crime,"AF Brew,Midnight Project",Stout - Imperial / Double Pastry,2021-10-07,4.036,20.0,,,"Vanilla,Tonka Beans",6.8,,4
Charbon,De Dochter van de Korenaar,Stout - Other,2012-06-23,3.504,46.0,"Styrian Golding,Hercules",,Vanilla,6.8,16.0,4
Kalnapilis Original,Kalnapilio-Tauro,Lager - Pale,,2.98,,,,,5.0,,3
Гравитация,Alaska Brewery,Stout - Russian Imperial,2017-03-22,3.874,,,,,6.8,,4
Epicentre,Jungle Brewery,IPA - New England / Hazy,2021-10-05,4.43,40.0,"Sabro,Nectaron",,,6.5,16.8,4
Final Punch,"GAS Brew,Mitra",IPA - Imperial / Double New England / Hazy,2021-06-15,3.863,40.0,,,,6.8,,4
Yours Truly,Zagovor Brewery,Pale Ale - New England / Hazy,2021-09-25,4.014,25.0,"Nelson Sauvin,Mosaic,Simcoe,Citra",,,4.6,12.0,4
Highway,13 Litar,IPA - Imperial / Double,2021-10-06,4.021,70.0,"Citra,Enigma","Pale Ale,Pilsner",,6.8,19.0,4
Bahna: Extra Peated,"Malanka,Jungle Brewery",Stout - Imperial / Double,2021-10-06,4.327,,,"Peated,Pilsner,Chocolate,Biscuit,Flaked Oats,Whisky,Munich,Roasted Barley",,6.8,31.0,4
Summer Rays,Taler,IPA - Milkshake,2021-09-22,3.621,45.0,"Enigma,Pacific Gem,Mosaic",,"Lactose,Melon",6.0,14.0,4
Lichamanka: Strata,Malanka,IPA - Imperial / Double,2021-10-01,4.214,70.0,Strata,Pilsner,,6.8,18.0,4
Trasca: Idaho 7,Malanka,IPA - Triple,2021-09-14,,70.0,Idaho 7,Pilsner,,6.8,20.0,4
Amen Break,Rewort Brewery,IPA - American,2021-05-06,3.858,37.0,"Mosaic,Citra",,,6.7,16.1,4
Where the Dead Ships Dwell,Mad Frog Brewery,Stout - Pastry,2021-09-22,4.176,30.0,,,"Lactose,Cocoa,Carob",6.2,,4
Fire Hazard,Selfmade Brewery,Sour - Other,2021-08-23,4.07,10.0,,,,6.2,,4
Hazy Jane,BrewDog,IPA - New England / Hazy,2019-12-02,3.673,,,,,5.0,,4
Breeze,Chibis Brewery,IPA - Imperial / Double New England / Hazy,2018-10-24,3.852,30.0,,,,6.8,,4
Marshmallow Banana Temptation,Hops Brewery,IPA - Imperial / Double Milkshake,2021-08-25,3.919,25.0,"Citra,Mosaic",,"Marshmallow,Banana",6.8,,4
Gulden Draak Classic,Brouwerij Van Steenberge,Belgian Strong Dark Ale,,3.769,30.0,,,,6.8,,4
Malum Granatum,Valdsam Bjorn Brewery,IPA - American,2021-09-22,3.93,20.0,,,Pomegranate,5.8,,4
Abšar: Nelson Sauvin,Malanka,IPA - White / Wheat,2021-09-28,4.143,50.0,Nelson Sauvin,"Pilsner,Wheat,Flaked Wheat",,6.8,18.0,4
INSOMNIA,Ganza Brewery,Mead - Melomel,2022-10-02,3.804,,,,,6.0,,4
Lupulin Dependence 2021,Hophead Brewery,IPA - New England / Hazy,2021-07-22,3.787,20.0,"Sabro,Azacca,Idaho 7",,,6.5,,4
Raspberry Blanche,Hops Brewery,Wheat Beer - Witbier / Blanche,2021-09-23,3.501,15.0,,,"Raspberry,Coriander,Orange zest",5.0,,4
Ахтанум,Прамень,IPA - American,2021-09-18,3.502,40.0,Ahtanum,,,6.6,,3
Pavaloka: Talus,Malanka,IPA - Triple New England / Hazy,2021-09-17,4.376,,Talus,"Pilsner,Flaked Oats",,6.8,21.0,4
Shoup Stout,Rocky Mountain Brewery,Stout - American,2011-02-15,3.664,23.0,,,,6.8,,4
Q-Ball,On the Bones,Stout - Imperial / Double Pastry,2021-01-27,3.823,30.0,,,"Lactose,Coconut,Pineapple",6.8,,4
Довга,Hophead Brewery,Sour - Traditional Gose,2020-08-01,3.898,5.0,,,,6.5,,4
Fenland,Plague Brew,Barleywine - American,2021-05-21,3.873,90.0,,,,6.8,,4
Smuha: BRU-1,Malanka,IPA - Imperial / Double New England / Hazy,2021-09-24,4.183,,BRU-1,"Pilsner,Flaked Oats",,6.8,19.0,4
Ковёр задавал стиль всей комнате,Midnight Project,Stout - White / Golden,2021-09-16,4.001,15.0,,,,6.8,,4
Indian Summer,Bierbank,IPA - American,2020-10-08,3.983,55.0,"Simcoe,Mosaic",,,6.7,,4
Honolulu,Valaduta,IPA - New England / Hazy,2021-09-15,4.128,20.0,Sabro,,,6.9,,4
Tomato Gose v.4 (Kimchi),LaBEERint Brewery,Sour - Fruited Gose,2020-10-16,4.042,,,,,6.0,,4
Ekuanot One Love,Jungle Brewery,IPA - Session,2021-04-13,4.101,40.0,Ekuanot,,,5.0,12.9,4
Noize,13 Litar,IPA - American,2021-09-16,3.906,50.0,"Columbus,Enigma,El Dorado,Mosaic","Pilsner,Pale Ale,Wheat",,6.2,15.0,4
BeerCap Dubbel 2021,BeerCap Project,Belgian Dubbel,2021-08-26,3.69,24.0,,,,6.9,,4
Jolly Roger,Green Street Brewery,Stout - Imperial / Double,2017-09-19,3.802,48.0,,,,6.8,23.0,4
Backyard Boogie,Rewort Brewery,Sour - Fruited Gose,2021-08-10,3.996,,,,"Tomato,Pineapple",6.2,21.0,4
Green Spectrum,Zagovor Brewery,IPA - Imperial / Double New England / Hazy,2021-07-23,4.047,18.0,Triumph,,,6.8,18.0,4
Busy Signal,Jungle Brewery,IPA - American,2021-09-06,4.286,60.0,"Warrior,Mosaic,Simcoe",,,6.6,14.7,4
Evil Grapefruit,Midnight Project,Sour - Other,2017-03-31,3.769,13.0,,,Grapefruit,5.8,,4
Buckwheat Plague,Plague Brew,Specialty Grain,2021-05-15,3.994,90.0,,,,6.8,,4
Slota: Cascade,Malanka,IPA - Belgian,2021-09-07,4.143,70.0,Cascade,Pilsner,,6.8,16.0,4
Pauwel Kwak,Brouwerij Bosteels,Pale Ale - Belgian,,3.763,,,,,6.8,,4
American Dream : Triumph & Citra,Bierstaat,IPA - American,2021-08-19,3.769,50.0,"Triumph,Citra",,,6.5,,4
Шотландский Эль,Барнаульский пивоваренный завод,Lager - Euro Dark,2015-03-16,2.994,,,,,6.5,,3
Mroiva: Sabro & Medusa,Malanka,Pale Ale - New England / Hazy,2021-08-31,4.192,,"Sabro,Medusa","Pilsner,Flaked Oats",Lactose,3.8,14.0,4
Resurrection,13 Litar,IPA - American,2021-09-02,3.335,45.0,"Enigma,Ekuanot",Pilsner,,5.9,14.5,4
Mixery Ultimate Energy,Karlsberg Brauerei,Shandy / Radler,2017-09-05,2.346,,,,,6.0,,2
ESB,Fuller’s,Bitter - Extra Special / Strong (ESB),,3.552,40.0,,,,5.9,,4
Nitro Stout,Jaws,Stout - Irish Dry,2018-05-19,3.851,,,,,5.5,,4
Street Justice // Citra,Zagovor Brewery,IPA - Imperial / Double,2017-12-27,4.031,88.0,Citra,,,6.8,,4
Saĺsa: Žoŭtaja,Malanka,Sour - Other Gose,2021-08-27,4.297,,,Pilsner,"Tomato,Salt,Garlic,Yellow Pepper,Red Pepper,Black Pepper",5.0,14.0,4
Tauras Nefiltruotas,Kalnapilio-Tauro,Kellerbier / Zwickelbier,2019-03-07,3.054,,,,,5.0,,3
Summer End,13 Litar,Stout - Irish Dry,2021-08-26,4.016,25.0,"Perle,Ekuanot","Pilsner,Munich,Crystal,Biscuit,Special B,Roasted Barley",,6.0,14.5,4
Dark Ale,Coopers,Brown Ale - English,2010-08-21,3.346,21.0,,,,4.5,,4
The Dog Days of Summer,Bierstaat,IPA - Belgian,2021-08-23,3.852,37.0,"Triumph,Lemondrop",,,6.5,,4
Dust Storm,Jungle Brewery,IPA - New England / Hazy,2021-08-26,4.347,40.0,"Sabro,Strata,Medusa",,,6.8,16.5,4
Кругаварот,Прамень,Farmhouse Ale - Saison,2021-08-23,3.606,18.0,,,,4.8,,4
DOS Chocolate Edition,Brewlok,Stout - Imperial / Double Oatmeal,2018-05-09,3.977,,,,,6.8,,4
Письмо Панкрацу,Столбцовский бровар,IPA - Imperial / Double,2021-08-20,3.467,75.0,,,,6.8,,4
Make It Bun Dem,Krupiecki Brovar,IPA - Imperial / Double New England / Hazy,2021-08-18,3.408,50.0,"Chinook,Pacific Gem",,,6.8,17.0,4
Imhla: Medusa,Malanka,IPA - New England / Hazy,2021-08-24,4.232,,Medusa,"Pilsner,Flaked Oats",,6.5,16.0,4
Food Inside: Solyanka,Brew Fiction,Sour - Fruited Gose,2021-06-15,3.852,11.0,,,,6.5,,4
Проба 005: Roggenbier,"Proba Project,Valaduta",Roggenbier,2021-06-16,4.002,,,,,5.0,,4
Falernum Vinum,Hophead Brewery,Barleywine - English,2021-02-01,3.849,30.0,,,,6.8,,4
Imža: Lajm i miata,Malanka,Sour - Fruited Berliner Weisse,2021-08-20,4.108,,,"Pilsner,Flaked Wheat","Lime,Mint",3.5,9.0,4
Deep Trip,13 Litar,IPA - Imperial / Double,2021-08-19,3.653,70.0,"Chinook,Simcoe","Pale Ale,Pilsner",,6.8,19.0,4
Black Vector,Jungle Brewery,Stout - Other,2021-08-20,4.017,25.0,,,Tonka Beans,5.9,14.8,4
Way of Hero,Selfmade Brewery,Stout - Other,2021-07-08,4.04,34.0,,,,6.8,,4
Dym: Ajva,Malanka,Historical Beer - Lichtenhainer,2021-08-09,4.126,,,"Peated,Wheat",Quince,4.0,11.0,4
AF Birthday Batch: Askerko,Midnight Project,Barleywine - American,2021-06-11,4.183,50.0,,,,6.8,,4
BIGWIG,Verden Brewery,Pale Ale - American,2021-08-12,4.098,20.0,"Mosaic,Citra",,,4.8,12.1,4
Zavieja: Sabro & HBC 630,Malanka,IPA - Imperial / Double New England / Hazy,2021-08-17,4.285,,"Sabro,HBC630","Pilsner,Flaked Oats",,6.8,19.0,4
Like Cascade,Robim Good Brewery,Lager - Euro Pale,2021-08-09,3.552,11.0,Cascade,,,5.0,12.2,4
Keep Cool,Valdsam Bjorn Brewery,IPA - American,2021-08-09,3.826,45.0,,,,6.1,,4
Spot,13 Litar,IPA - American,2021-07-29,3.568,45.0,"Mosaic,El Dorado","Pale Ale,Pilsner",,5.8,14.5,4
Dopamine Detour,"GAS Brew,Selfmade Brewery",IPA - Triple New England / Hazy,2021-06-15,3.87,50.0,"Citra,Strata,Sabro,Mosaic",,,6.8,,4
Lichamanka: Sorachi Ace,Malanka,IPA - Imperial / Double,2021-08-12,4.177,70.0,Sorachi Ace,Pilsner,,6.8,18.0,4
Saĺsa: Scorpion Peach & Chocolate Habanero,Malanka,Sour - Other Gose,2021-08-13,4.527,,,Pilsner,"Tomato,Red Pepper,Black Pepper,Garlic,Salt",5.0,14.0,4
Koronet Alcohol Free,Лідскае піва,Non-Alcoholic Beer - Other,2020-03-09,2.456,19.0,Hallertauer Tradition,,,0.1,,3
ColdWave,13 Litar,Lager - IPL (India Pale Lager),2021-08-11,3.818,45.0,"Columbus,Centennial,Citra",Pilsner,,6.3,15.0,4
Öö,Põhjala,Porter - Imperial / Double Baltic,2013-02-12,3.929,60.0,,,,6.8,,4
Trafaret B.I.G.,Zagovor Brewery,Sour - Traditional Gose,2019-03-06,4.125,7.0,,,Raspberry,6.8,17.0,4
Smuha: Idaho Gem,Malanka,IPA - Imperial / Double New England / Hazy,2021-07-30,4.119,,Idaho Gem,"Pilsner,Flaked Oats",,6.8,19.0,4
Game Maker,Jungle Brewery,IPA - Imperial / Double,2021-08-11,4.17,65.0,"Chinook,Warrior,Mosaic,Amarillo",,,6.8,20.0,4
Паветра: Sorachi,Прамень,IPA - American,2021-08-09,3.687,40.0,Sorachi Ace,,,6.7,,4
Weihenstephaner Original,Weihenstephan,Lager - Helles,,3.609,21.0,,,,5.1,,4
Забава,Прамень,Wheat Beer - Witbier / Blanche,2021-08-09,3.707,9.0,,,"Orange,Coriander",5.5,,4
Pizza Boy,Selfmade Brewery,Sour - Traditional Gose,2018-08-08,3.868,14.0,,,,5.8,,4
Make It Summer,Valdsam Bjorn Brewery,IPA - Session,2021-07-22,3.755,35.0,"Chinook,Centennial,Galaxy,Citra",,,5.0,,4
Stardust,13 Litar,Stout - Milk / Sweet,2021-08-04,3.992,25.0,Centennial,"Pilsner,Special B,Munich,Crystal,Chocolate",,5.9,17.0,4
AF Birthday Batch: Fadeenko,Midnight Project,Stout - Russian Imperial,2021-06-11,4.296,60.0,,,,6.8,,4
Abšar: Ekuanot,Malanka,IPA - White / Wheat,2021-08-03,4.108,50.0,Ekuanot,"Pilsner,Wheat,Flaked Wheat",,6.9,17.0,4
Seth & Riley's Garage Hard Californian Pear Drink,Балтика,Shandy / Radler,2020-03-23,3.08,,,,,4.6,,2
Slodyč: Šakalad i zubroŭka,Malanka,Stout - Imperial / Double Pastry,2021-07-27,4.336,,Columbus,"Munich,Biscuit,Cara Clair,Chocolate,Honey","Hierochloe,Cocoa",6.8,32.0,4
Suchaviej: Vinahrad & Hallertau Blanc,Malanka,IPA - Sour,2021-07-23,4.213,40.0,Hallertau Blanc,Pilsner,Grape,6.8,18.0,4
Food Inside: Borsch,Brew Fiction,Sour - Fruited Gose,2021-06-15,4.135,11.0,,,,6.5,,4
Totem,Jungle Brewery,Sour - Fruited,2019-06-18,4.181,11.0,,,"Strawberry,Lactose",5.5,15.5,4
Pop It,"Midnight Project,Dieta",IPA - Imperial / Double New England / Hazy,2021-07-23,4.019,,Cryo Pop,,,6.8,,4
Sour Vibes: Raspberry,Balance Brewery,Sour - Fruited,2021-07-15,3.941,,,,Raspberry,6.5,,4
Knockout,Dada,IPA - American,2012-05-20,3.645,60.0,,,,6.0,,4
Mur: Batch #03,Malanka,Sour - Fruited Berliner Weisse,2021-04-21,4.234,,,"Pilsner,Flaked Wheat",Raspberry,3.9,,4
Zhigulikkeller,"Midnight Project,Mikkeller,Selfmade Brewery",Lager - IPL (India Pale Lager),2019-02-12,3.914,37.0,"Citra,Simcoe",,,4.2,,4
Dark Spin: Cherry,Carousel Brewery,Stout - Milk / Sweet,2021-07-23,4.055,25.0,,,Cherry,6.8,27.5,4
Schloss Fels Lager,Privatbrauerei Eichbaum,Lager - Pale,2018-06-18,2.754,,,,,4.2,,3
Hop Rider Session IPA,Privatbrauerei Eichbaum,IPA - Session,2019-12-26,3.095,35.0,,,,4.9,,3
Aperitif For Abstraction,On the Bones,Barleywine - Other,2020-11-20,3.706,38.0,,,,6.8,,4
Vamberg Světlý ležák,Konrad,Pilsner - Czech / Bohemian,2020-04-17,3.2,,,,,5.2,,2
Becker's Lager,Karlsberg Brauerei,Lager - Helles,2012-05-02,2.615,,,,,4.2,,2
Bruler Brune,Belgian Brew Factory,Brown Ale - Belgian,2021-03-13,3.585,,,,,6.8,,4
Hedgehog In the Fog. Pink Boots,Hops Brewery,IPA - New England / Hazy,2021-07-07,4.192,10.0,,,,6.6,,4
Void Garden,Selfmade Brewery,Fruit Beer,2021-03-03,4.229,10.0,,,"Black Currant,Blueberry",6.7,,4
Citrate,13 Litar,IPA - Imperial / Double,2021-07-20,4.033,60.0,Citra,Pilsner,,6.8,18.5,4
Soft Fog Dystopia,Jungle Brewery,IPA - Sour,2021-07-15,4.212,30.0,"Sabro,Mosaic",,Lactose,5.5,14.5,4
Imža: Abliapicha i bazilik,Malanka,Sour - Fruited Berliner Weisse,2021-07-20,4.138,,,"Pilsner,Flaked Wheat","Sea buckthorn,Basil",3.5,9.0,4
Cyber Race,Big Village Brewery,IPA - Imperial / Double New England / Hazy,2021-06-18,4.064,19.0,"Simcoe,Mosaic,Strata,Citra",,,6.8,,4
Peach Blanche,Hops Brewery,Wheat Beer - Witbier / Blanche,2021-07-19,3.809,15.0,,,Peach,5.0,,4
Future Proof,Carousel Brewery,Pale Ale - New England / Hazy,2021-07-21,4.041,20.0,"Cascade,Sabro",,,5.5,,4
J.Hardy Cherry Berry,Бабруйскі бровар,Shandy / Radler,2021-04-28,3.084,,,,,4.6,,2
Altenkunstadt Schwarzbier,Brauhaus Leikeim,Schwarzbier,2018-06-14,3.021,,,,,4.9,,3
Bock Hell,Einsiedler,Bock - Hell / Maibock / Lentebock,2013-04-06,3.314,27.0,,,,6.8,,4
Sense,13 Litar,IPA - American,2021-07-14,3.777,45.0,"Columbus,Cashmere,Triumph",Pilsner,,6.2,15.2,4
Зорапад,Прамень,Stout - Milk / Sweet,2021-07-16,3.851,15.0,,,,6.4,,4
Forever21,"Paradox,GAS Brew",IPA - Triple New England / Hazy,2021-05-25,3.985,55.0,"Simcoe,Talus,Citra,Mosaic",,,6.8,,4
West Wave: Citra & Amarillo,Midnight Project,IPA - American,2021-07-14,4.028,50.0,"Citra,Amarillo",,,6.9,,4
Trasca: Citra,Malanka,IPA - Triple,2020-04-29,4.407,90.0,Citra,Pilsner,,6.8,21.0,4
Smuha: Rakau,Malanka,IPA - Imperial / Double New England / Hazy,2020-02-27,4.282,30.0,Rakau,"Pilsner,Flaked Oats",,6.8,,4
Sawadee Ka,"Red Rocket Brewery,Sabotage",Sour - Fruited,2021-06-02,4.043,,,,"Guava,Pineapple,Calamansi,Red Pepper,Cardamom,Coriander,Ginger",6.8,,4
Darkplace,13 Litar,Brown Ale - Other,2021-06-30,3.492,30.0,"Columbus,Cashmere","Pilsner,Amber,Carared,Crystal,Roasted Barley",,5.0,12.0,4
Brauberg,Крыніца,Lager - Euro Pale,2017-05-28,2.302,,,,,4.3,11.0,3
Blind Dates,Silent Jazz Brew,Stout - Oatmeal,2021-06-04,3.902,,,,"Vanilla,Date",6.9,,4
Double Click,13 Litar,IPA - Imperial / Double,2021-06-30,3.978,60.0,"Talus,Sabro","Pilsner,Vienna",,6.8,18.0,4
Mosaic One Love,Jungle Brewery,IPA - Session,2021-07-02,4.179,40.0,Mosaic,,,5.0,,4
Mc Chouffe,Brasserie d’Achouffe,Belgian Strong Dark Ale,,3.64,20.0,,,,6.8,,4
Rager: Mosaic,Valaduta,IPA - Imperial / Double,2021-07-01,4.25,70.0,Mosaic,,,6.8,,4
Lucky Dregs,Verden Brewery,Pale Ale - New England / Hazy,2021-07-01,4.212,30.0,"Citra,Mosaic,Sabro",,,4.3,12.0,4
Спёка,Прамень,Lager - IPL (India Pale Lager),2021-06-28,3.59,35.0,,,,6.5,,4
Crazy Choice,Valdsam Bjorn Brewery,IPA - American,2021-06-29,3.87,55.0,,,,6.5,,4
Sacred Beast,Selfmade Brewery,Sour - Fruited Berliner Weisse,2021-06-02,3.833,10.0,,,"Grapefruit,Rosemary,Cardamom",5.2,,4
Cake Is A Lie,Selfmade Brewery,Stout - Imperial / Double,2020-01-23,3.855,,,,,6.8,,4
Altenkunstadt Pilsener,Brauhaus Leikeim,Pilsner - German,2018-06-14,2.945,,,,,4.9,,2
Saĺsa: Chalapieńjo,Malanka,Sour - Other Gose,2021-06-26,4.463,,,"Pilsner,Flaked Oats","Tomato,Chili,Black Pepper,Garlic,Salt",5.5,14.0,4
Inspiration,13 Litar,Wheat Beer - American Pale Wheat,2022-06-29,3.693,40.0,Citra,"Pilsner,Wheat",,5.2,13.0,4
Cherrynade,Red Button Brewery,Sour - Fruited,2021-06-01,4.103,,,,"Cherry,Raspberry,Black Currant,Peach",6.0,,4
Світанне,Прамень,Wheat Beer - Hefeweizen,2021-06-21,3.593,9.0,,,,5.8,,4
Tomato Gose,Brew Balance,Sour - Tomato / Vegetable Gose,2023-04-25,3.569,3.0,Willamette,,,4.5,13.0,4
Edelburg Lager,Oettinger Brauerei,Lager - Euro Pale,2020-09-18,2.958,,,,,5.2,,3
RSSCRTC,"AF Brew,North Brewing Co.",IPA - Imperial / Double New England / Hazy,2021-05-13,3.804,30.0,"Galaxy,Citra,Nelson Sauvin",,,6.8,,4
Shaker: Blackcurrant,Jungle Brewery,IPA - Milkshake,2018-04-06,4.157,,"Mosaic,Amarillo",,,6.5,17.5,4
Substance,13 Litar,Stout - Irish Dry,2021-06-24,3.905,25.0,"Cashmere,Triumph","Pilsner,Vienna,Amber,Crystal,Carafa,Chocolate,Roasted Barley",,6.4,14.5,4
Quintine Ambrée,Brasserie des Légendes,Belgian Strong Golden Ale,2011-07-31,3.442,18.0,,,,6.8,,4
Happy Blanc,Robim Good Brewery,Lager - Helles,2021-05-27,3.461,13.0,Hallertau Blanc,,,4.6,11.5,3
Hop Rider Wheat Pale Ale,Privatbrauerei Eichbaum,Wheat Beer - American Pale Wheat,2020-02-24,3.242,25.0,,,,5.6,,3
Phantom,Jungle Brewery,Sour - Fruited,2021-06-11,4.121,11.0,,,"Grapefruit,Orange,Lemon,Lactose,Basil",5.5,,4
Anniversary,Velka Morava,Bock - Eisbock,2020-11-06,3.767,,,,,6.8,,4
Parhelion,Plan B Brewery,IPA - Imperial / Double,2021-05-06,3.951,70.0,"Simcoe,Citra,Mosaic",,,6.8,,4
Cashmere,13 Litar,IPA - American,2021-06-17,3.861,40.0,Cashmere,Pilsner,,5.9,15.0,4
Casual: Warrior/Talus,Carousel Brewery,IPA - American,2021-04-30,3.88,46.0,"Warrior,Talus",,,5.7,,4
Soot: Pure,Mitra,Porter - Imperial / Double,2021-05-17,4.117,49.0,,,,6.8,,4
Dym: Čarnaplodnaja rabina,Malanka,Historical Beer - Lichtenhainer,2021-06-18,4.097,,,Smoked,Chokeberry,4.0,11.0,4
Hedgehog In the Fog. Citra Mosaic,Hops Brewery,IPA - New England / Hazy,2021-06-02,4.268,10.0,"Citra,Mosaic",,,6.6,,4
Pavaloka: Strata,Malanka,IPA - Triple New England / Hazy,2021-06-16,4.47,,Strata,"Pilsner,Flaked Oats",,6.8,28.0,4
Egger Märzen,Privatbrauerei Fritz Egger,Märzen,2011-10-04,3.082,20.0,,,,5.0,,3
Karlova Krčma Černý,Podkováň,Lager - Dark,2021-01-27,3.174,,,,,4.0,,3
Weihenstephaner Hefeweissbier,Weihenstephan,Wheat Beer - Hefeweizen,,3.78,14.0,,,,5.4,,4
Time For Miami,Valdsam Bjorn Brewery,IPA - New England / Hazy,2021-06-07,3.606,20.0,,,,6.2,,4
H#sh Cake,Mad Frog Brewery,Stout - Other,2021-06-10,3.936,35.0,,,"Vanilla,Oak Chips",6.8,,4
Alchemy,13 Litar,Belgian Strong Dark Ale,2021-06-09,4.178,25.0,Triumph,"Pale Ale,Pilsner,Abbey,Biscuit,Chocolate,Crystal",,6.8,22.0,4
Chaliera: Cascade,Malanka,IPA - American,2021-06-01,4.039,50.0,Cascade,Pilsner,,6.5,15.0,4
Zolak: Galaxy & Enigma,Malanka,Farmhouse Ale - Grisette,2021-06-12,4.005,40.0,"Galaxy,Enigma,Pacific Gem","Pilsner,Flaked Oats",,3.8,9.0,4
Midnight Neon,Carousel Brewery,IPA - New England / Hazy,2021-06-11,4.159,20.0,"Mosaic,Galaxy,Citra",,,6.0,,4
Вишня в дубе,Трёхсосенский,Fruit Beer,2019-08-07,3.056,,,,,5.0,,2
Rager: Galaxy,Valaduta,IPA - Imperial / Double,2021-05-27,4.191,70.0,Galaxy,,,6.8,,4
Reign of Darkness: Maple Syrup & Caramel,Мантра,Porter - Imperial / Double,2021-02-25,3.985,20.0,,,"Maple Syrup,Caramel",6.8,,4
Trasca: Simcoe,Malanka,IPA - Triple,2021-05-28,4.216,70.0,Simcoe,Pilsner,,6.8,20.0,4
Vietraź: Hrejpfrut i čorny kardamon,Malanka,Wheat Beer - Witbier / Blanche,2021-05-25,4.043,,,"Pilsner,Flaked Wheat","Grapefruit,Black cardamom",5.2,12.0,4
Imhla: Jarrylo,Malanka,IPA - New England / Hazy,2021-06-09,4.108,,Jarrylo,,,6.0,15.0,4
Daenerys,Stamm Brewing,Sour - Other,2019-04-10,4.238,,,,"Mango,Passion fruit,Guava",6.0,,4
Soulmate,Beermats Brewing Co,Blonde / Golden Ale - Other,2017-10-25,3.33,,"Cascade,Northdown",,,4.2,,4
The Price of Agony,Мантра,Stout - Imperial / Double Pastry,2021-05-06,4.074,30.0,,,"Coconut,Chocolate,Vanilla,Oak Chips",6.8,,4
Dark Spin: Raspberry,Carousel Brewery,Stout - Milk / Sweet,2021-06-04,4.113,25.0,,,Raspberry,6.8,,4
Beer With Taste of Beer: American IPA #6,Пивная диета,IPA - American,2021-05-04,3.893,40.0,,,,6.8,,4
Out of Space,"Red Rocket Brewery,Coma Brewery",Sour - Fruited,2021-05-14,3.89,,,,"Chocolate,Banana,Raspberry,Blueberry",6.8,,4
Цёмная матэрыя,Прамень,Stout - Oatmeal,2021-05-31,4.018,18.0,,,,6.5,,4
Bloody Vampirito,Rock’n’Beer,Sour - Fruited Gose,2020-07-21,3.938,,,,,5.0,,4
Smuha: Medusa,Malanka,IPA - Imperial / Double New England / Hazy,2021-06-04,4.145,,Medusa,"Pilsner,Flaked Oats",,6.8,19.5,4
Tomorrow Land,Paradox,Pale Ale - New England / Hazy,2021-04-12,3.775,30.0,,,,5.0,,4
Aurora,Brekeriet,Sour - Fruited,2019-03-08,3.731,,,,,6.8,,4
Fatum,Paradox,IPA - Imperial / Double,2020-10-08,3.85,75.0,,,,6.8,18.0,4
Цемра,AV Brewery,Brown Ale - English,2021-03-15,3.574,,Fuggle,,,5.2,,4
Беловежское Нефильтрованное,Брестское пиво,Lager - Pale,2021-05-16,2.54,,,,,5.0,11.5,3
One Step Closer,Coven Brewery,Sour - Fruited,2021-04-22,3.792,,,,"Feijoa,Pineapple,Lime,Lemongrass",5.5,,4
Black Is the New Black,Paradox,IPA - Imperial / Double Black,2021-04-12,3.935,95.0,,,,6.8,25.0,4
Milkshake IPA Mango,Discovery Brewing,IPA - Milkshake,2020-04-27,3.696,40.0,,,,5.5,,4
Monoplay Galaxy,Stamm Brewing,IPA - Imperial / Double New England / Hazy,2020-10-14,3.892,,Galaxy,,,6.8,,4
Summer Fling,Bierbank,Sour - Fruited,2020-12-23,3.691,10.0,,,"Sea buckthorn,Orange",4.8,,4
Chocolate Muffin,Bierstaat,Stout - Pastry,2021-05-24,4.032,18.0,,,,6.5,,4
Secret,13 Litar,IPA - Imperial / Double,2021-05-27,3.941,75.0,"Vic Secret,Citra","Pale Ale,Pilsner",,6.8,18.5,4
My Evil Monkey,Valdsam Bjorn Brewery,Stout - Other,2021-05-24,3.771,30.0,,,,6.1,,4
Зависимость,4BREWERS,Sour - Fruited Gose,2018-10-27,4.101,,,,,5.0,,4
Minsk Pilsner,"Jungle Brewery,Malanka",Pilsner - Other,2021-05-13,4.012,45.0,"Saaz,Cashmere",,,5.7,12.9,4
Coral Tart,Plan B Brewery,Sour - Fruited,2021-04-14,3.538,,,,"Strawberry,Mango,Black Currant",6.5,,4
Структура,"Red Rocket Brewery,On the Bones",Stout - Imperial / Double,2021-04-30,3.989,,,,,6.8,,4
Double IPA Ella & Galaxy,Brewlok,IPA - Imperial / Double,2021-05-11,,100.0,,,,6.8,,4
Thrill Pulse,Wild Lab,IPA - Imperial / Double New England / Hazy,2021-03-19,3.967,,"El Dorado,Galaxy,Idaho 7",,,6.8,,4
Kava: Rwanda Gesheke,Malanka,Stout - Imperial / Double Coffee,2021-05-18,4.294,15.0,Columbus,"Vienna,Biscuit,Chocolate,Cara Clair",Coffee,6.8,30.0,4
План Чинука,Valdsam Bjorn Brewery,IPA - American,2021-05-19,3.89,40.0,"Chinook,Citra,Amarillo",,,6.8,,4
Smuha: Pacific Gem,Malanka,IPA - Imperial / Double New England / Hazy,2021-05-21,4.205,,Pacific Gem,"Pilsner,Flaked Oats",,6.8,19.5,4
Party Time,Bierstaat,IPA - Imperial / Double,2023-08-14,3.889,50.0,"Vista,Talus",,,6.9,,4
Botanical Definition of Berry,Stamm Brewing,Sour - Fruited,2021-02-10,4.161,,,,"Raspberry,Blueberry,Blackberry,Chokeberry",6.8,,4
Kers en pruim,Double A Brewing,Sour - Other,2020-10-14,4.174,32.0,,,"Plum,Cherry",6.8,,4
Nightcap,Verden Brewery,Wheat Beer - American Pale Wheat,2021-05-20,4.155,35.0,"Mosaic,Citra",,,6.0,16.0,4
Blastberry,Rewort Brewery,Sour - Fruited,2021-04-21,4.361,6.0,,,"Raspberry,Blueberry,Strawberry",5.8,,4
Give Me the Light,13 Litar,IPA - Session,2021-05-20,3.85,35.0,"Citra,Enigma",,,5.1,12.0,4
Eibauer Schwarzbier,Privatbrauerei Eibau i. Sa. GmbH,Schwarzbier,,3.185,20.0,,,,4.5,11.0,3
Boston Lager,Samuel Adams,Lager - Vienna,,3.415,30.0,,,,5.0,,4
Blueberry Strawberry Temptation,Hops Brewery,IPA - Milkshake,2021-05-13,4.051,25.0,,,"Blueberry,Strawberry",6.6,,4
Hedgehog In the Fog,Hops Brewery,IPA - New England / Hazy,2021-05-18,4.055,10.0,"Citra,Galaxy",,,6.6,,4
Buckthorn Blood,Zavod,Sour - Fruited,2021-04-12,3.983,,,,Sea buckthorn,4.4,,4
A-Side,"Bierstaat,Sozhski Beer",IPA - New England / Hazy,2021-05-10,4.082,40.0,"Zappa,Simcoe",,,6.8,,4
Буран,Rocket City Brewery,Stout - Imperial / Double Milk,2019-10-28,3.667,,,,,6.8,,4
Конфитюр,Brewlok,Sour - Fruited,2021-05-04,3.728,,,,"Black Currant,Raspberry",6.8,,4
Meteora,Coven Brewery,Stout - Other,2019-10-05,3.792,25.0,,,,6.0,,4
Somnambula,Jaws,Stout - Imperial / Double Milk,2016-09-28,3.874,22.0,,,"Lactose,Coffee,Cocoa",6.8,,4
In the Air,Bierstaat,Farmhouse Ale - Grisette,2021-05-14,3.682,20.0,"Lemondrop,Falconer’s Flight",,,4.8,,4
Pulse. Pistachio Apricot Banana,Hops Brewery,Sour - Fruited,2021-05-13,4.263,,,,"Pistachio,Apricot,Banana,Lactose",6.0,,4
Angel,Robim Good Brewery,Lager - Helles,2021-04-06,3.501,13.0,,,,4.6,11.5,4
Muson: Papaja i marakuja,Malanka,Sour - Fruited,2021-05-13,4.134,,,"Pale Ale,Flaked Wheat","Papaya,Passion fruit",5.0,11.0,4
Illusion,Brewlok,IPA - Imperial / Double New England / Hazy,2021-04-26,3.642,45.0,,,,6.8,,4
Seno Rūsio,Rinkuškiai,Altbier - Traditional,2013-08-03,3.024,,,,,5.4,,3
Enigma,13 Litar,IPA - Imperial / Double,2021-05-13,3.968,70.0,Enigma,"Pale Ale,Pilsner",,6.8,18.7,4
Galvanize DDH Talus Cryo Mosaic Idaho 7,Paradox,IPA - Imperial / Double New England / Hazy,2021-03-09,3.887,40.0,"Talus,Mosaic,Idaho 7",,,6.8,,4
Red Fog,Mad Frog Brewery,Sour - Fruited,2021-05-07,3.995,,,,Red Currant,5.5,,4
Full Moon Madness,Valdsam Bjorn Brewery,IPA - English,2021-05-03,3.884,30.0,"Fuggle,Golding",,,5.0,,4
Stout Pastry Salty Caramel,LiS Brew,Stout - Pastry,2020-02-28,3.463,,,,,6.8,,4
Oatmeal Stout,13 Litar,Stout - Oatmeal,2016-10-26,3.645,30.0,"Warrior,Sladek,Kazbek,Fuggle","Pilsner,Munich,Caraaroma,Chocolate,Oats",,5.8,,4
Twin Cherry,New Riga’s Brewery,Fruit Beer,2017-10-12,3.697,,,,Cherry,6.8,,4
Laserotops,Selfmade Brewery,Sour - Fruited,2020-11-30,4.165,12.0,,,"Mango,Peach",6.0,,4
Love Memories,New Riga’s Brewery,Sour - Berliner Weisse,2018-02-28,3.765,,,,Strawberry Puree,4.0,,4
Onkel Weber Bayerisch Weißbier,Liquid World GbR,Wheat Beer - Hefeweizen,2021-01-24,3.079,,,,,5.4,,2
Vova,Jaws,Stout - Russian Imperial,2018-12-19,4.073,,"Cascade,Columbus,Golding","Pale Ale,Munich,Caraaroma,Carafa,Roasted Barley,Oats",,6.8,26.0,4
Onkel Weber Bayerisch Schwarzbier,Liquid World GbR,Schwarzbier,2021-01-23,3.132,,,,,4.9,,3
Paranoia,Cervejaria Wayne190,Red Ale - American Amber / Red,2017-12-06,3.692,35.0,,,,5.7,,4
Ikarus 280,"Hops Brewery,Midnight Project",IPA - Imperial / Double New England / Hazy,2021-05-06,4.198,10.0,,,,6.9,,4
Retro Future,Stamm Brewing,IPA - Imperial / Double,2019-12-16,3.897,80.0,"Amarillo,Citra,Simcoe",,,6.8,,4
Pattern Interrupt,Stamm Brewing,IPA - Farmhouse,2020-12-01,3.803,,,,,6.8,,4
Soul,13 Litar,Stout - Milk / Sweet,2021-05-05,3.842,25.0,"Sladek,Palisade","Pale Ale,Crystal,Pilsner,Caramunich,Chocolate",,5.8,16.5,4
Beer Cake,Hops Brewery,IPA - American,2021-04-30,3.804,40.0,,,"Tonka Beans,Orange",6.0,,4
Vietraź: Limon i sumach,Malanka,Wheat Beer - Witbier / Blanche,2021-05-07,3.981,,,"Pilsner,Flaked Wheat","Lemon,Sumac",5.2,12.0,4
Lander Bräu,H-West B.V.,Lager - Euro Pale,2013-03-31,2.68,,,,,4.9,,2
Brick By Brick,Main Rule,IPA - New England / Hazy,2021-04-19,3.93,40.0,"Amarillo,El Dorado,Mosaic,Citra",,,6.4,,4
Vanilla,Brewlok,IPA - Imperial / Double New England / Hazy,2021-04-16,3.482,35.0,,,,6.8,,4
Big Black Mash,AF Brew,Stout - Imperial / Double,2018-04-06,4.139,30.0,,,,6.8,30.0,4
Galvanize DDH IPA Cryo Sabro Citra Idaho 7,Paradox,IPA - Imperial / Double New England / Hazy,2020-08-27,3.904,40.0,"Sabro,Citra,Idaho 7",,,6.8,,4
Running Talus,AF Brew,IPA - New England / Hazy,2020-09-09,3.908,20.0,Talus,,,6.5,,4
Imperial Tomato Gose,Salden’s Brewery,Spiced / Herbed Beer,2021-02-02,3.753,,,,,6.8,,4
Stay the Same,GAS Brew,IPA - Imperial / Double New England / Hazy,2021-04-19,3.895,50.0,,,,6.8,,4
Polyhops,13 Litar,IPA - Imperial / Double,2021-04-29,4.099,60.0,"Sabro,Mosaic,Amarillo,Cascade","Pale Ale,Pilsner",,6.8,18.5,4
Mitrenha: Zappa & Talus,Malanka,IPA - Imperial / Double,2021-05-01,4.254,80.0,"Zappa,Talus",Pilsner,,6.8,19.0,4
Alone But Not Lonely: Lingonberry,Dieta,Sour - Fruited Gose,2021-04-26,4.053,,,,Lingonberry,6.8,,4
Walnut Bastard,Selfmade Brewery,Stout - Other,2021-04-12,3.91,24.0,,,,6.8,,4
Десертный джаз,Brewlok,Sour - Fruited,2021-04-09,,,,,"Blueberry,Chocolate,Coconut",6.5,,4
Weissbier,Augustiner-Bräu München,Wheat Beer - Hefeweizen,2011-01-02,3.67,14.0,,,,5.4,,4
Firestarter,"De Moersleutel,Basqueland Brewing",Stout - Imperial / Double Pastry,2023-08-18,4.109,,,,,6.8,,4
Hoppy Cow: Call Your Honey Say U’ll Late,Mad Frog Brewery,Farmhouse Ale - Other,2021-04-15,3.923,25.0,"Strata,HBC472",,,6.5,,4
Reduction,Verden Brewery,Farmhouse Ale - Saison,2021-04-08,4.127,20.0,,,,6.8,18.0,4
Chaliera: Idaho 7,Malanka,IPA - American,2021-04-21,4.176,50.0,Idaho 7,Pilsner,,6.9,15.0,4
Grinder Bean,Paradox,Stout - Imperial / Double Pastry,2020-09-30,3.721,20.0,,,Cocoa,6.9,,4
Grunberger Premium Hefeweizen,Volfas Engelman,Wheat Beer - Hefeweizen,2018-07-23,3.115,,,,,5.0,,3
Wheat the Bastards,Time Bomb Brewery,IPA - White / Wheat,2021-03-19,3.958,50.0,,,,6.5,,4
Warlock Book,Selfmade Brewery,Sour - Other,2021-03-19,3.802,10.0,,,,6.8,,4
Hop Headshot: Citra,Midnight Project,IPA - Triple,2018-09-29,4.216,111.0,Citra,,,6.8,,4
Eclipse,13 Litar,IPA - American,2022-01-26,3.794,55.0,"Simcoe,Sabro",Pilsner,,6.3,15.0,4
Palisade,13 Litar,Stout - Irish Dry,2021-04-22,4.035,20.0,Palisade,"Pilsner,Vienna,Caramunich,Pale Ale,Roasted Barley",,6.5,15.0,4
Good Morning: Black Flag,Mad Frog Brewery,Stout - Other,2021-04-23,4.096,30.0,,,,6.6,,4
Corsendonk Blanche,Brouwerij Corsendonk,Wheat Beer - Witbier / Blanche,,3.429,11.0,,,,4.8,,4
APA Vic Secret & Galaxy,Волковская пивоварня,Pale Ale - American,2016-08-27,3.469,27.0,,,,5.5,,3
Koronet Pub Draught,Лідскае піва,Lager - Euro Pale,2021-03-28,2.726,5.0,,,,4.7,10.6,2
Micro Secret,Konix Brewery,IPA - Session,2020-06-02,3.662,25.0,"Mosaic,Citra,El Dorado",,,3.0,,4
Stout,1516 Pub & Brewery,Stout - Other,2013-07-18,3.721,30.0,,,,5.6,,4
Treat You Right,GAS Brew,IPA - Imperial / Double New England / Hazy,2021-02-25,3.906,50.0,"Nelson Sauvin,Citra",,,6.8,,4
London Pride,Fuller’s,Bitter - Session / Ordinary,,3.408,,"Target,Northdown,Challenger",Pale Ale,,4.7,,3
Incognito,Robim Good Brewery,IPA - American,2021-03-10,3.639,40.0,Medusa,,,5.7,14.0,4
Bruler Blonde,Belgian Brew Factory,Belgian Blonde,2021-03-15,3.573,,,,,6.8,,4
Nick Holodnik,"Cosmic City,Malanka",Sour - Traditional Gose,2021-03-22,4.047,,,,,5.9,,4
People of the Sun,Valaduta,IPA - New England / Hazy,2021-03-04,4.104,20.0,"Zappa,Galaxy",,,6.2,,4
The First Brew We All Understand,Midnight Project,Farmhouse Ale - Other,2021-04-16,3.956,15.0,,,,6.9,,4
Serenity,13 Litar,IPA - Imperial / Double,2021-04-12,4.067,65.0,"Mosaic,Amarillo","Pilsner,Pale Ale",,6.8,18.5,4
Slota: Simcoe,Malanka,IPA - Belgian,2021-04-14,4.119,70.0,Simcoe,Pilsner,,6.8,16.0,4
Algorithm DC,Zagovor Brewery,Stout - Russian Imperial,2021-03-29,4.069,20.0,,,,6.8,,4
Analog Dream,Rewort Brewery,Sour - Fruited,2019-09-02,3.993,15.0,,,"Rose,Raspberry,Lychee",6.9,23.1,4
ChocoLatte,13 Litar,Stout - Milk / Sweet,2021-04-02,3.858,20.0,"Sladek,Saaz,Amarillo","Pale Ale,Pilsner,Vienna,Special W,Caramel,Chocolate",,5.3,16.0,4
Self Destruction,Valaduta,IPA - Imperial / Double,2021-04-08,4.287,55.0,"HBC472,Idaho Gem,Mosaic",,,6.8,,4
Tribal,Jungle Brewery,Sour - Fruited,2021-03-17,4.205,15.0,,,"Black Currant,Lactose",6.9,,4
Fat Nelson,AF Brew,IPA - Triple New England / Hazy,2018-11-16,3.94,25.0,"Nelson Sauvin,El Dorado",,,6.8,,4
Smuha: Talus,Malanka,IPA - Imperial / Double New England / Hazy,2021-04-02,4.324,,Talus,"Pilsner,Flaked Oats",,6.8,20.0,4
Saĺsa: Chabanera,Malanka,Sour - Other Gose,2021-04-09,4.439,,,"Pilsner,Flaked Oats","Tomato,Red Pepper,Black Pepper,Garlic",5.5,14.0,4
Head Rush,Мантра,Barleywine - Other,2020-12-07,3.902,30.0,,,"Honey,Oak Chips",6.8,,4
Skyfall,13 Litar,IPA - American,2021-03-29,3.844,40.0,"Columbus,Cascade,Simcoe","Pale Ale,Pilsner",,6.1,15.0,4
Sabro One Love,Jungle Brewery,IPA - Session,2021-04-05,4.216,40.0,Sabro,,,5.0,12.9,4
Спакуса,Прамень,Porter - American,2021-03-24,3.778,22.0,,,,6.5,,4
Gulden Draak Smoked,Brouwerij Van Steenberge,Smoked Beer,2019-06-20,3.525,,,,,6.8,,4
Raspberry Bug,Mad Frog Brewery,Sour - Fruited Gose,2021-04-01,4.099,,,,Raspberry,,,4
Black Raspberry,AF Brew,Porter - Imperial / Double,2021-02-19,4.074,30.0,,,Raspberry,6.8,,4
Broken Sun,Valaduta,Porter - Other,2021-03-31,4.141,37.0,,,,6.8,,4
Trojdzień,Carousel Brewery,Stout - Imperial / Double,2021-03-27,4.104,,,,,6.8,,4
Dark Spin: Vanilla/Coconut,Carousel Brewery,Stout - Milk / Sweet,2021-03-27,4.197,25.0,,,"Vanilla,Lactose,Coconut",6.8,,4
Натхненне,Прамень,Stout - Oatmeal,2021-03-22,3.793,15.0,,,,6.5,,4
Areli,"Malanka,Carousel Brewery",IPA - Sour,2021-03-26,3.926,19.0,"Sabro,Talus","Pilsner,Flaked Oats",,6.8,,4
Strawberry Banana Temptation,Hops Brewery,IPA - Imperial / Double Milkshake,2021-03-25,4.105,25.0,"Mosaic,Citra",,"Strawberry Puree,Banana",6.8,,4
Monk's Café Flemish Sour Ale,Brouwerij Van Steenberge,Sour - Flanders Oud Bruin,,3.839,,,,,5.5,,4
Hefeweizen,Bierstaat,Wheat Beer - Hefeweizen,2023-01-23,3.659,8.0,,,,5.3,,4
Shake 'n Bake,"Main Rule,DaLi Brewery",Stout - Imperial / Double,2021-01-07,3.697,,,,,6.8,,4
Trickster (Sriracha Edition),Чаща,Sour - Other,2020-10-09,4.048,,,,,6.5,,4
Wake Up,Robim Good Brewery,Bock - Weizenbock,2020-12-10,3.755,8.0,,,,6.5,,4
Pramień: Batch #01,Malanka,Farmhouse Ale - Saison,2021-03-10,4.105,,,"Pilsner,Wheat",,6.5,13.0,4
Xtreme Kriek,Brouwerij Mort Subite,Lambic - Kriek,,3.56,,,,,4.3,,3
Black Market Smoothie,GAS Brew,Stout - Pastry,2020-08-21,3.878,40.0,,,,6.0,,4
Адвячорак,Прамень,Porter - Coffee,2021-03-15,3.634,25.0,,,,6.5,,4
Galaxy One Love,Jungle Brewery,IPA - Session,2021-03-04,4.223,40.0,Galaxy,,,5.0,,4
Are You Reddy,Zavod,Sour - Berliner Weisse,2019-07-16,3.856,8.0,,,,4.0,,4
Bathory,Plan B Brewery,Red Ale - American Amber / Red,2015-04-20,3.799,50.0,"Simcoe,Citra",,,5.7,14.5,4
Vyraj: Manha i truskaŭki,Malanka,IPA - Imperial / Double Milkshake,2021-03-20,4.043,40.0,Columbus,,"Mango,Strawberry,Vanilla",6.8,20.0,4
Baltic Cyclone,"Carousel Brewery,13 Litar",Porter - Imperial / Double Baltic,2021-03-18,4.285,,"Sladek,East Kent Golding,Cascade","Pilsner,Vienna,Crystal,Caramunich,Chocolate,Special W,Roasted Barley",,6.8,,4
Denninghoff's Premium Pilsener,Denninghoff's,Pilsner - German,,3.064,,,,,4.9,,3
Props: Ekuanot,Valaduta,Pale Ale - New England / Hazy,2021-03-10,3.944,30.0,Ekuanot,,,6.0,,4
Dr. Diesel Hot Mix Вишня-Персик,Heineken,Fruit Beer,2020-03-19,2.737,,,,,6.0,,2
Maladzik: Blend #02,Malanka,Wild Ale - Other,2021-03-10,4.265,,,"Pilsner,Wheat,Rye",Dandelion,6.2,12.0,4
Индульгенция,Alaska Brewery,Sour - Traditional Gose,2021-02-23,3.742,,,,,6.3,,4
Smoked Salsa Roja,"Brewmen,Hophead Brewery",Sour - Traditional Gose,2021-02-08,4.08,5.0,,,,5.0,,4
Lipa Naked Ice,Rising Moon Brewery,Mead - Metheglin,2020-09-19,3.871,,,,,6.0,,2
I Got the Remedy,Mad Frog Brewery,Sour - Fruited,2021-03-05,3.941,,,,,4.8,,4
Pine Shot,13 Litar,IPA - Imperial / Double,2021-03-05,4.14,70.0,"Simcoe,Galaxy","Pale Ale,Pilsner",,6.8,18.0,4
Liquid Saturation,Selfmade Brewery,Sour - Fruited,2021-02-04,4.129,12.0,,,"Guava,Raspberry,Lychee,Apple",6.0,,4
Dance Revolution,Big Village Brewery,Sour - Fruited Gose,2021-02-18,3.948,,,,"Passion fruit,Blackberry",6.0,,4
Chupa’s Dank Blaster,Wild Lab,IPA - Imperial / Double New England / Hazy,2020-12-16,4.071,,,,,6.8,,4
Lichamanka: Triumph,Malanka,IPA - Imperial / Double,2021-03-05,4.024,70.0,Triumph,Pilsner,,6.8,18.0,4
Smuha: Sabro,Malanka,IPA - Imperial / Double New England / Hazy,2020-04-03,4.336,30.0,Sabro,"Pilsner,Flaked Oats",,6.8,20.0,4
SubNuclear,Nuclear Brewery,Barleywine - Other,2020-08-14,3.833,30.0,,,,6.8,,4
Törökkä,Snowcap Brewing,IPA - American,2021-02-10,3.86,55.0,Nelson Sauvin,,,6.8,,4
Nameless Enemy,Selfmade Brewery,Stout - Imperial / Double,2021-01-22,3.948,38.0,,,"Coffee,Tea",6.8,,4
Extended Mix,Big Village Brewery,IPA - Triple New England / Hazy,2020-12-16,4.258,40.0,"Galaxy,Citra,Sabro",,,6.8,,4
Macro Series: Smoky Peppers,Jaws,Stout - Imperial / Double,2020-12-17,3.86,80.0,,,,6.8,,4
F*ck the Dust! DDH Mosaic,AF Brew,IPA - Triple,2019-05-27,4.1,40.0,,,,6.8,,4
Smuha: Strata,Malanka,IPA - Imperial / Double New England / Hazy,2021-02-26,4.244,,Strata,"Pilsner,Flaked Oats",,6.8,20.0,4
Yotvingian,Plague Brew,Porter - Imperial / Double Baltic,2020-11-02,3.923,35.0,,,,6.8,,4
Strava: Cadziki,Malanka,Sour - Other,2020-07-24,4.023,,,"Pilsner,Flaked Wheat","Cucumber,Dill,Lemon",4.0,7.8,4
Death Valley,Big Village Brewery,IPA - Imperial / Double,2021-02-12,3.956,90.0,"Mosaic,Simcoe",,,6.8,,4
City Rider,Main Rule,IPA - American,2021-01-07,3.801,20.0,"Citra,Sabro",,,6.8,,4
Army of One,"Plague Brew,Mitra",Strong Ale - American,2020-12-21,3.678,55.0,,,,6.8,,4
imPEACHment,Punchiller,IPA - American,2021-02-24,4.087,45.0,"Citra,Mosaic",,Peach,6.3,,4
Delirium Nocturnum,Brouwerij Huyghe,Belgian Strong Dark Ale,,3.765,24.0,,,,6.8,,4
Źurek,"Knightberg,Carousel Brewery",Sour - Traditional Gose,2020-11-09,4.089,,,,,4.0,,4
MindBug,XP Brew,Stout - Russian Imperial,2018-10-22,3.888,70.0,,,,6.8,,4
Юнга (Calvados Edition),On the Bones,Stout - Russian Imperial,2021-01-15,3.869,14.0,,,,6.8,,4
Trappistes Rochefort 10,Trappistes Rochefort,Belgian Quadrupel,,4.054,27.0,,,,6.8,,4
Youth & Freshness: All Red,Dieta,Sour - Fruited Gose,2021-02-12,3.996,,,,"Red Currant,Orange,Bergamot",6.8,,4
Tomato Method (Smoky Hot Edition),Selfmade Brewery,Sour - Traditional Gose,2020-07-09,4.017,20.0,,,,5.6,,4
Californication,Dog Day Brewery,Lager - IPL (India Pale Lager),2021-10-27,3.72,25.0,,,,4.9,,4
Hush Sabotage,Valaduta,Sour - Other,2021-02-17,4.173,15.0,,,,6.8,,4
Vir: Batch #01,Malanka,Wild Ale - Other,2021-02-12,4.397,,,"Pilsner,Wheat",,6.9,11.0,4
Sweet Revenge,Selfmade Brewery,Stout - Milk / Sweet,2020-12-24,3.882,22.0,,,"Vanilla,Donuts",6.8,,4
Double You,Jungle Brewery,IPA - Imperial / Double,2021-02-19,4.221,90.0,"Centennial,Citra,Idaho 7",,,6.8,,4
Аксамiт,Прамень,Stout - Oatmeal,2021-02-18,3.979,15.0,,,,6.9,,4
Cuvée des Jacobins Rouge,Brouwerij Omer Vander Ghinste,Sour - Flanders Red Ale,,3.924,11.0,,,,5.5,,4
Curry Yuga,Selfmade Brewery,Sour - Other,2021-01-18,3.92,8.0,,,,5.2,,4
The Mix of Taste / Gooseberry & Passion Fruit,Konix Brewery,Sour - Fruited,2021-02-08,3.378,12.0,,,"Gooseberry,Passion fruit",6.5,,4
Rising Sun,13 Litar,Lager - IPL (India Pale Lager),2022-06-14,3.739,35.0,"Loral,Simcoe,Idaho 7",Pilsner,,5.3,13.5,4
Pear Smoothie,Zavod,Fruit Beer,2020-11-02,3.542,,,,Pear,4.0,,4
Soulless,Valdsam Bjorn Brewery,Hard Ginger Beer,2021-02-08,3.575,,,,Ginger,4.7,,4
Way of Life,Rewort Brewery,IPA - Milkshake,2020-04-08,3.82,28.0,,,"Mango,Lychee",6.9,,4
Red Scare,Mitra,IPA - Sour,2021-01-21,3.906,30.0,"Amarillo,Citra",,Red Currant,6.8,,4
Tomato Method,Selfmade Brewery,Sour - Traditional Gose,2020-03-04,3.908,20.0,,,Tomato,5.6,,4
Living In the Shadows,Valaduta,IPA - Imperial / Double Black,2021-02-17,4.318,40.0,"Centennial,HBC472",,,6.8,,4
Lose Gooself,Mitra,IPA - Sour,2021-01-21,3.911,30.0,"Mosaic,Citra",,Gooseberry,6.8,,4
Trasca: Centennial,Malanka,IPA - Triple,2021-02-09,4.139,70.0,Centennial,Pilsner,,6.8,20.0,4
Alcoholic Crime: Blueberries And White Chocolate,"Brew Fiction,Lovecraft Weird Brewery",Porter - Imperial / Double,2020-11-02,4.099,20.0,,,"Lactose,Blueberry,Chocolate",6.8,,4
Икарус,Midnight Project,IPA - Imperial / Double New England / Hazy,2021-02-12,4.145,,"Citra,Mosaic,Azacca",,,6.8,,4
Dead Pony Club,BrewDog,Pale Ale - American,2012-04-27,3.535,25.0,"Simcoe,Citra,Mosaic","Pale Ale,Caramel,Crystal",,3.8,10.0,4
Караван,Прамень,Pale Ale - American,2021-02-14,3.55,33.0,Southern Dawn,,,5.8,,4
Hungry Healthy Happy,Wild Lab,Sour - Fruited,2021-01-21,3.77,,,,"Pomegranate,Blueberry,Blackberry",6.8,,4
Just Jungle,Jungle Brewery,IPA - Imperial / Double New England / Hazy,2021-02-05,4.263,40.0,"Mosaic,El Dorado",,,6.8,,4
Марена,Valdsam Bjorn Brewery,IPA - Other,2021-02-11,3.877,40.0,"Chinook,Mosaic",,,6.8,,4
Michelada,Burning Brewery,Sour - Other Gose,2023-06-30,3.758,,,,,5.5,,4
Dog Poisoner (coconut+),Mad Frog Brewery,Porter - Other,2021-02-05,3.99,30.0,,,Coconut,6.8,,4
Белае футра,Прамень,Wheat Beer - Hefeweizen,2021-02-07,3.621,9.0,,,,5.8,,4
Working Solution,13 Litar,Porter - English,2021-02-11,3.947,20.0,Chinook,"Pale Ale,Pilsner,Vienna,Caramunich,Special W,Chocolate,Roasted Barley",,5.5,14.5,4
In Joy And Sorrow,Coven Brewery,Belgian Strong Dark Ale,2019-11-30,3.753,15.0,,,Cherry,6.8,,4
A Piece of Cake,Bierbank,Porter - Other,2021-02-09,3.676,17.0,,,,6.8,,4
White Stork IPA,Balance Brewery,IPA - White / Wheat,2021-02-12,4.111,51.0,"Amarillo,Idaho 7",,,5.6,,4
Бычье Сердце,Быка за Рога,Lager - Red,2021-06-08,,15.0,,,,4.5,,4
Dessert Storm,Rewort Brewery,Sour - Fruited,2020-12-21,4.088,8.0,,,"Raspberry,Cucumber,Lime",6.7,,4
Lichamanka: Cashmere,Malanka,IPA - Imperial / Double,2021-02-12,4.147,70.0,Cashmere,Pilsner,,6.8,18.0,4
Darknet,4BREWERS,Stout - Other,2020-11-05,3.947,,,,,6.9,,4
Fridtjof N.,Rewort Brewery,IPA - American,2018-08-28,3.817,50.0,Mosaic,,,6.0,17.0,4
Blowing Up: Pineapple & Mango,Stamm Brewing,Sour - Fruited,2019-08-23,4.058,,,,,5.0,,4
Our Universe,Pivot Point,IPA - New England / Hazy,2020-12-04,3.731,30.0,"Mosaic,Simcoe",,,6.2,,4
DIPA,BARBARUS Brewery,IPA - Imperial / Double,2021-02-20,3.692,90.0,,,,6.8,,4
Ivan,Victory Art Brew,Stout - Russian Imperial,2014-08-09,3.998,100.0,"Golding,Fuggle","Pale Ale,Peated,Whisky,Special B,Carafa",Candy Sugar,6.8,26.0,4
Sunset,13 Litar,Pale Ale - American,2021-02-03,3.704,30.0,"Idaho 7,Cascade","Pale Ale,Pilsner",,5.1,12.5,4
Шишки & Иголки,Valdsam Bjorn Brewery,IPA - Other,2021-02-02,4.038,40.0,,,,6.0,,4
Pavaloka: Medusa,Malanka,IPA - Triple New England / Hazy,2021-02-05,4.199,,Medusa,"Pilsner,Flaked Oats",,6.8,21.0,4
Феромоны,Alaska Brewery,IPA - New England / Hazy,2021-01-21,3.398,30.0,"Pacific Sunrise,Galaxy,Cascade",,,6.5,16.0,4
Слеза комсомолки,Valdsam Bjorn Brewery,IPA - Milkshake,2021-02-02,3.775,25.0,"Cascade,Idaho Gem,Centennial",,,6.8,,4
Blood Moon,Rewort Brewery,Sour - Traditional Gose,2020-05-12,3.99,,,,Tomato,6.5,20.5,4
Sacred Duality,Rewort Brewery,Stout - Imperial / Double Milk,2020-01-10,4.074,27.0,,,Chocolate,6.8,,4
Weizensonne,Brauhaus Leikeim,Wheat Beer - Hefeweizen,2019-07-17,3.064,,,,,5.4,,2
Шоколадный имперский стаут,AK Brewery,Stout - Imperial / Double Oatmeal,2019-10-25,3.948,52.0,,,,6.8,,4
Sweet Attraction,4IT 6r3w3ry,Stout - Milk / Sweet,2021-01-30,3.916,20.0,,,,6.8,,4
Chvalia: Manha i kakos,Malanka,Sour - Fruited,2021-01-30,3.941,,,"Pilsner,Flaked Wheat,Flaked Oats","Mango,Coconut",5.0,16.0,4
Rock Out,Bierstaat,Porter - Baltic,2021-01-24,3.98,25.0,,,,6.9,,4
Tatalitaryzm,Punchiller,Porter - Imperial / Double,2021-01-07,4.379,30.0,,,,6.8,,4
Radeberger Pilsner,Radeberger,Pilsner - German,,3.169,33.0,,,,4.8,,4
Bravada Xmas Bock,Jaws,Bock - Single / Traditional,2020-12-04,3.559,,,,,6.9,,4
Mystic,Jungle Brewery,Sour - Fruited,2021-01-26,4.268,14.0,,,"Chokeberry,Lactose",6.8,,4
Bridge,Robim Good Brewery,Bitter - Session / Ordinary,2021-01-14,3.554,31.0,"East Kent Golding,Fuggle",,,4.9,14.6,4
Maple Brunch,Rewort Brewery,Porter - Imperial / Double,2019-06-12,3.978,33.0,,,,6.9,,4
Orbital Thirsty: Peach & Pineapple & Passion Fruit,Red Rocket Brewery,Sour - Fruited,2020-11-27,3.807,,,,"Peach,Pineapple,Passion fruit",6.8,,4
Kinnermü,Snowcap Brewing,Stout - Milk / Sweet,2020-12-06,3.957,35.0,,,,6.8,,4
Clarity,13 Litar,IPA - American,2021-01-14,3.909,40.0,"Mosaic,Idaho 7",,,6.1,,4
Pink Floyd,Rock-n-Rolla’s × Beerbeery,Porter - Baltic,2021-01-14,4.022,25.0,,,,6.8,20.0,3
Aktien Original 1857,Bayreuther Bierbrauerei,Lager - Dortmunder / Export,2011-11-12,3.341,18.0,,,,5.3,,4
Videoclub,Stamm Brewing,IPA - Imperial / Double New England / Hazy,2020-06-15,3.981,,,,,6.8,17.5,4
Dream Catcher,13 Litar,Stout - Irish Dry,2021-11-17,3.955,30.0,Willamette,"Pale Ale,Pilsner,Crystal,Special B,Carafa",,5.8,14.8,4
In Chaos We Trust,Valdsam Bjorn Brewery,IPA - English,2021-01-14,3.607,40.0,"Fuggle,Golding",,,5.5,,4
Merry Xmas Ya Filthy Animal!,AF Brew,Sour - Fruited,2020-12-18,3.815,,,,Tangerine,6.0,,4
Insomnia,13 Litar,Porter - American,2021-01-12,4.06,40.0,"Galaxy,Ekuanot,Cascade","Pale Ale,Pilsner,Munich,Vienna,Chocolate,Caramunich,Roasted Barley",,6.8,21.0,4
Choco Rabbits,Mad Frog Brewery,Porter - Other,2021-01-08,3.785,10.0,,,"Cocoa,Chocolate",6.0,,4
Red Line,13 Litar,Red Ale - Other,2019-01-10,3.758,18.0,"Perle,Citra,Willamette","Pale Ale,Special W,Abbey",,4.8,12.0,4
Sour Face,Mad Frog Brewery,Sour - Other,2021-01-14,3.943,2.0,,,"Tangerine,Pineapple,Passion fruit",5.5,,4
Social Height Club,Time Bomb Brewery,Porter - Imperial / Double,2020-11-12,3.935,50.0,,,,6.8,,4
Rose Tart,Plan B Brewery,Sour - Fruited,2020-08-14,3.863,,,,"Raspberry,Strawberry,Orange",6.0,,4
Black Sabro,13 Litar,IPA - Imperial / Double Black,2021-01-05,3.609,60.0,Sabro,"Pale Ale,Pilsner,Vienna,Carafa",,6.8,,4
Peach Temptation,Hops Brewery,IPA - Imperial / Double Milkshake,2020-12-30,3.927,25.0,"Amarillo,Citra",,Peach,6.8,,4
Bull Punch,Hops Brewery,IPA - Imperial / Double,2020-12-23,3.611,70.0,"Simcoe,Citra,Galaxy",,,6.8,,4
Black Spawn,Мантра,Stout - Russian Imperial,2020-11-02,4.158,40.0,,,"Coffee,Vanilla,Tobacco,Oak Chips",6.8,,4
Beer With Taste of Beer: American IPA #3,Пивная диета,IPA - American,2020-11-04,3.769,40.0,"Idaho 7,Simcoe",,,6.8,,4
No More Tropical Juice,Jungle Brewery,IPA - American,2020-12-24,4.197,30.0,"Mosaic,El Dorado,Simcoe",,,6.4,,4
Арбатское IPA,Арбат,IPA - Other,2017-09-25,3.535,45.0,"El Dorado,Cascade,Magnum",,,5.5,,4
Munchenweiss,Bierstaat,Lager - Pale,2016-07-17,2.851,,,,,5.1,12.0,3
Welcome Back,13 Litar,Stout - Milk / Sweet,2020-12-30,3.99,,"Perle,Saaz,Cascade","Pilsner,Caramunich,Vienna,Chocolate,Special W",,5.8,17.0,4
Кантынент,Прамень,Pale Ale - American,2020-12-28,3.65,35.0,"Southern Passion,Centennial",,,6.3,,4
Hop Headshot: Galaxy,Midnight Project,IPA - Triple,2020-12-28,4.123,111.0,Galaxy,,,6.8,,4
Canneberge Spontanée,Ame Wild Freaks,Wild Ale - Other,2020-08-26,4.005,,,,Cranberry,6.0,,4
Imperial Russian Stout,Black Sheep,Stout - Russian Imperial,2011-05-10,3.655,,,,,6.8,,4
Доза [Banana + Blueberry],4BREWERS,Sour - Fruited,2020-09-08,4.147,,,,"Banana,Blueberry",6.0,,4
Freekick,13 Litar,Bitter - Extra Special / Strong (ESB),2020-12-24,3.559,35.0,"Cascade,East Kent Golding","Pilsner,Vienna,Caramunich",,5.5,13.0,4
Decontrol: Coconut & Maple,Zagovor Brewery,Porter - Imperial / Double,2020-12-08,4.115,35.0,,,"Coconut,Maple Syrup",6.8,28.0,4
Рижское,Афанасий,Lager - Pale,2017-07-26,2.663,,,,,4.1,,2
Trasca: Ella,Malanka,IPA - Triple,2020-12-23,4.209,90.0,Ella,Pilsner,,6.8,20.0,4
Rage & Dementia,Valaduta,Belgian Dubbel,2020-12-01,4.197,20.0,,,,6.8,,4
Santa Muerte,Volta Brewery,Stout - Imperial / Double,2020-11-27,4.065,60.0,,,,6.8,,4
FCK2020,Valdsam Bjorn Brewery,IPA - Other,2020-12-22,3.827,35.0,"Mosaic,Simcoe",,,5.5,,4
La Petite Fleur,Brewlok,Wild Ale - Other,2020-12-11,4.244,,,,Cherry,6.8,,4
Вторая личность,4BREWERS,Porter - Other,2017-03-27,3.903,20.0,,,,6.8,18.8,4
The Doors,Rock-n-Rolla’s,Belgian Tripel,2020-12-23,3.892,20.0,,,,6.8,,4
Tortuga,13 Litar,IPA - American,2020-12-10,3.664,40.0,Azacca,"Pale Ale,Pilsner,Wheat,Melanoidin",,6.0,15.0,4
3 Тонны,Бочкари,Lager - Euro Pale,2016-07-11,2.774,,,,,4.8,,2
Petrus Dubbel,Brouwerij De Brabandere,Belgian Dubbel,,3.323,22.0,,,,6.8,,4
Black Cat,Cervejaria Invicta,IPA - Black / Cascadian Dark Ale,2015-03-12,,75.0,,,,6.8,,4
Tales of Coconut,Panzer Brewery,Porter - Other,2019-12-12,3.948,37.0,,,Coconut,6.9,,4
#300,Plan B Brewery,Stout - Russian Imperial,2020-10-28,4.069,35.0,,,Vanilla,6.8,34.0,4
Slota: Mosaic,Malanka,IPA - Belgian,2020-12-19,4.198,70.0,Mosaic,Pilsner,,6.6,15.0,4
Tropical Drops,Rewort Brewery,Sour - Fruited,2020-09-21,3.826,5.0,,,,6.9,22.0,4
Chmara,Malanka,Stout - Imperial / Double Oatmeal,2020-12-16,4.453,,Columbus,"Pilsner,Flaked Oats,Biscuit,Chocolate",,6.8,28.0,4
Sour Guava Party,Stamm Brewing,Sour - Other,2018-06-02,4.053,10.0,,,,6.0,,4
Антиматерия,Atmosphere Brewery,Stout - Milk / Sweet,2020-12-01,3.682,16.0,,,,6.0,,4
Floatation,Rewort Brewery,IPA - New England / Hazy,2020-11-05,3.827,39.0,"Amarillo,Comet",,,6.5,,4
Endor III,"Lux in Tenebris,Rising Moon Brewery",Stout - Imperial / Double Pastry,2020-12-10,4.15,30.0,,,,6.8,,4
Liquidator,Valaduta,Bock - Doppelbock,2019-04-13,4.251,25.0,,,,6.8,,4
Motel Room,Paradox,Stout - Imperial / Double Pastry,2020-11-16,3.708,15.0,,,"Orange Peel,Anise,Chili,Chocolate",6.8,,4
Quad Hopper,"AF Brew,Brouwerij Kees",IPA - Quadruple,2018-06-15,4.094,25.0,,,,6.8,,4
Immersion,13 Litar,Belgian Strong Dark Ale,2020-12-18,4.186,,East Kent Golding,"Pilsner,Vienna,Abbey,Special W,Caramunich",,6.8,21.0,4
Warlock 2020,Hophead Brewery,Stout - Russian Imperial,2020-10-12,3.793,20.0,,,"Pumpkin,Cinnamon,Cloves,Cardamom,Orange zest,Anise,Ginger,Thyme",6.8,,4
Old Sparky,AF Brew,IPA - Triple,2015-12-10,3.977,100.0,,,,6.8,,4
See You Later,13 Litar,IPA - American,2020-11-12,3.86,40.0,"Galaxy,Ekuanot,Cascade","Pale Ale,Pilsner,Vienna",,6.2,,4
My Wheatberry Nights,AF Brew,Wheat Beer - American Pale Wheat,2015-05-21,3.757,24.0,"Citra,Amarillo,Huell Melon",,,6.0,,4
Млечны шлях,Прамень,Stout - Milk / Sweet,2020-11-16,3.772,17.0,,,Lactose,5.0,,4
Smoked Weekend,Bierstaat,Smoked Beer,2020-10-26,4.055,25.0,,,,6.9,,4
3 in 1 Super Sour,Stamm Brewing,Sour - Fruited,2019-12-16,4.172,,,,"Blueberry,Strawberry,Guava",6.8,,4
Прастора,Прамень,IPA - American,2020-11-30,3.67,40.0,"Mosaic,Centennial",,,6.5,,4
Паралель,Прамень,Kölsch,2020-11-30,3.379,18.0,,,,6.0,,4
Buggel Dark Beer,Варница,Dark Ale,2020-07-31,2.769,,,,,4.5,,3
Bavik Super Pils,Brouwerij De Brabandere,Pilsner - Other,,3.322,22.0,,,,5.2,,3
Blindos Tradicinis,Švyturys,Märzen,2013-09-15,2.801,,,,,6.0,,3
The Machine IPA,Victory Art Brew,IPA - American,2014-01-14,3.862,65.0,"Chinook,Amarillo,Centennial,Columbus","Pale Ale,Caramunich,Carapils,Wheat",,6.8,16.5,4
Frangelic Mountain Brown,Founders,Brown Ale - American,2012-03-10,4.086,36.0,,,,6.8,,4
Ayahuasca,LiS Brew,Sour - Other,2019-02-24,3.472,,,,"Lychee,Beetroot,Tea",5.0,,4
Spin On Tangerine,Carousel Brewery,IPA - Imperial / Double,2020-11-27,4.009,50.0,,,Tangerine,6.8,,4
Nobiscum Satanas,Valaduta,Belgian Strong Golden Ale,2020-11-24,4.186,25.0,,,,6.8,,4
Mindaug,Carousel Brewery,Porter - Baltic,2020-11-27,3.964,29.0,,,,6.8,,4
Pilsner,1516 Pub & Brewery,Pilsner - Other,2013-07-25,3.612,28.0,,,,4.8,,3
Muson: Fiejchoa i huava,Malanka,Sour - Fruited,2020-11-26,4.204,,,"Pilsner,Flaked Wheat","Feijoa,Guava",5.0,11.0,4
Хваля,Прамень,Pale Ale - American,2020-11-23,3.539,28.0,"Centennial,Ekuanot",,,5.6,,4
City Lights,Verden Brewery,Pale Ale - American,2020-11-19,3.885,35.0,Simcoe,,,5.0,,4
Xocolatl Tlamanalistli,Rock’n’Beer,Stout - Imperial / Double,2020-06-23,4.002,,,,"Cocoa,Chili",6.8,,4
Most Distant Lights,Zagovor Brewery,IPA - Imperial / Double New England / Hazy,2019-11-14,4.106,45.0,"Nelson Sauvin,Motueka,Kohatu,Citra",,,6.8,18.0,4
Sunset Cafe,Wild Lab,Sour - Fruited,2020-10-09,3.805,,,,"Strawberry,Tangerine,Blackberry",6.0,,4
Dark Memories,13 Litar,IPA - Black / Cascadian Dark Ale,2020-11-19,3.915,45.0,"Ekuanot,Galaxy,Cascade","Pale Ale,Pilsner,Vienna,Carafa",,6.5,15.5,4
High Kick,Green Street Brewery,IPA - Triple,2017-05-01,3.73,110.0,,,,6.8,,4
Spark Joy,Mikkeller,IPA - New England / Hazy,2019-11-16,3.709,,"Citra,Idaho 7",,,6.8,,4
Decontrol,Zagovor Brewery,Porter - Imperial / Double,2018-02-05,4.216,35.0,,,"Lactose,Coconut,Chocolate,Almonds",6.8,,4
Mango Temptation,Hops Brewery,IPA - Milkshake,2020-11-12,4.099,25.0,"Sabro,Citra",,Mango,6.8,,4
I Remember My First Check-In,AF Brew,Sour - Fruited,2020-10-17,3.654,,,,,5.0,,4
Optimism,Mad Frog Brewery,IPA - Milkshake,2020-11-04,3.803,30.0,,,"Lemon Zest,Lemon",6.2,,4
Healthy Pill For Sunday Walkers,Mad Frog Brewery,Sour - Fruited,2020-11-04,4.168,,,,"Ginger,Cranberry",5.8,,4
Truth & Rights,Jungle Brewery,IPA - New England / Hazy,2020-11-12,4.123,40.0,"Citra,Mosaic,Galaxy",,,6.8,,4
Hot Rod Gasoline,Mad Frog Brewery,Stout - American,2020-11-12,4.154,35.0,,,,6.1,,4
Mosaic Psychopathy,Punchiller,IPA - Imperial / Double,2020-11-05,4.178,116.0,Mosaic,,,6.8,,4
Burg Premium German Lager,Darguner Brauerei,Lager - Euro Pale,,2.794,,,,,5.0,,3
BraufactuM Yakeros,Radeberger,IPA - American,2016-11-04,3.538,65.0,,,,6.5,,4
Slim Line,Dieta,Stout - Imperial / Double,2020-08-26,4.194,,,,"Cinnamon,Vanilla",6.8,,4
What Is Sabro?,13 Litar,IPA - Imperial / Double,2020-10-29,4.214,70.0,Sabro,"Pale Ale,Vienna",,6.8,18.5,4
Citra One Love,Jungle Brewery,IPA - Session,2019-03-21,4.113,40.0,Citra,,,5.0,12.9,4
Rei De La Coco,Valaduta,Stout - Other,2020-11-05,4.236,20.0,,,"Coconut,Prune",6.0,18.0,4
Workout,13 Litar,Porter - English,2020-11-04,3.931,,"Lumberjack,Cascade,Saaz","Pilsner,Munich,Crystal,Red Ale,Roasted Barley,Abbey",,5.5,14.0,4
Smuha: Nelson Sauvin,Malanka,IPA - Imperial / Double New England / Hazy,2020-10-31,4.335,,Nelson Sauvin,"Pilsner,Flaked Oats,Flaked Wheat,Wheat",,6.8,18.7,4
Voices In My Head,Valaduta,IPA - American,2020-11-02,4.177,40.0,"Amarillo,Simcoe",,,6.0,16.0,4
Strike,Bierstaat,Stout - Milk / Sweet,2020-11-02,4.194,29.0,,,Lactose,6.9,,4
Dark Island,13 Litar,Brown Ale - English,2020-10-22,3.758,25.0,,,,5.1,,4
Irish Ale (Ирландский Эль),Bulgarpivo (Булгарпиво),Red Ale - Irish,2016-12-12,,,,,,6.0,,3
Halaklin: Abliapicha,Malanka,Sour - Fruited Gose,2020-10-16,4.08,,,"Pilsner,Flaked Wheat",Sea buckthorn,4.5,12.0,4
Jownik,"Lux in Tenebris,Midnight Project",Scotch Ale / Wee Heavy,2020-10-22,3.841,,,,"Hazelnut,Maple Syrup",6.8,19.0,4
Imperial Russian Stout (2016),Stone Brewing,Stout - Russian Imperial,2016-03-25,,65.0,,,,6.8,,4
Honky Tonk,Valaduta,Pale Ale - American,2020-10-23,4.04,25.0,"Mosaic,Simcoe",,,5.5,,4
Zlydzen,"Midnight Project,Lux in Tenebris",Scotch Ale / Wee Heavy,2020-10-22,3.944,,,,"Almonds,Coconut",6.8,19.0,4
Рэха,Прамень,Mead - Traditional,2020-10-22,3.765,,,,,5.0,,4
Autumn Insomnia,Bierstaat,IPA - American,2020-10-09,3.908,45.0,"Azacca,Ekuanot",,,6.7,,4
Грай,Хатні Бровар,IPA - Imperial / Double,2020-10-19,3.595,60.0,"Mosaic,Citra,Cashmere","Pale Ale,Vienna",,6.8,,4
Puzzle,13 Litar,Pale Ale - American,2020-10-15,3.766,30.0,Mosaic,"Pale Ale,Pilsner",,5.0,,4
Praga Dark Lager,Praga,Lager - Euro Dark,2012-06-15,3.366,,,,,4.5,,3
Juicy Bliss,Hops Brewery,IPA - New England / Hazy,2020-09-21,3.72,20.0,"Sabro,Citra,Idaho Gem",,,6.7,,4
Hop Headshot: Sabro,Midnight Project,IPA - Triple,2020-10-15,4.242,111.0,Sabro,,,6.8,,4
My Three Hops,Stamm Brewing,IPA - Imperial / Double New England / Hazy,2019-08-09,4.137,,,,,6.8,20.0,4
Witness the Fitness,Dieta,Stout - Imperial / Double,2020-08-07,4.137,,,,,6.8,,4
Пшеничное Пряное,Hops Brewery,Wheat Beer - Witbier / Blanche,2019-02-15,3.616,15.0,,,,5.0,,3
Smoke On the Water,Ципа,Sour - Other,2020-11-25,3.868,4.0,,,,4.0,,4
Celestial Breakdown,Rewort Brewery,IPA - Imperial / Double New England / Hazy,2020-09-09,3.738,41.0,,,,6.8,,4
Idle Times,Zagovor Brewery,Sour - Traditional Gose,2017-08-27,3.862,7.0,,,,5.0,11.0,4
Krombacher Dark,Krombacher,Schwarzbier,,3.438,,,,,4.7,,4
Koronet Porter,Лідскае піва,Porter - Other,2020-09-30,2.937,17.0,,,,5.2,,3
Koronet Stout Original,Лідскае піва,Stout - Other,2018-06-11,3.108,12.0,"East Kent Golding,Fuggle","Pilsner,Black,Roasted Barley",,4.2,10.0,3
Neverland,13 Litar,IPA - American,2020-10-01,3.807,50.0,"Amarillo,Mosaic","Pale Ale,Vienna",,6.5,,4
Krombacher Weizen,Krombacher,Wheat Beer - Hefeweizen,,3.456,16.0,,,,5.3,,4
Königsbacher Weizen,Karlsberg Brauerei,Wheat Beer - Hefeweizen,2020-06-13,3.162,,,,,5.1,,3
Young Days,Jungle Brewery,IPA - American,2020-10-08,4.184,55.0,"Columbus,Chinook,Simcoe,Amarillo,Citra,Mosaic",,,6.2,14.0,4
Daily Walks,Blood Brothers Brewery,Red Ale - American Amber / Red,2020-10-08,3.815,30.0,,,,5.5,,4
Pavaloka: Sabro,Malanka,IPA - Triple New England / Hazy,2020-06-04,4.401,,Sabro,"Pilsner,Flaked Oats",,6.8,21.5,4
Writings On the Wall,Valaduta,Porter - English,2020-10-01,4.287,30.0,"Fuggle,Golding",,,6.8,,4
Купалінка,Хатні Бровар,IPA - American,2020-10-01,3.403,50.0,"Mosaic,Simcoe",Pale Ale,,6.7,,4
Навальніца,Прамень,Rye Beer,2020-10-05,3.621,20.0,,,,4.5,,4
Zero Tolerance,"Jungle Brewery,Malanka",Stout - Imperial / Double,2020-10-02,4.322,35.0,,,,6.8,28.0,4
Dym: Alyča,Malanka,Historical Beer - Lichtenhainer,2020-10-06,4.036,,,"Pilsner,Whisky,Flaked Wheat",Cherry Plum,4.3,9.0,4
Propaganda,Bierstaat,Wheat Beer - Hefeweizen,2020-09-09,3.715,12.0,,,,4.3,,4
Бэрримор,Plan B Brewery,Stout - Oatmeal,2015-03-21,3.739,,,,,6.5,,4
Summer Goes On,13 Litar,Wheat Beer - American Pale Wheat,2020-09-24,3.85,30.0,"Amarillo,Cascade","Pale Ale,Wheat",,4.8,12.0,4
Night Brunch,Big Village Brewery,Stout - Milk / Sweet,2020-08-07,4.054,30.0,,,"Lactose,Cocoa,Coffee",6.8,,4
Overdub,Jungle Brewery,IPA - Imperial / Double,2019-09-17,4.208,80.0,"Simcoe,Centennial,Citra,Mosaic,Amarillo",,,6.8,19.0,4
Tropical Explosion,Hops Brewery,IPA - Milkshake,2020-08-19,4.055,35.0,Idaho Gem,,"Mango,Passion fruit,Pineapple",6.0,,4
No Matter,13 Litar,Stout - Milk / Sweet,2020-09-15,4.045,,"Perle,East Kent Golding","Pilsner,Vienna,Munich,Chocolate,Roasted Barley",Lactose,5.7,,4
Oktoberfest,AV Brewery,Festbier,2018-10-02,2.75,,"Magnum,Hallertau Blanc",,,5.7,14.0,4
One Day You Will No Longer Be Loved,Jungle Brewery,Porter - Other,2020-09-01,3.815,20.0,,,"Lactose,Cherry Juice,Cocoa",6.0,,4
Hofbräu Oktoberfestbier,Hofbräuhaus München,Festbier,1990-01-01,3.604,26.0,,,,6.3,,4
Omen,Elysian Brewing Company,Stout - Other,2012-10-21,3.67,45.0,,,,6.8,,4
Nut Butter,Gletcher,Brown Ale - English,2018-07-13,3.778,,,,,5.5,,4
Wild Grapefruit,Hops Brewery,Fruit Beer,2020-08-11,3.68,10.0,"Cascade,Citra",,"Coriander,Grapefruit",5.0,,4
Changes!,Bierbank,IPA - Other,2020-09-01,3.949,55.0,"Galaxy,Mosaic,Citra",,,6.7,,4
BundesPils,Друзья,Pilsner - German,2020-06-01,3.402,10.0,,,,4.0,,3
CRYO IPA,Copper Head,IPA - New England / Hazy,2021-06-25,3.936,40.0,,,,6.1,,4
Smooth Talker,Hops Brewery,IPA - Imperial / Double,2020-07-30,4.116,40.0,,,,6.8,,4
Cuzco,Robim Good Brewery,Lager - IPL (India Pale Lager),2020-07-27,3.664,20.0,"Citra,Amarillo",,,5.6,,4
Party People,Hops Brewery,IPA - Imperial / Double Black,2020-09-03,3.968,55.0,,,,6.8,,4
Česká Pravda,Полоцкое пиво,Lager - Euro Pale,2017-09-03,2.57,,,,,4.7,,3
No Speed Limit,Rewort Brewery,IPA - Imperial / Double New England / Hazy,2020-04-08,3.834,37.0,"Mosaic,HBC472",,,6.8,,4
Black Magic,AF Brew,Porter - American,2013-09-28,3.702,41.0,"Willamette,Warrior,Bravo",,,5.8,14.8,4
Algorithm Coconut,Zagovor Brewery,Stout - Imperial / Double,2019-05-06,4.082,50.0,,,,6.8,32.0,4
Sychodź,"Punchiller,Midnight Project",IPA - Sour,2020-08-20,4.027,,,,Passion fruit,6.8,,4
Straffe Hendrik Brugs Tripel Bier 9°,Brouwerij De Halve Maan,Belgian Tripel,,3.757,35.0,,,,6.8,,4
Hop Headshot: Simcoe,Midnight Project,IPA - Triple,2020-07-23,4.186,111.0,Simcoe,,,6.8,,4
Triple Red IPA,Salden’s Brewery,IPA - Triple,2016-11-02,3.962,200.0,,,,6.8,,4
Mroiva: HBC 472,Malanka,Pale Ale - New England / Hazy,2020-08-14,4.176,,HBC472,"Pilsner,Flaked Oats",,3.8,13.0,4
Podkováň Karamel 10°,Podkováň,Lager - Dark,2012-12-19,3.077,,,,,4.0,,3
Steininger Schwarzbier,Frankenthaler Brauhaus,Schwarzbier,2014-10-21,2.866,,,,,4.9,,3
Weekend Warrior,Jungle Brewery,IPA - Imperial / Double,2020-07-30,4.244,90.0,"Warrior,Mosaic,Centennial,Cascade",,,6.8,19.1,4
Insane In the Grain Wheat & Citra IPA,To Øl,IPA - American,2019-02-22,3.775,,Citra,,,6.8,,4
Бобров IPL,Бабруйскі бровар,Lager - IPL (India Pale Lager),2020-07-08,3.094,30.0,,,,4.5,,2
Kava: Brazil Da Lagoa,Malanka,Stout - Imperial / Double Coffee,2020-07-31,4.437,15.0,Citra,"Pilsner,Chocolate,Crystal,Roasted Barley,Special B",Coffee,6.8,26.0,4
Mania,Bierstaat,Porter - American,2020-08-05,3.891,30.0,,,Cocoa,6.6,,4
Königsbacher Schwarzbier,Karlsberg Brauerei,Schwarzbier,2018-02-26,2.966,,,,,4.7,,3
Bahna,"Malanka,Jungle Brewery",Stout - Imperial / Double,2020-06-30,4.492,,Nugget,"Whisky,Cafe,Chocolate,Crystal,Special B,Roasted Barley",,6.8,24.5,4
Līvu Pilzenes,Līvu Alus,Pilsner - Other,2011-01-04,2.495,,,,,4.4,,3
Grolsch Premium Lager,Koninklijke Grolsch,Pilsner - Other,,3.259,,"Saaz,Hallertau",,,5.0,,4
Липецкое Нефильтрованное,Липецкпиво,Kellerbier / Zwickelbier,2020-05-21,2.339,,,,,4.0,,2
Night Dreams,Valaduta,Bock - Weizenbock,2020-06-30,4.178,25.0,,,,6.3,,4
Day Dreams,Valaduta,Bock - Weizenbock,2020-06-30,4.144,25.0,,,,6.6,,4
Мюнхенское Нефильтрованное,Солнечный,Lager - Pale,2019-06-26,2.382,,,,,4.7,,3
Blanche De Fleur,Gletcher,Wheat Beer - Witbier / Blanche,2014-02-01,3.253,12.0,,,,4.0,,3
Berliner Geschichte Hefeweizen,Privatbrauerei Eibau i. Sa. GmbH,Wheat Beer - Hefeweizen,,3.31,12.0,,,,5.2,12.0,3
Altmüller Blanche,Полтавпиво,Wheat Beer - Witbier / Blanche,2017-10-19,3.042,,,,,5.1,,3
Acid Toad,"Jungle Brewery,Mad Frog Brewery",Sour - Fruited,2020-06-26,4.253,10.0,,,"Lemon,Mint,Lactose",6.0,16.0,4
So Much Caffeine,Bierstaat,Stout - Coffee,2020-06-19,4.188,17.0,,,Coffee,5.5,,4
Kriek,Belle-Vue,Lambic - Kriek,,3.204,10.0,,,,5.1,,3
Dunkel,Augustiner-Bräu München,Lager - Munich Dunkel,2011-03-06,3.603,,,,,5.6,,4
Van Halen,Rock-n-Rolla’s,Stout - American,2020-06-18,4.11,50.0,"Columbus,Calista",,,6.8,17.0,4
No Way Back,Jungle Brewery,Pale Ale - American,2020-06-19,4.035,40.0,Idaho Gem,,,5.0,12.4,4
Wittekerke,Brouwerij De Brabandere,Wheat Beer - Witbier / Blanche,,3.462,11.0,,,,5.0,,4
Wheatness,13 Litar,IPA - White / Wheat,2020-06-18,3.678,45.0,"Dr Rudi,Mosaic,El Dorado","Pale Ale,Wheat",,6.4,15.5,4
Disco Peach,Hops Brewery,Wheat Beer - Witbier / Blanche,2020-06-12,3.686,15.0,,,Peach,5.0,,4
Karol Jan White Hope,Аліварыя,Wheat Beer - Other,2020-06-09,3.255,,,,Blackthorn,4.9,,4
Dym: Višnia,Malanka,Historical Beer - Lichtenhainer,2020-06-17,4.305,,,"Smoked,Peated,Flaked Wheat",Cherry,5.5,11.0,4
Disco Cherry,Hops Brewery,Wheat Beer - Witbier / Blanche,2020-06-12,3.539,15.0,,,Cherry,5.0,,4
Baltic Breeze,13 Litar,Porter - Baltic,2019-01-17,4.254,20.0,,,,6.8,20.5,4
Navaĺnica: pšaničnaje vino z hibiscusam,Malanka,Wheat Beer - Wheat Wine,2020-06-12,4.129,30.0,Nugget,"Wheat,Pilsner",Hibiscus,6.8,26.0,4
Orange Twister,Hops Brewery,Fruit Beer,2020-05-12,3.665,10.0,,,Orange,4.8,,4
Destroy Oh Boy,Jungle Brewery,IPA - Imperial / Double,2020-06-11,4.242,90.0,"Warrior,Southern Dawn,Southern Passion",,,6.8,,4
Low Pressure,Alcatraz_brewery,Sour - Traditional Gose,2021-03-02,3.659,10.0,,,,6.5,,4
X-Files,Hops Brewery,Lager - IPL (India Pale Lager),2020-05-28,3.823,30.0,,,,5.0,,4
Erfurter Hefeweizen,Privatbrauerei Eibau i. Sa. GmbH,Wheat Beer - Hefeweizen,2019-02-09,3.148,,,,,5.0,,2
Shut Up And Hold On,Valaduta,IPA - Triple,2020-05-28,4.319,50.0,"Simcoe,Ekuanot,Mosaic",,,6.8,,4
Beat It,Valaduta,Bitter - Extra Special / Strong (ESB),2020-05-12,4.061,40.0,"Fuggle,East Kent Golding",,,5.8,,4
The Kraken,Valaduta,Porter - Baltic,2020-05-21,4.231,35.0,,,,6.8,,4
Semisweet,13 Litar,Stout - Other,2020-05-21,4.069,20.0,East Kent Golding,"Munich,Pilsner,Vienna,Chocolate,Special W",,6.5,17.0,4
Reflection,Magic Mess,Sour - Smoothie / Pastry,2023-10-30,4.137,,,,,5.0,,4
Weissbier,Augustiner-Bräu München,Wheat Beer - Hefeweizen,2011-01-02,3.67,14.0,,,,5.4,,4
Balance,"Selfmade Brewery,Ontap Brewery",IPA - American,2023-04-26,3.994,50.0,,,,6.3,,3
Schwarzbier,Einsiedler,Schwarzbier,2012-06-03,3.446,25.0,,,,5.0,,4
Mangoose Punch,Hops Brewery,IPA - American,2020-05-22,4.046,30.0,"Citra,Galaxy",,Mango,6.4,,4
Spitfire Amber Kentish Ale,Shepherd Neame,Bitter - Session / Ordinary,,3.252,,,,,4.5,,4
Pitbull,Hops Brewery,Pale Ale - American,2020-05-12,3.729,30.0,,,,5.2,,4
Into the Deep,13 Litar,IPA - Imperial / Double,2020-05-14,4.164,60.0,"Dr Rudi,Mosaic,El Dorado",,,6.8,19.5,4
Saule,Valaduta,Wheat Beer - Hefeweizen,2020-05-14,4.049,5.0,,,,5.2,,4
Don't Vote,Rewort Brewery,Stout - Russian Imperial,2020-04-09,3.933,36.0,,,Tonka Beans,6.8,,4
Vote,Rewort Brewery,Stout - Russian Imperial,2020-04-09,3.782,36.0,,,Cocoa,6.8,,4
Memminger Lager Schwarz,Memminger Brauerei,Schwarzbier,2011-01-16,3.257,,,,,5.2,,3
Tucher Helles Hefe Weizen,Tucher Bräu,Wheat Beer - Hefeweizen,,3.585,13.0,,,,5.3,,4
Spring Time,Hops Brewery,IPA - American,2020-04-24,3.908,40.0,,,,6.0,,4
Quarantine IPA,Хатні Бровар,IPA - New England / Hazy,2020-04-09,3.838,40.0,"Mosaic,Amarillo",,,6.0,,4
Your Quadruple Sour Passion Juice,Midnight Project,Sour - Fruited,2018-08-23,4.249,15.0,,,,6.8,,4
Back'n'Black,Волковская пивоварня,Stout - Milk / Sweet,2019-01-23,3.394,35.0,,,,6.9,,3
Ронсе,Brauning Bier,Wheat Beer - Dunkelweizen,2019-11-22,3.309,,,,,5.0,13.0,3
Istota,Jungle Brewery,Sour - Fruited,2020-05-08,4.28,11.0,,,"Lactose,Raspberry,Blueberry,Black Currant",6.0,,4
Пятница,Alaska Brewery,Sour - Fruited,2022-07-08,4.153,,,,"Watermelon,Kiwi,Apple",5.5,,2
Pale Blue Dot,4BREWERS,IPA - Imperial / Double,2016-10-11,3.885,101.0,"Citra,Summit,Columbus",,,6.8,19.5,4
Vilniaus Nefiltruotas Šviesusis,Vilniaus Alus,Kellerbier / Zwickelbier,2013-11-22,3.257,,,,,5.2,,3
Radvilaitės Kaprizas,Biržų Alus,Spiced / Herbed Beer,2016-08-15,3.173,,,,,5.6,,4
Tamsusis,Vilkmerges Alus,Dark Ale,2013-01-23,3.318,14.0,,,,5.8,,4
Podcast,Bierstaat,Stout - Milk / Sweet,2020-04-28,4.059,15.0,,,"Lactose,Cocoa",6.5,,4
Senojo Vilniaus Kvietinis,Vilniaus Alus,Wheat Beer - Hefeweizen,2014-03-20,3.323,11.0,,,,5.0,,3
Kurpfalzbräu Kellerbier,Welde Braumanufaktur,Kellerbier / Zwickelbier,2018-05-07,3.398,,,,,4.8,,4
Bishops Finger,Shepherd Neame,Bitter - Extra Special / Strong (ESB),,3.33,,,,,5.2,,3
Mangoliers,Zagovor Brewery,Sour - Other,2016-09-26,4.013,11.0,,,,6.0,14.0,4
Imža: Malina i ažyna,Malanka,Sour - Berliner Weisse,2020-04-21,4.239,,,"Pilsner,Flaked Wheat","Raspberry,Blackberry,Rosemary",3.0,8.0,4
Monkey IPA,Taler,IPA - American,2020-04-23,3.475,65.0,"Centennial,Citra,El Dorado",,,6.4,14.0,4
Vamberg Černé,Konrad,Lager - Dark,2020-04-13,3.23,,,,,4.4,,4
Against Milk! Pineapple Spies,Zagovor Brewery,IPA - American,2017-12-12,3.951,50.0,"El Dorado,Citra",,"Pineapple,Lactose",6.8,,4
The Лагер,Hops Brewery,Lager - Euro Pale,2019-08-29,3.287,15.0,,,,4.5,12.0,3
Drunk Screen,Rewort Brewery,Stout - Imperial / Double Milk,2020-04-08,3.887,21.0,,,,6.8,,4
Psychosis,Bierstaat,Porter - American,2020-04-18,4.107,25.0,,,,6.8,,4
Gubernatorius,Gubernija,Mild - Other,2015-07-22,3.152,,,,,5.3,,4
Liquid Smoke,13 Litar,Rauchbier,2020-04-23,4.029,,"Lumberjack,Perle,Saaz","Smoked,Vienna,Caramunich",,6.0,14.0,4
Kaltenberg Royal Lager Unfiltered,Крыніца,Kellerbier / Zwickelbier,2018-04-23,2.8,20.0,,,,5.0,11.5,3
Iron Woods Milk Stout,Gletcher,Stout - Milk / Sweet,2020-02-25,3.599,15.0,,,,5.5,,4
Apostel Weissbier Hell,Privatbrauerei Eichbaum,Wheat Beer - Hefeweizen,2017-04-20,3.189,,,,,5.3,,3
Kurpfalzbräu Ur-Weizen,Welde Braumanufaktur,Wheat Beer - Hefeweizen,2019-04-13,3.736,,,,,5.0,,4
#StayMadFrog,Carousel Brewery,Pale Ale - American,2020-04-16,3.912,40.0,,,,5.5,,4
MCBF,Valaduta,Stout - Coffee,2020-04-15,4.111,25.0,,,,5.0,,4
Side Braking Drift,Rewort Brewery,Stout - Imperial / Double,2020-04-08,3.77,21.0,,,,6.8,,4
Silent Kill,Jungle Brewery,IPA - Imperial / Double,2020-03-06,4.139,100.0,"Centennial,Mosaic,Idaho Gem,Idaho 7",,,6.8,19.7,4
Mango Mantra,Jungle Brewery,Sour - Fruited,2020-03-11,4.18,14.0,,,"Mango,Lactose",6.2,17.0,4
Mild Ale,Kvadrat,Mild - Other,2023-11-01,2.895,,,,,4.5,,3
Приятель Белое-Weiss,Липецкпиво,Wheat Beer - Witbier / Blanche,2016-12-17,2.371,14.0,,,,4.0,,2
Dark,Primátor,Lager - Dark,,3.266,21.0,,,,4.5,,3
#stayhome,Bierstaat,IPA - New England / Hazy,2020-04-03,4.01,40.0,"Amarillo,Simcoe,Idaho 7",,,6.5,,4
Tropical Portal,Balance Brewery,Sour - Fruited Gose,2020-04-03,3.988,10.0,,,"Guava,Passion fruit",5.5,,4
Grevensteiner Original Naturtrübes Landbier,Brauerei Veltins,Kellerbier / Zwickelbier,2013-12-23,3.423,23.0,,,,5.2,,4
Gubernija Royal Baltic Porter,Gubernija,Porter - Baltic,2019-09-05,2.774,,,,,6.4,,3
Velvet Brown Ale,Gubernija,Brown Ale - Other,2019-09-06,3.082,,,,,5.9,,3
Hermeticism,13 Litar,Belgian Strong Dark Ale,2020-04-02,4.213,25.0,"Centennial,Cascade,Saaz","Pale Ale,Munich,Vienna,Special X,Abbey",,6.8,23.5,4
Slodyč,Malanka,Stout - Imperial / Double Milk,2020-03-31,4.396,25.0,Columbus,"Pilsner,Biscuit,Chocolate,Abbey,Aroma,Special B,Roasted Barley",Lactose,6.8,31.0,4
Fishermans Morning,Jungle Brewery,Porter - Baltic,2020-04-02,4.139,37.0,,,,6.8,21.5,4
Funk,Valaduta,Pale Ale - American,2020-03-26,4.067,25.0,"Mosaic,Simcoe",,,5.0,,4
Vietraź,Malanka,Wheat Beer - Witbier / Blanche,2020-03-28,4.087,15.0,Columbus,"Pilsner,Flaked Wheat","Lemon,Cardamom",5.6,12.0,4
Замковое Бауэр,Табак-инвест,Wheat Beer - Hefeweizen,2014-12-10,3.175,,,,,4.7,,2
Density,13 Litar,Porter - Other,2020-03-25,4.283,20.0,,,,6.8,,4
DayWalker,Hops Brewery,IPA - Black / Cascadian Dark Ale,2020-03-24,3.933,45.0,"Warrior,Cascade,Citra,Mosaic",,,6.6,,4
Turbo Attack,Jungle Brewery,IPA - New England / Hazy,2020-03-19,4.131,35.0,"Enigma,Citra,Zappa",,,6.8,,4
Warp Drive,Valaduta,IPA - New England / Hazy,2020-03-19,4.045,30.0,"Ekuanot,Cascade",,,5.8,,4
Algorithm: Maple + Caramel,Zagovor Brewery,Stout - Imperial / Double Milk,2019-06-03,4.157,25.0,,,,6.8,31.0,4
Dark Spin: Caramel,Carousel Brewery,Porter - Other,2020-03-21,4.215,10.0,,,"Lactose,Caramel",6.8,29.0,4
Bergschlösschen Valonijos Blanc,Kalnapilio-Tauro,Wheat Beer - Witbier / Blanche,2017-02-24,3.233,13.0,,,,4.7,,4
Smuha: Ekuanot,Malanka,IPA - Imperial / Double New England / Hazy,2020-03-16,4.303,30.0,Ekuanot,"Pilsner,Flaked Oats,Flaked Rye",,6.8,19.0,4
Funkyourself,Jungle Brewery,Porter - Other,2020-03-11,4.104,20.0,,,"Lactose,Tonka Beans",5.8,20.0,4
Blindos Ekstra,Švyturys,Lager - Euro Pale,2015-02-01,2.702,,,,,5.0,,3
Crystal,Mad Frog Brewery,Pale Ale - American,2020-03-12,4.124,35.0,Crystal,,,5.5,,4
Kvietinis,Vilkmerges Alus,Wheat Beer - Witbier / Blanche,2012-11-01,3.305,15.0,,,,5.0,,4
Don't Lick the Toad,Mad Frog Brewery,Sour - Other,2018-09-22,4.022,10.0,,,,5.3,,4
Dark Ages,13 Litar,Dark Ale,2020-03-12,3.625,22.0,Bramling Cross,,,4.9,,4
DAB Wheat Beer,Dortmunder Actien-Brauerei,Wheat Beer - Hefeweizen,2016-10-16,3.245,,,,,4.8,,2
Ichiban (Ichiban Shibori) (一番搾り),Kirin Brewery Company,Lager - Pale,2010-08-21,3.152,18.0,,,,5.0,,3
Kaltenberg Pils,Крыніца,Pilsner - German,2006-01-01,2.961,,,,,4.5,11.4,3
Home Punk & Margherita,Mad Frog Brewery,Sour - Traditional Gose,2020-02-28,4.234,,,,,5.4,,4
Infinity,Konix Brewery,Sour - Fruited,2024-06-26,3.563,10.0,,,,5.5,,4
Occult,Jungle Brewery,Sour - Fruited,2020-01-17,4.265,15.0,,,"Raspberry,Black Currant,Strawberry,Lactose",5.0,,4
Local Action,Rewort Brewery,Stout - Imperial / Double,2020-01-10,3.979,37.0,,,"Coconut,Hazelnut",6.8,,4
West Indies Porter,Guinness,Porter - Other,2014-09-04,3.567,50.0,,,,6.0,,4
IPA,13 Litar,IPA - American,2016-03-24,3.901,50.0,"Premiant,Simcoe,Kazbek,Jarrylo","Pale Ale,Pilsner,Munich,Caraaroma,Carared",,5.1,15.0,4
Noir De Brogelonne,Варница,Belgian Dubbel,2016-02-29,2.971,,,,,4.5,,4
Black Milk,GoldFish,Stout - Milk / Sweet,2016-11-19,3.664,24.0,,,,5.4,,4
Kalahari,13 Litar,Lager - IPL (India Pale Lager),2020-02-18,3.754,40.0,African Queen,Pilsner,,5.0,12.0,4
Battletoads,Mad Frog Brewery,IPA - Other,2019-03-28,3.946,60.0,"Galaxy,Ella,Vic Secret",,,5.8,14.0,4
Smoked Mood,Valaduta,Smoked Beer,2020-02-20,3.948,20.0,,,,5.5,,4
Coconut Space,Hops Brewery,Stout - White / Golden,2020-02-13,3.863,14.0,,,"Coconut,Tonka Beans,Lactose,Coffee",5.8,,4
Brownville,13 Litar,Brown Ale - American,2020-02-05,3.655,35.0,"Simcoe,Citra,Cascade","Pale Ale,Pilsner,Carafa",,5.1,12.0,4
Saint Lucipurr,Mad Frog Brewery,Stout - Imperial / Double,2020-02-14,4.328,42.0,,,"Cinnamon,Ceratonia siliqua beans",6.8,,4
Badness & Madness,Jungle Brewery,IPA - New England / Hazy,2020-01-30,4.125,35.0,"Idaho 7,Mosaic",,,6.8,,4
Basic Structure,Rewort Brewery,Stout - Russian Imperial,2020-01-10,3.948,35.0,,,Tonka Beans,6.8,,4
Dried,Verden Brewery,Farmhouse Ale - Saison,2020-02-06,4.01,20.0,,,,6.8,,4
Double Milk Stout,Salden’s Brewery,Stout - Imperial / Double Milk,2015-10-14,3.818,,,,,6.5,,4
Funny Cow,Valaduta,Stout - Milk / Sweet,2020-02-05,4.023,25.0,,,,5.0,,4
Broadcast,Bierstaat,Stout - Milk / Sweet,2020-01-14,4.176,16.0,,,,5.0,,4
Chocolate Porter,Põhjala,Porter - Imperial / Double,2023-10-11,3.845,35.0,,,,6.8,,4
Garage Fuzz,Rock-n-Rolla’s,Wheat Beer - Dunkelweizen,2019-12-18,3.35,15.0,,,,5.8,,4
No Signal,Bierstaat,Pale Ale - American,2020-01-04,3.594,30.0,"Mosaic,Idaho 7,Centennial,Azacca",,,5.5,,4
Orange Dub Witbier,Mad Frog Brewery,Wheat Beer - Witbier / Blanche,2017-03-31,3.755,16.0,"Styrian Golding,Cascade,Huell Melon",,"Orange,Coriander",4.7,,4
IPA,13 Litar,IPA - American,2016-03-24,3.901,50.0,"Premiant,Simcoe,Kazbek,Jarrylo","Pale Ale,Pilsner,Munich,Caraaroma,Carared",,5.1,15.0,3
English Barleywine Aged In Jack Daniels Barrels Batch #3,Salden’s Brewery,Barleywine - English,2019-05-18,3.834,40.0,,,,6.8,,4
Lander Bräu Weissbeer,H-West B.V.,Wheat Beer - Hefeweizen,2014-04-16,3.002,,,,,4.7,,3
Sweet Dreams,13 Litar,Stout - Milk / Sweet,2018-09-12,4.085,20.0,,,,5.3,,4
Working Class Hero: Comet Edition,13 Litar,Porter - English,2019-12-18,4.0,22.0,Comet,"Pilsner,Munich,Crystal,Peated,Special W,Carafa",,5.8,15.2,4
Burned Field,13 Litar,Wheat Beer - Other,2020-01-16,3.63,,"Premiant,Saaz","Smoked,Wheat",,4.5,12.0,4
The Blueberriest Blueberry,Hops Brewery,IPA - Imperial / Double Milkshake,2020-01-08,4.05,30.0,Galaxy,,Blueberry,6.8,,4
Old-School Double IPA,Salden’s Brewery,IPA - Imperial / Double,2016-05-25,3.956,110.0,"Cascade,Horizon,Columbus,Chinook",,,6.8,,4
Milkshake DIPA Vanilla,Salden’s Brewery,IPA - Imperial / Double Milkshake,2017-04-19,3.705,60.0,,,Lactose,6.8,,4
Double Chocolate Stout,Salden’s Brewery,Stout - Imperial / Double Milk,2016-11-24,3.789,,,,,6.5,,4
Zmrok: Starka,Malanka,Stout - Imperial / Double,2019-12-26,4.273,,Perle,"Pilsner,Dark Crystal,Chocolate,Light Chocolate,Roasted Barley,Caramel",,6.8,25.0,4
BraufactuM The Brale,Radeberger,Brown Ale - English,2014-08-05,3.379,30.0,,,,5.0,,3
West Coast IPA,Andrii’s Brew,IPA - American,2020-11-17,3.36,48.0,,,,5.8,,4
Oyster Stout,Marston’s Brewery,Stout - Oyster,2016-11-03,3.51,30.0,,,,4.5,,4
Morak: Kaliadny,Malanka,Porter - Imperial / Double,2019-12-30,4.336,,Perle,"Pilsner,Vienna,Caramel,Crystal,Light Chocolate,Flaked Oats",,6.8,29.0,4
KoekeDam,"Brouwerij Het Nest,Кроп-Пиво",Farmhouse Ale - Saison,,3.296,,,,,6.0,14.0,4
Blanche de Charleroi,Abbaye d’Aulne,Wheat Beer - Witbier / Blanche,,3.384,,,,,5.0,,4
Premium světlý ležák 12,Bohemia Regent,Pilsner - Czech / Bohemian,,3.169,,,,,5.0,,3
Breakfast Smoothie Bowl,Taler,Sour - Berliner Weisse,2019-12-23,3.613,,,,"Banana,Black Currant,Vanilla,Cinnamon,Lactose",6.8,15.0,4
Simply Centennial,13 Litar,IPA - American,2019-12-27,3.855,40.0,Centennial,Pale Ale,,6.1,15.0,4
Simcoe & Mosaic Double IPA,Salden’s Brewery,IPA - Imperial / Double,2015-03-11,4.078,100.0,,,,6.8,,4
Citra & Mosaic Double IPA,Salden’s Brewery,IPA - Imperial / Double,2015-05-07,3.975,100.0,,,,6.8,,4
Smuha: Citra,Malanka,IPA - Imperial / Double New England / Hazy,2019-12-17,4.293,35.0,Citra,"Pilsner,Flaked Wheat,Flaked Oats,Flaked Rye",,6.8,,4
White Moon,13 Litar,IPA - White / Wheat,2019-12-04,3.851,40.0,"Centennial,Amarillo,Cascade","Pale Ale,Wheat",,6.0,15.0,4
Dark Mystery,Rewort Brewery,Sour - Other,2019-12-06,3.898,10.0,,,"Cherry,Chocolate",6.9,,4
Dark Needles,13 Litar,IPA - Black / Cascadian Dark Ale,2019-11-28,3.979,45.0,"Simcoe,Chinook","Pale Ale,Pilsner,Carafa",,6.5,15.4,4
Платонов. Том 3,Brewlok,Stout - Russian Imperial,2019-12-12,4.133,,,,,6.8,,4
LAB №18: Панамская болезнь,Bierbank,Other,2019-12-03,3.683,25.0,,,,6.8,19.5,4
Ureich Hefeweizen Dunkel,Privatbrauerei Eichbaum,Wheat Beer - Dunkelweizen,2017-06-22,3.132,13.0,,,,5.2,,4
Imperial Milk Stout,Taler,Stout - Imperial / Double Milk,2019-12-11,3.757,30.0,,,,6.8,22.0,4
Edelweiss Blanche,Heineken,Wheat Beer - Witbier / Blanche,2014-09-03,3.264,15.0,,,,4.9,,3
Two Faced,Verden Brewery,IPA - Imperial / Double,2019-12-05,4.276,45.0,Mosaic,,,6.8,,4
Stuttgart,Точка,Lager - Euro Pale,2017-03-06,2.952,,,,,5.0,,3
Black,Brains,Stout - Other,2011-05-21,3.432,,,,,4.1,,3
Experiment,Hops Brewery,Lager - IPL (India Pale Lager),2019-12-02,3.879,35.0,"Citra,Simcoe",,,4.0,,3
Zähringer German Premium Hefeweizen,Frankenthaler Brauhaus,Wheat Beer - Hefeweizen,,3.114,,,,,5.0,,3
Blue Balls,Polka Dot Brewery,Sour - Other,2019-11-28,3.92,22.0,"Columbus,Styrian Golding",,,6.9,,4
Balta Pinta,Volfas Engelman,Wheat Beer - Hefeweizen,2014-04-16,3.389,,,,,5.0,12.0,4
IPA,13 Litar,IPA - American,2016-03-24,3.901,50.0,"Premiant,Simcoe,Kazbek,Jarrylo","Pale Ale,Pilsner,Munich,Caraaroma,Carared",,5.1,15.0,4
Arrowaine,Wychwood Brewery,Mild - Other,2015-05-18,3.432,,"Fuggle,Challenger,Admiral","Pale Ale,Crystal,Black,Wheat",,3.6,,4
Cash Cow,Stray Brewery,IPA - New England / Hazy,2019-11-22,4.092,30.0,"Citra,Mosaic,El Dorado",,,6.9,,4
Hop Head,Hops Brewery,Strong Ale - American,2019-11-14,3.774,30.0,,,,6.8,,4
Daily,Verden Brewery,Pale Ale - American,2019-11-07,3.983,35.0,,,,5.0,,4
Midwest,Valaduta,Pale Ale - American,2018-08-14,3.936,25.0,"Cascade,Citra",,,5.5,,4
Soupe Du Jour,"Lervig,Brasserie de la Senne",Farmhouse Ale - Grisette,2022-06-24,3.355,,,,,4.7,,4
Van Goud,Valaduta,Farmhouse Ale - Saison,2018-07-10,3.929,20.0,,,,5.0,,4
Smashing Pumpkins,Rock-n-Rolla’s,Pumpkin / Yam Beer,2018-11-01,3.762,16.0,,,,6.0,,4
Bitterfly,13 Litar,Bitter - Extra Special / Strong (ESB),2019-11-13,3.898,30.0,"Chinook,Saaz","Pale Ale,Pilsner,Red Ale,Abbey",,5.3,13.0,4
Nevermore,Mad Frog Brewery,Porter - Other,2019-11-14,3.675,30.0,,,Aronia,5.8,,4
Karl Kraft,Полоцкое пиво,Lager - Euro Pale,2017-09-03,2.522,,,,,4.7,,2
Wheat Beer,Copper Head,Wheat Beer - Hefeweizen,2017-01-15,3.644,8.0,,,,5.1,,4
Nutty Nut,Rewort Brewery,Porter - Other,2018-12-07,4.003,30.0,,,,6.9,19.8,4
Fidel C.,Rewort Brewery,IPA - Imperial / Double,2018-03-30,3.842,60.0,,,,6.8,20.5,4
Spaten Oktoberfestbier,Spaten,Festbier,,3.562,23.0,,,,5.9,,3
The Black Keys,Rock-n-Rolla’s,IPA - Black / Cascadian Dark Ale,2019-10-31,4.044,53.0,,,,6.9,16.5,4
Пшеничный бунт,Пивоварня Кожевниково,Lager - Dark,2019-06-14,3.391,13.0,,,,5.0,,3
Schöfferhofer Grapefruit,Radeberger,Shandy / Radler,2011-01-06,3.584,,,,,2.5,,3
99 Luftballons,AF Brew,IPA - Imperial / Double New England / Hazy,2021-08-28,3.835,20.0,"Columbus,Mosaic,Citra,Sabro,Talus",,,6.8,,4
Milk River,13 Litar,Stout - Milk / Sweet,2019-10-05,3.907,20.0,,,,6.7,,4
CoLAB №12,"Bierbank,LaBEERint Brewery",Other,2019-07-11,3.601,1.0,,,,3.7,,4
Megadeth,Rock-n-Rolla’s,Belgian Strong Golden Ale,2019-10-05,3.842,,,,,6.8,,4
Big Apple Pie,"Rewort Brewery,Valaduta",Stout - Milk / Sweet,2019-09-16,3.983,20.0,,,,6.8,22.0,4
Black IPA,Artisan Brew,IPA - Black / Cascadian Dark Ale,2020-11-28,3.641,,,,,6.8,,4
Kalnapilis White Select,Kalnapilio-Tauro,Wheat Beer - Witbier / Blanche,2014-02-16,3.269,,,,,5.0,,4
Fürst Chlodwig Weizen,Fürstenberg,Wheat Beer - Hefeweizen,2018-02-11,3.159,,,,,5.2,,3
Millennium,13 Litar,Porter - Other,2019-09-05,4.095,,"Premiant,Mosaic","Smoked,Munich,Crystal,Special W,Carafa",,6.0,15.5,4
New England IPA,Artisan Brew,IPA - New England / Hazy,2019-09-07,3.353,40.0,,,,6.8,,4
Morning Manya,Zavod,Sour - Tomato / Vegetable Gose,2019-06-07,3.879,7.0,,,,4.1,,4
Jethro Tull,Rock-n-Rolla’s,Historical Beer - Gruit / Ancient Herbed Ale,2019-09-23,3.84,,,,,6.2,,4
Lvivske Porter (Львівське Портер),Carlsberg Group,Porter - Baltic,2010-12-26,3.427,,,,,6.8,,3
Royal,D3iwa Brewery,Red Ale - Other,2024-07-25,3.466,19.0,,,,5.2,13.0,4
Zeman Пшеничне,Луцький пивзавод,Wheat Beer - Other,2016-03-12,2.886,,,,,4.8,,3
Paulaner Oktoberfest Bier,Paulaner Brauerei,Festbier,,3.547,,"Herkules,Hallertauer Tradition,Taurus","Pilsner,Munich",,6.0,,4
Citra Volcano,Hops Brewery,IPA - American,2019-08-30,4.113,45.0,Citra,,,5.4,,4
Selenium Stout,Nuclear Brewery,Stout - Milk / Sweet,2018-12-25,3.749,28.0,,,,6.2,,4
Hollandia,Royal Swinkels Family Brewers,Lager - Pale,,2.858,,,,,5.0,,3
Symbiosis,13 Litar,IPA - White / Wheat,2021-11-01,3.961,60.0,"Columbus,Citra","Pale Ale,Pilsner,Wheat",,6.8,18.5,4
Lion,Robim Good Brewery,Lager - IPL (India Pale Lager),2022-01-20,3.496,21.0,,,,4.5,12.0,4
Baltic Porter,Bierstadt Lagerhaus,Porter - Baltic,2016-11-19,,,,,,6.8,,4
Кроп-Стаут,Кроп-Пиво,Stout - Other,2015-03-25,2.944,,,,,4.9,15.0,2
Laźnia,Malanka,Smoked Beer,2019-08-24,4.099,,Perle,"Pilsner,Smoked",Birch Brooms,4.7,11.0,4
Southside,13 Litar,IPA - American,2019-08-15,3.802,40.0,"Summit,Citra,Mosaic,Cascade","Pale Ale,Wheat",,6.4,15.5,4
Viva la wita!,Browar Pinta,Wheat Beer - Witbier / Blanche,2012-07-21,3.468,35.0,,,,5.7,16.0,4
Эль,Craft,Red Ale - Other,2018-09-15,2.387,,,,,,,3
Пшеничное,13 Litar,Wheat Beer - Hefeweizen,2016-02-19,3.577,18.0,,,,4.2,,3
Dresdner Felsenkeller Schwarzbier,Feldschlößchen Dresden,Schwarzbier,2019-04-12,3.05,,,,,5.0,,4
Бравий Боцман,Опілля,Lager - Euro Pale,2019-04-02,2.634,,,,,4.2,,2
Рыбачка Соня,Carlsberg Group,Lager - Euro Pale,2015-03-04,2.343,,,,,3.9,,2
312 Urban Wheat Ale,Goose Island,Wheat Beer - American Pale Wheat,2010-09-30,3.435,18.0,,,,4.2,,4
Goose IPA,Goose Island,IPA - English,,3.509,55.0,"Pilgrim,Celeia,Cascade,Centennial","Pale Ale,Munich,Caramel",,5.9,,4
Benediktiner Weissbier,Benediktiner Weißbräu,Wheat Beer - Hefeweizen,2011-11-27,3.556,13.0,,,,5.4,,4
Hike Blanche,Оболонь,Wheat Beer - Witbier / Blanche,2018-10-13,2.566,,,,,4.9,,3
Steam Brew Imperial IPA,Privatbrauerei Eichbaum,IPA - Imperial / Double,2018-04-07,3.108,70.0,,,,6.8,,3
Уманське Медове,Уманьпиво,Honey Beer,,3.241,,,,,6.5,,4
Old Prague,Evil Czech Brewery,Lager - American Light,2021-05-01,3.71,13.0,,,,4.4,,4
Löwenbräu LöwenWeisse,Spaten,Wheat Beer - Hefeweizen,2011-03-19,3.366,,,,,5.2,,4
Milk Stout,Andrii’s Brew,Stout - Milk / Sweet,2020-08-22,,,,,,,,4
Witbier,First Wave Brewery,Wheat Beer - Hefeweizen,2022-12-02,3.514,11.0,,,,5.0,,4
MakarBeer India Pale Ale (IPA) / Indian Caravan,Makarska Pivovarnya,IPA - Other,2015-12-25,3.348,40.0,,,,5.6,,4
Porter,13 Litar,Porter - English,2016-04-30,3.867,25.0,"Premiant,Sladek,Saaz,Kazbek",,,6.5,,4
Кошерне Пшеничне,Оболонь,Wheat Beer - Hefeweizen,2016-02-13,3.34,,,,,4.8,,4
Лев Темне,Carlsberg Group,Lager - Euro Dark,2019-03-03,3.125,,,,,4.7,11.5,4
Lvivske Bilyi Lev (Львiвське Бiлий Лев),Carlsberg Group,Wheat Beer - Other,2011-12-06,3.23,,,,,4.2,,4
Amber,Alaskan Brewing Co.,Altbier - Traditional,2010-08-21,3.61,18.0,,,,5.3,,2
DAB Dark Beer,Dortmunder Actien-Brauerei,Lager - Dark,2013-11-13,3.315,,,,,4.9,,3
BraufactuM Indra,Radeberger,IPA - White / Wheat,2015-06-20,3.567,35.0,"Cascade,Magnum","Vienna,Wheat,Caramel",,6.8,,4
BraufactuM Roog,Radeberger,Rauchbier,2011-09-30,3.455,20.0,Herkules,"Vienna,Wheat,Caramel,Smoked",,6.6,,4
Tired & Emotional,Polka Dot Brewery,IPA - Imperial / Double,2019-06-25,3.69,41.0,"Zeus,Azacca,Cascade",,,6.8,,4
Lonely Trip,Valaduta,IPA - Session,2019-06-26,3.953,50.0,"El Dorado,Ekuanot",,,5.0,11.5,4
Special Technique,"Jungle Brewery,Rewort Brewery",Sour - Other,2019-06-08,3.92,35.0,"Centennial,Simcoe,Ekuanot",,"Strawberry Puree,Blackberry",6.5,,4
Nelson M.,Rewort Brewery,Porter - Other,2017-11-01,3.622,35.0,,,,6.2,16.0,4
Stephans Bräu Hefeweizen,Privatbrauerei Eichbaum,Wheat Beer - Hefeweizen,2018-09-08,3.137,,,,,5.2,,3
Summerise,13 Litar,Lager - IPL (India Pale Lager),2019-06-06,3.758,30.0,"Columbus,Chinook,Cascade","Pilsner,Munich",,4.4,11.0,4
Kellerbier,Brauhaus Riegele,Kellerbier / Zwickelbier,2011-06-04,3.537,,,,,5.0,,3
Average Mellow Bear,XP Brew,Stout - Milk / Sweet,2018-02-11,3.675,25.0,,,,5.0,,4
Grodziska White IPA,Browar Grodzisk,IPA - White / Wheat,2017-06-10,3.545,40.0,,,,6.0,,4
Zmrok: Maločny,Malanka,Stout - Imperial / Double Milk,2019-05-17,4.239,90.0,"Perle,Columbus","Vienna,Pilsner,Caramel,Melanoidin,Special B,Chocolate,Black,Roasted Barley",,6.8,22.0,4
Tyskie Gronie,Tyskie Browary Książęce,Lager - Pale,,3.117,20.0,,,,5.2,,3
Ritual,Jungle Brewery,Sour - Traditional Gose,2019-05-14,4.105,12.0,,,"Black Currant,Raspberry,Himalayan Salt",5.0,11.2,4
Karol Jan Hello Honey,Аліварыя,Honey Beer,2019-05-11,2.949,,,,,3.8,11.0,2
Wheat & Hops,13 Litar,IPA - White / Wheat,2019-05-11,3.881,40.0,"Columbus,Chinook,Crystal,Cascade","Pale Ale,Pilsner,Wheat",,6.3,16.0,4
Born Again,Jungle Brewery,IPA - Imperial / Double,2018-09-29,4.197,90.0,"Chinook,Warrior,Centennial,Citra",,,6.8,19.5,4
Хмелевус Weiss,САН ІнБев Україна,Wheat Beer - Hefeweizen,2017-06-09,3.08,,,,,6.4,,3
Miller Genuine Draft,Miller Brewing Company,Lager - American,,2.59,12.0,,,,4.6,,2
Vanilla Stout,Zlak,Stout - Other,2021-07-28,3.735,35.0,,,,5.5,,3
Замковое Люкс,Табак-инвест,Lager - Pale,2014-12-11,3.025,,,,,4.2,,4
Thüringer Premium Weissbier,Brauerei Gotha,Wheat Beer - Hefeweizen,2013-06-21,3.149,,,,,4.9,,4
Porter,13 Litar,Porter - English,2016-04-30,3.867,25.0,"Premiant,Sladek,Saaz,Kazbek",,,6.5,,4
Пшеничне,Beer Bank,Wheat Beer - Hefeweizen,2019-06-15,3.246,16.0,,,,4.9,,3
Медове,Edelbier,Honey Beer,2020-06-27,3.271,,,,,4.5,,3
Blanche,Belgica,Wheat Beer - Witbier / Blanche,2022-01-17,,,,,,,,4
Замковое Бюргер,Табак-инвест,Lager - Dark,2014-12-11,3.216,,,,,4.2,,3
Замковое Бюргер Нефильтрованное,Табак-инвест,Lager - Dark,2014-12-14,3.336,,,,,4.2,,4
Šariš Tmavý,Plzeňský Prazdroj,Lager - Dark,,3.322,,,,,4.1,,3
Christmas Mystery,XP Brew,Porter - Other,2018-12-13,3.617,15.0,,,,6.8,,4
Светлячок,Волковская пивоварня,Pilsner - Other,2017-04-19,3.503,35.0,"Cascade,Pekko",,,5.0,,4
IPA v.3,Волковская пивоварня,IPA - Session,2017-02-08,3.563,55.0,,,,5.9,,4
Blanche de Bruxelles,Brasserie Lefebvre,Wheat Beer - Witbier / Blanche,2010-12-11,3.544,18.0,,,,4.5,,4
1664 Blanc,Аліварыя,Wheat Beer - Witbier / Blanche,2024-08-18,,,,,,4.5,,4
Tauras Ekstra,Kalnapilio-Tauro,Lager - Pale,2012-09-16,2.936,,,,,5.2,,3
Black Currant & Chokeberry Berliner Weisse,Taler,Sour - Berliner Weisse,2019-04-11,3.585,,,,,4.0,,4
Dog Poisoner,Mad Frog Brewery,Porter - Other,2019-04-13,3.98,20.0,,,,6.8,,4
Black Comet,13 Litar,IPA - Black / Cascadian Dark Ale,2019-04-13,3.891,50.0,Comet,"Pale Ale,Munich,Carafa",,6.6,16.0,4
LAB №05,Bierbank,Other,2019-03-29,3.271,15.0,,,,6.3,15.0,4
Koronet Light IPA,Лідскае піва,IPA - English,2019-03-19,2.756,24.0,"Target,Ekuanot",,,4.7,11.6,3
Aura,Browar Cztery Ściany,Sour - Fruited,2022-10-01,3.806,,,,,4.6,,3
Замковое Крафтовое,Табак-инвест,Smoked Beer,2014-12-10,3.147,,,,,4.2,,4
IPA v.2,Волковская пивоварня,IPA - Session,2016-01-21,3.344,55.0,,,,5.9,,3
Konrad Zelený král,Konrad,Spiced / Herbed Beer,2014-04-17,2.908,,,,,5.0,,3
Albion,13 Litar,Bitter - Extra Special / Strong (ESB),2019-03-06,3.692,30.0,"Perle,Chinook,Crystal","Pale Ale,Munich,Vienna,Crystal,Special W",,5.2,13.0,4
Weizen,1516 Pub & Brewery,Wheat Beer - Hefeweizen,2013-07-18,3.537,,,,,4.9,,4
Kilkenny,Guinness,Red Ale - Irish,,3.407,,,,,4.3,,4
Chinook Ray,13 Litar,Pale Ale - American,2019-03-01,3.756,30.0,Chinook,"Pale Ale,Munich",,5.0,12.0,4
Belgian Saison,Salden’s Brewery,Farmhouse Ale - Saison,2021-12-18,3.626,10.0,,,,6.8,,4
ERIS vs Coconut & Vanilla,Midnight Project,Stout - Imperial / Double,2019-03-04,4.21,60.0,,,,6.8,,4
Razor Blade,Jungle Brewery,Stout - American,2019-03-07,4.065,50.0,"Magnum,Warrior,Simcoe,Citra",,,6.1,14.8,4
Trouble Times,Blood Brothers Brewery,IPA - Black / Cascadian Dark Ale,2019-01-17,4.168,40.0,,,,6.9,,4
Bohemijos Tamsusis,Volfas Engelman,Lager - Munich Dunkel,2015-06-03,3.291,,,,,4.2,,4
Dessert Demon,"Jungle Brewery,Ravencraft",Porter - Other,2019-01-28,4.18,30.0,,,,6.8,,4
Minikwe,Valaduta,Brown Ale - American,2019-02-21,3.954,40.0,"Azacca,Cascade,Centennial",,,6.2,,4
Red Fox,13 Litar,IPA - Red,2019-02-07,3.863,45.0,"Columbus,Chinook,El Dorado","Pale Ale,Pilsner,Munich,Carared,Special W,Melanoidin",,6.0,15.5,4
Flanders Ale,Староместный пивовар,Red Ale - American Amber / Red,2018-03-01,2.97,20.0,,,,6.0,13.0,4
Amber Bock,Староместный пивовар,Bock - Single / Traditional,2018-08-31,3.469,21.0,,,,6.5,15.5,4
Pshenichnoe (Пшеничное),Кроп-Пиво,Wheat Beer - Hefeweizen,2014-04-23,3.164,,,,,4.5,,3
Prezident,Bohemia Regent,Lager - Pale,,3.119,38.0,,,,6.0,14.0,3
Weißbier,Hofbräuhaus Traunstein,Wheat Beer - Hefeweizen,2011-11-11,3.621,,,,,5.5,,3
AmBEER,Точка,Lager - Amber,2019-01-08,3.226,24.0,,,,5.1,,4
Vanilla Imperial Milk Stout,Taler,Stout - Imperial / Double Milk,2019-01-31,3.924,30.0,,,,6.9,,4
Märzen Urstoff,Distelhäuser Brauerei,Märzen,2013-01-20,3.37,,,,,5.6,,4
BreStout,13 Litar,Stout - Foreign / Export,2017-08-24,3.904,30.0,"Warrior,Pekko,Huell Melon","Pilsner,Munich,Roasted Barley,Special W,Carafa 3",,5.9,15.1,4
Saison,Brasserie St-Feuillien,Farmhouse Ale - Saison,,3.55,28.0,,,,6.5,,4
Escape From Guantanamo,Valaduta,Stout - Other,2019-01-16,4.093,30.0,,,,6.3,,4
Baltic Porter,Bierstadt Lagerhaus,Porter - Baltic,2016-11-19,,,,,,6.8,,4
Нинкаси,Hops Brewery,Fruit Beer,2019-01-11,3.786,10.0,,,,6.8,,4
Hobgoblin Legendary Ruby Beer,Wychwood Brewery,Brown Ale - English,,3.399,32.0,,,,5.2,,4
Belgian Abbey Ale,SD Brewery,Belgian Strong Dark Ale,2018-01-05,,22.0,,,,6.8,,4
White Moon,13 Litar,IPA - White / Wheat,2019-12-04,3.851,40.0,"Centennial,Amarillo,Cascade","Pale Ale,Wheat",,6.0,15.0,4
Black X-Mas,13 Litar,IPA - Black / Cascadian Dark Ale,2018-12-19,3.972,45.0,"Chinook,El Dorado,Columbus","Pale Ale,Munich,Carafa",,5.9,16.0,4
Winter Brew,Fuller’s,Winter Ale,2018-10-20,3.353,,,,,6.3,,4
Premium tmavý ležák 12,Bohemia Regent,Lager - Dark,,3.301,,,,,4.7,,4
Stephansbräu Schwarzbier,Kaufland,Schwarzbier,2018-08-23,2.735,,,,,5.0,,3
Stella Artois,Stella Artois,Lager - Euro Pale,,3.274,24.0,,,,5.0,,4
Maisel's Weisse Alkoholfrei,Brauerei Gebr. Maisel,Non-Alcoholic Beer - Other,2011-09-15,3.231,10.0,,,,,,3
Ватра,Театр пива Правда,Blonde Ale,2016-05-01,3.335,21.0,,,,4.8,,3
Zhigulevskoe (Жигулевское),Pivkombinat Balakovsky (Пивкомбинат Балаковский),Lager - Pale,2015-02-11,2.596,,,,,4.0,,2
Smoky Party,Hops Brewery,Smoked Beer,2018-12-12,3.942,10.0,,,,4.8,,4
Party Papa,Łajdak Brewery,Stout - Milk / Sweet,2018-12-13,4.042,35.0,"Cascade,Crystal",,,6.5,,4
La Trappe Dubbel,Bierbrouwerij De Koningshoeven,Belgian Dubbel,,3.627,22.0,,,,6.8,,4
Blanche,Belgica,Wheat Beer - Witbier / Blanche,2022-01-17,,,,,,,,4
Conspiracy,Blood Brothers Brewery,Red Ale - Imperial / Double,2018-12-06,4.087,40.0,Simcoe,,,6.9,,4
Got Some Milk?,Jungle Brewery,Stout - Milk / Sweet,2018-12-04,4.084,30.0,Simcoe,,Lactose,6.5,18.5,4
Penguins,Taler,IPA - Session,2018-12-05,3.576,35.0,Cascade,,,5.0,,4
Полоцкое тёмное,Полоцкое пиво,Lager - Euro Dark,2018-02-24,2.731,,,,,4.2,,3
Red Baron,Valaduta,IPA - Red,2018-11-29,3.986,60.0,,,,6.2,,4
James Blond,Точка,Blonde Ale,2018-10-31,3.104,,,,,5.8,,4
Black Sabbath,Rock-n-Rolla’s,Porter - Baltic,2018-11-20,4.119,27.0,,,,6.8,21.0,4
Black Mark,Valaduta,IPA - Black / Cascadian Dark Ale,2018-11-21,4.015,60.0,"Mosaic,Amarillo",,,5.6,,4
Kriek,Belle-Vue,Lambic - Kriek,,3.204,10.0,,,,5.1,,4
Belfast,Valaduta,Stout - Oatmeal,2018-11-06,4.0,30.0,,,,5.3,,4
Kriek,Belle-Vue,Lambic - Kriek,,3.204,10.0,,,,5.1,,4
La Trappe Blond,Bierbrouwerij De Koningshoeven,Belgian Blonde,,3.671,20.0,,,,6.5,,4
Blanche de Namur,Brasserie du Bocq,Wheat Beer - Witbier / Blanche,,3.403,10.0,,,,4.5,,4
Steenbrugge Dubbel Bruin,De Gouden Boom,Belgian Dubbel,,3.342,,,,,6.5,,4
Steenbrugge Blond,De Gouden Boom,Belgian Blonde,,3.404,,,,,6.5,,4
Palm Spéciale,Brouwerij Palm,Pale Ale - Belgian,,3.357,18.0,,,,5.2,,4
Rinkuškių Juodasis,Rinkuškiai,Schwarzbier,2014-04-11,3.142,,,,,4.2,,4
Rodenbach Grand Cru,Brouwerij Rodenbach,Sour - Flanders Red Ale,2010-11-08,3.648,35.0,,,,6.0,,4
Staropilsen Dark,Staropilsen,Lager - Dark,2013-07-05,3.141,,,,,4.5,,4
Heineken,Heineken,Lager - Euro Pale,,2.954,19.0,,,,5.0,,2
Stary Melnik iz Bochonka Temnoye Barhatnoe (Старый Мельник из Бочонка Тёмное Бархатное),Anadolu Efes,Lager - Munich Dunkel,2012-04-28,2.897,,,,,4.2,,3
Black IPA,Artisan Brew,IPA - Black / Cascadian Dark Ale,2020-11-28,3.641,,,,,6.8,,4
Maisel's Weisse Original,Brauerei Gebr. Maisel,Wheat Beer - Hefeweizen,,3.599,12.0,Hallertau,,,5.2,,4
Witbier,First Wave Brewery,Wheat Beer - Hefeweizen,2022-12-02,3.514,11.0,,,,5.0,,3
Dunkel,Augustiner-Bräu München,Lager - Munich Dunkel,2011-03-06,3.603,,,,,5.6,,4
Крыніца Тропік,Крыніца,Fruit Beer,2018-07-19,2.658,,,,,4.7,,3
Duchesse de Bourgogne,Brouwerij Verhaeghe,Sour - Flanders Red Ale,,3.66,11.0,,,,6.0,,4
Perlenbacher Premium Pils,Lidl Deutschland / Germany,Pilsner - German,2012-06-10,2.688,15.0,,,,4.9,,2
Książęce IPA,Tyskie Browary Książęce,IPA - Other,2018-02-03,3.194,35.0,,,,5.4,,3
Belfast,Valaduta,Stout - Oatmeal,2018-11-06,4.0,30.0,,,,5.3,,4
Porter Bałtycki,Browar Zamkowy Cieszyn,Porter - Baltic,2015-04-22,3.617,40.0,,,,6.8,,3
Dunkel Weizen,Kyiv Local Brewery,Wheat Beer - Dunkelweizen,2022-11-24,3.666,11.0,,,,5.0,,4
Aktien Landbier Fränkisch Dunkel,Bayreuther Bierbrauerei,Lager - Munich Dunkel,2011-05-18,3.428,19.0,,,,5.3,,3
Aktien Zwick'l Kellerbier,Bayreuther Bierbrauerei,Kellerbier / Zwickelbier,,3.498,18.0,,,,5.3,,3
P.U.R.E. | Apricot,XP Brew,Sour - Other,2018-05-29,3.68,25.0,,,,6.8,,4
Abbaye d'Aulne Brune,Abbaye d’Aulne,Brown Ale - Belgian,2011-03-06,3.365,14.0,,,,6.0,,4
Пивная карта. Amber Ale,Крыніца,Red Ale - American Amber / Red,2018-05-17,3.53,,"Hercules,Enigma,Topaz,Galaxy","Pilsner,Caramel",,5.1,,3
Farmhouse NEIPA,Taler,IPA - Belgian,2018-06-07,3.483,35.0,"Waimea,Moutere,Mandarina Bavaria,Azacca","Pilsner,Wheat,Flaked Oats",,6.5,13.2,4
Braník Světlý,Staropramen,Pilsner - Czech / Bohemian,2013-11-13,2.826,,,,,4.1,,3
Platan Desítka,Pivovar Protivín,Pilsner - Czech / Bohemian,2015-11-21,3.007,28.0,,,,4.0,10.0,3
Zhigulevskoe (Жигулевское),Pivkombinat Balakovsky (Пивкомбинат Балаковский),Lager - Pale,2015-02-11,2.596,,,,,4.0,,2
Blonde Ale,Švyturys,Belgian Blonde,2017-03-08,3.142,,,,,5.3,,3
Amber Way,13 Litar,Red Ale - American Amber / Red,2018-05-24,3.657,27.0,"Willamette,Cascade,Centennial","Pilsner,Munich,Melanoidin,Crystal,Special W,Abbey,Carafa",,5.1,12.0,4
Milk Stout,Andrii’s Brew,Stout - Milk / Sweet,2020-08-22,,,,,,,,4
Red,Lancaster Brewery,Bitter - Session / Ordinary,2011-03-09,3.418,,,,,4.8,,4
Grimbergen Blanche,Brouwerij Alken-Maes,Wheat Beer - Witbier / Blanche,2021-09-27,3.596,,,,,,,4
Iron Woods,Gletcher,Stout - Irish Dry,2015-02-04,3.208,35.0,,,,4.8,,3
Bowler Brilliant Ale,Gletcher,Pale Ale - English,2014-07-09,3.34,29.0,,,,5.1,,3
English Brown,Bierbank,Brown Ale - English,2018-02-11,2.777,18.0,,,,4.8,,3
Pearl Jet,Marston’s Brewery,Stout - Oyster,,3.46,,,,,4.1,,4
Bounty Killer,AF Brew,Stout - Milk / Sweet,2016-04-06,3.803,30.0,,,,6.9,,4
Karol Jan Ruby,Аліварыя,Fruit Beer,2018-04-12,2.991,16.0,,,,4.6,,3
Blond,Bohemia,Belgian Blonde,2020-07-01,,,,,,6.5,,3
Belgian White,Blue Moon Brewing Company,Wheat Beer - Witbier / Blanche,,3.5,9.0,,,,5.4,,3
Humulupu IPA,Dundulis,IPA - American,2013-12-11,3.57,44.0,,,,5.0,,4
Paulaner Hefe-Weißbier Dunkel,Paulaner Brauerei,Wheat Beer - Dunkelweizen,,3.55,12.0,,,,5.3,,4
Benediktiner Weissbier Dunkel,Benediktiner Weißbräu,Wheat Beer - Dunkelweizen,2014-02-10,3.445,13.0,,,,5.4,,4
Benediktiner Hell,Benediktiner Weißbräu,Lager - Helles,2015-06-27,3.387,16.0,,,,5.0,,3
Weizen,1516 Pub & Brewery,Wheat Beer - Hefeweizen,2013-07-18,3.537,,,,,4.9,,3
Czech Inn Dark,UAB 3B Solutions,Lager - Dark,2015-04-09,3.163,,,,,4.7,,4
Koronet Brown Ale,Лідскае піва,Brown Ale - English,2018-04-05,2.986,12.0,East Kent Golding,"Pilsner,Chocolate,Black",,4.7,10.5,3
Landbier,Distelhäuser Brauerei,Lager - Red,2013-07-21,3.359,22.0,,,,5.1,,4
Dunkles Weizen,Distelhäuser Brauerei,Wheat Beer - Dunkelweizen,2011-11-21,3.485,15.0,,,,5.4,,4
Melnā Pērle,Latgales Alus,Specialty Grain,2016-05-07,3.224,,,,,5.5,,4
Wheat Kiss,Точка,Wheat Beer - Hefeweizen,2017-10-19,3.64,,,,,5.0,,4
Leffe Ruby,Abbaye de Leffe,Fruit Beer,2008-01-01,3.189,10.0,,,,5.0,,4
Dunkel,Augustiner-Bräu München,Lager - Munich Dunkel,2011-03-06,3.603,,,,,5.6,,4
Trappist Westvleteren 8,Sint-Sixtusabdij Westvleteren,Belgian Dubbel,,4.177,35.0,,,,6.8,,4
Варница Бархатное,Варница,Lager - Munich Dunkel,2014-02-11,3.087,,,,,4.5,,2
Варница Нефильтрованное,Варница,Lager - Pale,2014-02-12,2.659,,,,,4.7,,2
Battl,Брестское пиво,Lager - Euro Pale,2017-12-18,2.335,,,,,4.2,11.0,2
Gueuze,Brouwerij Lindemans,Lambic - Gueuze,1978-01-01,3.408,,,,,5.0,,4
Grimbergen Blonde,Brouwerij Alken-Maes,Belgian Blonde,,3.491,22.0,,,,6.7,,4
Tamsusis,Vilkmerges Alus,Dark Ale,2013-01-23,3.318,14.0,,,,5.8,,4
KILLbeer Пшеничное,KillFish,Wheat Beer - Hefeweizen,2017-10-20,2.938,,,,,,,3
Modelo Especial,Grupo Modelo,Lager - American,,3.14,18.0,,,,4.5,,3
387. Osobaya Varka (387. Особая Варка),Anadolu Efes,Lager - Amber,2014-05-14,2.882,,,,,6.8,,2
Old Bobby Ale,Балтика,Bitter - Session / Ordinary,2010-10-01,3.157,,,,,4.5,11.0,3
Светлое,Craft,Lager - Pale,2018-09-15,2.503,,,,,4.2,12.0,2
Пшеничное,13 Litar,Wheat Beer - Hefeweizen,2016-02-19,3.577,18.0,,,,4.2,,3
Honey Dew,Fuller’s,Blonde / Golden Ale - Other,2011-01-07,3.321,35.0,,,,5.0,,3
Köstritzer Schwarzbier,Köstritzer Schwarzbierbrauerei,Schwarzbier,2011-01-22,3.509,22.0,,,,4.8,,4
Zirndorfer Landbier,Brauerei Zirndorf,Lager - Amber,2010-12-06,3.303,,,,,4.9,,4
Piwo na Miodzie Gryczanym,Browar Jabłonowo,Honey Beer,2013-02-08,3.256,16.0,,,,5.2,,3
Komes Porter Bałtycki,Browar Fortuna,Porter - Baltic,2012-08-14,3.835,,,,,6.8,,4
Cherry,Alpaca Wellbeing,Fruit Beer,2021-05-20,3.19,,,,,4.3,,3
Weissbier,Augustiner-Bräu München,Wheat Beer - Hefeweizen,2011-01-02,3.67,14.0,,,,5.4,,4
Koźlak,Browar Amber,Bock - Single / Traditional,2011-11-20,3.417,20.0,,,,6.5,,4
Koźlak,Browar Amber,Bock - Single / Traditional,2011-11-20,3.417,20.0,,,,6.5,,3
Erdinger Dunkel,Erdinger Weissbräu,Wheat Beer - Dunkelweizen,,3.571,14.0,,,,5.3,12.8,4
Dunkel,Augustiner-Bräu München,Lager - Munich Dunkel,2011-03-06,3.603,,,,,5.6,,4
Straffe Hendrik Brugs Quadrupel Bier 11°,Brouwerij De Halve Maan,Belgian Quadrupel,,3.888,35.0,,,,6.8,,5
Brugse Zot,Brouwerij De Halve Maan,Belgian Blonde,,3.671,23.0,,,,6.0,16.5,4
Delirium Tremens,Brouwerij Huyghe,Belgian Strong Golden Ale,,3.849,26.0,,,,6.8,,4
Abt 12,Brouwerij St. Bernardus,Belgian Quadrupel,2010-10-23,3.999,22.0,,,,6.8,,4
Westmalle Trappist Dubbel,Westmalle,Belgian Dubbel,,3.692,24.0,,,,6.8,,4
Viven Smoked Porter,Beerdevelopment Viven,Smoked Beer,2012-04-09,3.459,,,,,6.8,,4
Hercule Stout,Brasserie des Légendes,Stout - Imperial / Double,2010-08-21,3.582,44.0,,,,6.8,,4
Bush Caractère,Brasserie Dubuisson,Belgian Strong Golden Ale,2019-07-17,3.616,25.0,,,,6.8,,4
Stout,1516 Pub & Brewery,Stout - Other,2013-07-18,3.721,30.0,,,,5.6,,4
Baltijos,Švyturys,Märzen,1965-01-16,3.287,,,,,5.8,,4
Червоні Очі / Red Eyes,Театр пива Правда,Red Ale - American Amber / Red,2016-02-17,3.568,35.0,,,,5.8,,4
Putin Huylo,Театр пива Правда,Belgian Strong Golden Ale,2015-03-25,3.753,27.0,,,,6.8,,4
Obama Hope,Театр пива Правда,Stout - American,2015-03-22,3.635,35.0,,,,6.2,,4
Pravda Syla / Правда Сила,Театр пива Правда,Belgian Strong Golden Ale,2015-01-17,3.668,27.0,,,,6.8,,4
Zähringer German Premium Schwarzbier,Frankenthaler Brauhaus,Schwarzbier,,2.996,,,,,4.9,,3
Newcastle Brown Ale,John Smith's,Brown Ale - English,,3.39,18.0,,,,4.7,,4
Kriek,Belle-Vue,Lambic - Kriek,,3.204,10.0,,,,5.1,,3
Koronet Red Ale,Лідскае піва,Red Ale - Other,2016-03-28,2.851,,,,,4.0,10.0,3
Koronet Lager,Лідскае піва,Lager - Euro Pale,2013-01-24,2.93,19.0,,,,4.6,11.0,3
Koronet Stout,Лідскае піва,Stout - Other,2015-02-15,2.897,20.0,,,,4.2,11.0,2
Zhigulevskoe (Жигулевское),Pivkombinat Balakovsky (Пивкомбинат Балаковский),Lager - Pale,2015-02-11,2.596,,,,,4.0,,3
Диканські Вечори,Полтавпиво,Lager - Dark,,3.175,,,,,5.5,,4
Icelandic Arctic Pale Ale,Einstök Ölgerð,Pale Ale - English,2011-11-15,3.526,,,,,5.6,,4
Žatecký Gus Černý,Аліварыя,Schwarzbier,2015-12-12,2.894,,,,,3.5,,3
Zlatý Bažant Tmavé 10%,Heineken,Lager - Dark,2012-07-22,3.175,,,,,3.8,,3
Zalaty Taler,Полоцкое пиво,Lager - Euro Pale,2016-04-17,2.382,,,,,3.7,,2
Urstein Premium,Двинский бровар,Lager - Pale,2013-03-08,2.882,,,,,4.8,,3
Dark Gold,Брестское пиво,Lager - Euro Dark,2015-12-25,2.831,,,,,4.2,,3
Porter,13 Litar,Porter - English,2016-04-30,3.867,25.0,"Premiant,Sladek,Saaz,Kazbek",,,6.5,,4
Стары бровар,Брестское пиво,Lager - Euro Pale,2016-01-19,2.119,,,,,4.5,,2
Cuvée des Trolls,Brasserie Dubuisson,Belgian Blonde,2010-11-05,3.471,19.0,,,,6.8,,3
Witte Lambic,Brouwerij Mort Subite,Lambic - Traditional,2012-03-03,3.443,,,,,5.5,,3
La Trappe Quadrupel,Bierbrouwerij De Koningshoeven,Belgian Quadrupel,,3.911,22.0,,,,6.8,,4
Kasteel Donker,Brouwerij Van Honsebrouck,Belgian Quadrupel,2010-08-21,3.638,,,,,6.8,,4
La Divine,Brasserie de Silly,Belgian Tripel,2010-12-04,3.491,,,,,6.8,,4
Krušovice Černé,Heineken,Lager - Dark,,3.147,19.0,,,,3.8,,4
Guinness Draught,Guinness,Stout - Irish Dry,,3.765,45.0,,,,4.2,,4
La Goudale - Blonde à l'Ancienne,Brasserie Goudale - Les Brasseurs de Gayant,Farmhouse Ale - Bière de Garde,2010-12-30,3.443,28.0,,,,6.8,,4
Praha Pilsner,Аліварыя,Pilsner - Czech / Bohemian,2015-04-27,3.067,,,,,4.6,,3
Karol Jan Dunkel,Аліварыя,Lager - Euro Dark,2017-03-23,2.866,11.0,,,,4.5,,4
Karol Jan Blonde,Аліварыя,Lager - Euro Pale,2017-03-23,2.902,16.0,,,,5.9,,3
The Taste of Manchester,Аліварыя,Red Ale - Other,2015-04-27,2.756,,,,"Cherry,Elder",4.4,,4
Хмельнов Белое,Крыніца,Wheat Beer - Witbier / Blanche,2016-01-23,2.024,,,,,4.6,,0
Authentic Pub Mexican,Крыніца,Fruit Beer,2015-07-03,2.262,,,,,4.4,,2
Authentic Pub Japanese,Крыніца,Hard Ginger Beer,2015-07-03,2.577,,,,,4.4,,3
Authentic Pub Belgium,Крыніца,Fruit Beer,2015-07-03,2.608,,,,,4.4,,3
Пивная карта. Carte Blanche,"Крыніца,Друзья",Wheat Beer - Hefeweizen,2017-08-17,3.778,,Mosaic,"Munich,Wheat",Coriander,4.7,12.0,4
Stará Pivnice Cerne,Крыніца,Lager - Dark,,3.149,,,,,4.0,11.4,2
Пивная карта. Stout,Крыніца,Stout - Milk / Sweet,2017-12-20,3.069,,,,,5.5,16.0,3
Пивная карта. APA,Крыніца,Pale Ale - Other,2016-08-18,3.19,46.0,"Cascade,Yellow Sub,Herkules,Citra",,,5.0,12.0,4
