name,brewery,style,release_date,rating,ibu,hops,malts,additives,alcohol,og,personal_rating
SQUASH,Бакунин,Pumpkin / Yam Beer,2023-10-26,3.542,40.0,,,,6.0,,4
Climbing Plants,Zagovor Brewery,IPA - New England / Hazy,2022-12-21,4.108,35.0,,,,6.5,,4
Sassy,Magic Mess,Sour - Fruited Gose,2022-07-17,4.121,,,,,5.0,,4
Глазурь,4BREWERS,Stout - Imperial / Double Coffee,2024-06-18,3.907,,,,,6.8,,4
Frederick,Midnight Project,Stout - Imperial / Double Pastry,2024-11-27,4.024,65.0,,,,6.8,,4
All-Black the Necrosword,Midnight Project,IPA - Imperial / Double Black,2024-12-27,4.148,90.0,,,,6.8,,4
Your Quadruple Sour Advent Juice,Midnight Project,Sour - Fruited,2024-11-27,4.336,15.0,,,,6.8,,4
Prost!,Midnight Project,Pilsner - German,2023-05-19,3.877,38.0,,,,5.0,,4
小島さんは鬼才です。,Midnight Project,Lager - Japanese Rice,2024-11-29,3.881,10.0,,,,4.6,,4
Pazuzu,Midnight Project,Stout - American,2024-09-01,,95.0,,,,6.8,,4
Эль карамель,Пивоварня Кожевниково,Lager - Dark,2024-05-04,2.762,,,,,4.3,,3
Здурнелі зусім і дадалі ў пшанічку Сабра,Midnight Project,Wheat Beer - Hopfenweisse,2024-12-20,4.032,24.0,,,,6.9,,4
Harbin Beer,Harbin Brewing,Lager - Pale,2010-11-11,2.445,,,,,3.6,,3
Remorseless Winter,Midnight Project,IPA - Cold,2024-12-13,4.047,50.0,"Mosaic,Simcoe",,,6.9,,4
Zhigulikkeller,"Midnight Project,Mikkeller,Selfmade Brewery",Lager - IPL (India Pale Lager),2019-02-12,3.914,37.0,"Citra,Simcoe",,,4.2,,4
Spectral Elixir,Midnight Project,Pale Ale - New England / Hazy,2024-11-29,4.141,20.0,,,,4.8,,4
Ice Cream Porter Hazelnut,Konix Brewery,Porter - Baltic,2021-12-13,3.808,19.0,,,,6.8,,4
Old Bobby Ale,Балтика,Bitter - Session / Ordinary,2010-10-01,3.157,,,,,4.5,11.0,3
Old Bobby Lager,Балтика,Lager - Pale,2014-01-02,2.83,,,,,4.5,,3
Hop Gun Citra & Mosaic,Stamm Brewing,IPA - American,2015-04-15,3.981,80.0,"Citra,Mosaic",,,6.8,,4
Сидр Биодинамик | Пепин-Шафранный Суворовский уезд (2023) | Фудер #2,Salden’s Brewery,Cider - Dry,2024-09-03,4.131,,,,,6.0,,4
Platan Jedenáctka,Pivovar Protivín,Pilsner - Czech / Bohemian,2013-02-12,3.114,30.0,,,,4.6,11.0,3
Баланс Белого,Милл Фауз,Wheat Beer - Other,2022-09-12,2.643,,,,,4.0,,4
Oblivion,Alt Bier,Stout - Russian Imperial,2019-12-16,4.073,50.0,,,,6.8,,4
бутлегер: Peated Whisky,Alaska Brewery,Stout - Russian Imperial,2023-01-16,4.004,,,,,6.8,,4
Henry Westons Medium Dry Organic Cider,Westons Cider,Cider - Dry,2020-03-30,3.469,,,,,6.0,,4
Apple Cider,Appleton Ciders,Cider - Traditional / Apfelwein,2021-05-23,2.893,,,,,5.0,,4
Gingerbread,Brew Barrel,Winter Warmer,2021-12-29,4.185,,,,,6.8,,4
Совсем офигели в своём Бёртоне,Plague Brew,Historical Beer - Burton Ale,2024-10-23,,50.0,,,,6.8,,4
Финики с лакрицей,Burning Brewery,Sour - Other,2023-01-16,3.43,,,,,5.5,,4
Old-School Double IPA,Salden’s Brewery,IPA - Imperial / Double,2016-05-25,3.956,110.0,"Cascade,Horizon,Columbus,Chinook",,,6.8,,4
Bounty Killer,AF Brew,Stout - Milk / Sweet,2016-04-06,3.803,30.0,,,,6.9,,4
Popcorn Pimp,"AF Brew,Wild Lab",Stout - Pastry,2018-10-06,4.077,30.0,,,,6.8,,4
Карамбуляж,Chibis Brewery,IPA - Imperial / Double,2017-09-21,3.774,70.0,,,,6.8,,4
Session IPA,Berezan's Brewery,IPA - Session,2022-11-27,,30.0,,,,5.0,,4
Unbreakfast,"Rewort Brewery,FFF Brew",Sour - Fruited,2020-10-30,4.287,10.0,,,"Blueberry,Black Currant",6.0,,4
Джоуль,Plan B Brewery,IPA - New England / Hazy,2024-10-28,3.841,40.0,,,,6.0,,4
Formfactor,Plague Brew,IPA - Imperial / Double Black,2024-06-25,3.771,80.0,,,,6.8,,4
Шутка,Jaws,IPA - New England / Hazy,2024-03-12,3.758,30.0,,,,6.5,,4
Аномалия,Atmosphere Brewery,Porter - English,2022-02-18,3.834,30.0,,,,6.8,,4
Cidre Royal With Pear,Royal Fruit Garden,Cider - Other Fruit,2020-10-27,3.583,,,,,5.0,,3
Karlova Krčma Premium 12,Podkováň,Lager - Euro Pale,2021-02-20,3.186,,,,,5.0,,2
Жигулевское,Gellert & Wild Goat,Lager - Euro Pale,2020-11-22,2.945,,,,,4.5,,3
Left-Bank,Plan B Brewery,Kölsch,2024-09-24,3.718,,,,,4.8,,4
Бойлерное,Blamberg,Lager - Euro Pale,2019-07-28,2.77,,,,,4.5,,2
DIPA,BARBARUS Brewery,IPA - Imperial / Double,2021-02-20,3.692,90.0,,,,6.8,,4
Искусство варить. Немецкое нефильтрованное,Трёхсосенский,Lager - Euro Pale,2019-04-22,2.618,,,,,5.0,,2
Dr. Diesel Premium Lager Cold Filtered,Heineken,Lager - American Light,2024-05-18,2.642,,,,,4.2,,2
Erdinger Brauhaus Helles,Erdinger Weissbräu,Lager - Helles,2022-03-20,3.404,14.0,,,,5.1,,3
Stardew,Plague Brew,Sour - Smoothie / Pastry,2024-08-30,4.146,,,,,5.5,,4
Сибирская тьма,Brewlok,Stout - Milk / Sweet,2022-01-24,3.971,,,,,6.8,,4
Маслёна,Brewlok,Stout - Milk / Sweet,2024-04-05,3.821,,,,,6.4,,4
Лысый Шарлатан,Brewlok,IPA - Black / Cascadian Dark Ale,2023-02-17,3.792,,,,,6.0,,4
Nothing But Lager,Brewlok,Lager - Helles,2024-03-07,3.828,,,,,6.0,,4
Power Armor,"Selfmade Brewery,Midnight Project",IPA - Imperial / Double,2024-10-07,4.078,65.0,,,,6.8,,4
Rubinshteyna St. / Улица Рубинштейна,VesnaBrew,Wheat Beer - Hefeweizen,2023-03-03,3.813,10.0,,,,5.4,,4
Baltic Porter,Bierstadt Lagerhaus,Porter - Baltic,2016-11-19,,,,,,6.8,,4
Свидание,4BREWERS,Stout - American,2024-09-17,3.709,,,,,5.5,,4
ICE BATTLE,Big Village Brewery,IPA - Cold,2024-09-03,3.908,50.0,,,,6.0,,4
La Trappe Blond,Bierbrouwerij De Koningshoeven,Belgian Blonde,,3.671,20.0,,,,6.5,,4
Brooklyn Lager,Brooklyn Brewery,Lager - Vienna,2010-08-21,3.449,33.0,,,,5.2,,3
Starlingtons Black Spot,Hobsons Brewery,Stout - English,2024-09-14,3.734,26.0,,,,4.0,,4
Albion,13 Litar,Bitter - Extra Special / Strong (ESB),2019-03-06,3.692,30.0,"Perle,Chinook,Crystal","Pale Ale,Munich,Vienna,Crystal,Special W",,5.2,13.0,4
Zhigulevskoe Nefiltrovannoe (Жигулевское Нефильтрованное),Жигулёвское пиво,Lager - Pale,2016-08-23,3.465,,,,,4.5,,4
Crimson Bastion,Selfmade Brewery,Sour - Fruited,2024-08-22,4.06,15.0,,,,5.6,,4
Мы делили апельсин,Khoffner,Sour - Fruited,2023-03-30,4.026,7.0,,,,6.0,,4
After Christmas Carols,Midnight Project,Winter Warmer,2024-01-12,3.996,25.0,,,,6.8,,4
Your Quintuple Symbiote Juice,Midnight Project,Sour - Fruited,2021-07-23,4.276,10.0,,,,6.8,,4
Hop Headshot: Strata,Midnight Project,IPA - Triple,2024-10-04,4.226,111.0,,,,6.8,,4
Raspberry & Rosemary,Discovery Brewing,Sour - Other,2023-03-02,3.844,,,,,5.5,,4
Rainy Days,Midnight Project,IPA - Imperial / Double New England / Hazy,2023-10-20,4.184,30.0,"Ahhhroma,Idaho 7,Mosaic",,,6.8,,4
Здурнелі зусім і дадалі ў пшанічку Нельсан,Midnight Project,Wheat Beer - Hopfenweisse,2024-09-05,4.123,14.0,,,,6.9,,4
Blend Me! Sour & Melomel,Midnight Project,Mead - Other,2024-08-30,4.151,,,,,6.8,,4
St. Patriki,Zavod,Stout - Irish Dry,2023-03-06,3.621,35.0,,,,4.3,,4
Соль и ветер,Brewlok,Sour - Other Gose,2024-08-01,3.425,,,,,5.0,,4
Mind Heist,GAS Brew,Stout - Russian Imperial,2024-02-13,3.7,,,,,6.8,,4
Motion Blur,GAS Brew,Stout - Russian Imperial,2024-02-24,4.098,,,,,6.8,,4
Lobkowicz Premium ležák,Pivovary Lobkowicz,Pilsner - Czech / Bohemian,2012-08-15,3.187,,,,,4.7,,3
Lager,13 Litar,Pilsner - Czech / Bohemian,2015-12-18,3.424,,,,,4.5,,4
Spontané De Concombre,Ame Wild Freaks,Wild Ale - American,2021-06-26,4.002,,,,,6.8,,4
Shapes & Lines,Wild Lab,IPA - Imperial / Double,2023-12-08,3.962,,,,,6.8,,4
Эпоха 80-х,Роян,Lager - Pale,2022-09-14,2.786,,,,,4.5,,3
Ирландский стаут,Alaska Brewery,Stout - Irish Dry,2023-12-15,3.63,,,,,6.0,,4
Tower Stories,Selfmade Brewery,Pale Ale - New England / Hazy,2024-08-27,3.957,38.0,,,,5.2,,4
Жигулевское ГОСТ,Sibirsky Standart (Сибирский Стандарт),Lager - Euro Pale,2019-10-04,,11.0,,,,4.2,,3
IPA,13 Litar,IPA - American,2016-03-24,3.901,50.0,"Premiant,Simcoe,Kazbek,Jarrylo","Pale Ale,Pilsner,Munich,Caraaroma,Carared",,5.1,15.0,4
Lambic Kriek,Трёхсосенский,Fruit Beer,2022-04-12,2.913,,,,,5.0,,3
Dickiy Crest Original,Rebel Apple,Cider - Traditional / Apfelwein,2021-12-02,3.92,,,,,6.0,,4
Сухой,La Foire de Нижний Новгород,Cider - Dry,2021-07-14,3.898,,,,,4.5,,4
Dry Cider,Cornish Orchards,Cider - Dry,2018-04-19,3.553,,,,,5.2,,4
Cider Berry Mix,Ashram Cider,Cider - Other Fruit,2021-06-28,4.016,,,,,5.0,,4
Святой Домкрат (Vintage 2021. Special Blend),On the Bones,Cider - Traditional / Apfelwein,2022-11-10,4.191,,,,,5.5,,4
Lemon Alien. Vintage 2022. (Anniversary XII Believe Bar),Toksovo Cidrerie / Токсовская Сидрерия,Cider - Other Fruit,2023-10-19,,,,,,4.6,,4
EDEN SIN,Rebel Apple,Cider - Sweet,2022-06-23,4.099,,,,,5.0,,4
Top Hat,Заповедник,Cider - Herbed / Spiced / Hopped,2021-11-22,4.073,,,,,5.5,,4
Perry,Salut!,Cider - Perry / Poiré,2024-04-10,3.878,,,,,5.5,,4
His Last Dying Wish,"Заповедник,Dieta",Cider - Other Fruit,2022-10-03,4.075,,,,,6.0,,4
Ice Cube Cider с Черникой,CUBE Ciders,Cider - Ice,2022-04-28,4.11,,,,,6.8,,4
Ice Cider,Löwendorf,Cider - Ice,2020-06-22,3.882,,,,,6.8,,4
Infinity Travel,Big Village Brewery,IPA - Imperial / Double,2022-04-06,3.927,90.0,,,,6.8,,4
Тульский Эль,Salden’s Brewery,Pale Ale - Other,2024-05-23,3.46,10.0,,,,4.5,,3
Гречный путь,Brewlok,IPA - Other,2024-05-03,3.699,,,,,6.5,,4
Day Before Lockdown,Zagovor Brewery,Sour - Fruited,2020-04-16,4.082,10.0,,,"Lactose,Cherry,Blueberry,Blackberry,Cinnamon",6.8,17.0,4
STAY PUFT,Magic Mess,Stout - Pastry,2022-11-06,3.954,,,,,6.0,,4
Eibauer Zwick'l Naturtrüb,Privatbrauerei Eibau i. Sa. GmbH,Kellerbier / Zwickelbier,,3.222,20.0,,,,5.2,12.0,3
Yakima IPA,Точка,IPA - American,2019-03-28,3.663,40.0,"Chinook,Cascade,Citra,Centennial",,,6.0,,3
Craft Pilsner,Belhaven Brewery,Pilsner - Other,2014-03-04,3.222,28.0,,,,4.8,,3
McFarland Traditional Red,Heineken,Red Ale - Irish,2012-10-27,3.114,,,,,5.6,,3
Prost,"Театр пива Правда,Brauerei Oerlikon",Pale Ale - New England / Hazy,2024-09-25,3.968,17.0,,,,4.4,,3
Be Urban,Крыніца,Lager - Pale,2023-03-24,2.599,,,,,4.2,10.0,3
Stackenschneider,Dreamteam Brew,Wheat Beer - Hefeweizen,2022-12-01,3.786,8.0,,,,5.2,,4
CRISPER,Бакунин,Sour - Fruited,2024-02-22,3.568,10.0,,,,6.0,,4
Ипатерапия,Alaska Brewery,IPA - Imperial / Double,2017-01-24,3.883,,,,,6.8,,4
На Юга светлое,Пивоварня Кожевниково,Lager - Pale,2024-03-17,2.928,,,,,4.0,,3
Jack L.,Rewort Brewery,Stout - Imperial / Double,2024-06-03,3.827,25.0,,,,6.8,,4
Baltika #5 Gold / Балтика #5 Золотое,Балтика,Lager - Pale,2010-08-21,2.952,10.0,,,,5.3,,3
Чехов. Том 1.,Brewlok,Porter - Other,2022-08-04,4.257,,,,,6.8,,4
MEAD ORANGE CHERRY,Василеостровская пивоварня,Mead - Melomel,2023-03-29,3.819,17.0,,,,6.0,,4
Gruut Bruin,Gentse Gruut Stadsbrouwerij,Historical Beer - Gruit / Ancient Herbed Ale,2011-11-24,3.384,,,,,6.8,,4
Knazenica,Brewlok,Wild Ale - Other,2024-01-26,4.195,,,,,6.9,,4
Baroque Era,Plague Brew,Historical Beer - Other,2024-06-03,3.788,10.0,,,,4.2,,4
Квас Хлебный,Medovarus,Kvass,2015-02-22,3.497,,,,,1.2,,4
Weissmuller Bayrisch Dunkel,Privatbrauerei M.C. Wieninger,Lager - Munich Dunkel,2023-04-30,3.463,,,,,5.0,,4
PESKI / ПЕСКИ,On the Bones,IPA - American,2024-06-04,3.664,60.0,,,,4.5,,4
Иван Кваснин Традиционный,Липецкпиво,Kvass,2015-07-31,3.277,,,,,1.2,,4
Cidre Royal Apple Cider Demi-Sec,Royal Fruit Garden,Cider - Traditional / Apfelwein,2021-07-24,3.596,,,,,5.0,,4
Плата Мимира,Традиции предков,Mead - Melomel,2023-10-17,3.964,,,,,4.7,,4
Халва с Дыней,Burning Brewery,Sour - Smoothie / Pastry,2023-12-10,3.531,,,,,5.5,,3
Churros with Aronia and Cherry,Burning Brewery,Sour - Smoothie / Pastry,2023-09-20,4.016,,,,,5.5,,4
Pécsi Prémium Lager,Pécsi Sörfőzde,Lager - Pale,2012-09-29,3.011,20.0,,,,5.0,,3
Кабачковая Икра с Чесноком,Burning Brewery,Sour - Tomato / Vegetable Gose,2024-01-15,3.608,,,,,5.5,,4
Karlovec Světlý Ležák,Měšťanský pivovar Havlíčkův Brod,Pilsner - Czech / Bohemian,2013-02-17,3.315,,,,,4.8,,4
Woodbridge Ale,Marston’s Brewery,Brown Ale - English,2014-01-08,3.558,18.0,,,,5.0,,4
Helles,Bierstaat,Lager - Helles,2019-09-16,3.378,,,,,5.3,12.0,4
Black Sheep Irish Stout,Heineken,Stout - Irish Dry,2022-07-15,3.558,,,,,4.0,,4
Хлебный квас,Gubernija,Kvass,2014-08-13,2.517,,,,,1.0,,3
Атлантик,Балтийский Меридиан,Wheat Beer - Witbier / Blanche,2020-04-28,3.524,8.0,,,,4.6,,4
Sunrise,D3iwa Brewery,Lager - Helles,2024-07-25,2.731,15.0,,,,4.6,11.5,4
Fleur de Sureau,À tue-tête,Sour - Other,2018-08-08,4.05,,,,,6.5,,4
Takamba,Velka Morava,IPA - New England / Hazy,2021-09-07,3.945,,"Nelson Sauvin,Simcoe,Mosaic",,,6.4,,4
Straßenbahn Hopfenweisse,Stamm Brewing,Wheat Beer - Hopfenweisse,2024-03-19,3.97,,,,,4.5,,4
"Lager Beer 0,0%",Privatbrauerei Kaiserdom,Non-Alcoholic Beer - Lager,2021-12-04,2.743,,,,,,,3
Double Milk Stout,Salden’s Brewery,Stout - Imperial / Double Milk,2015-10-14,3.818,,,,,6.5,,4
Красное,Гости,Lager - Red,2021-07-01,3.249,18.0,,,,4.8,,4
Крушǒвице Velvet Royal,Heineken,Lager - Polotmavé (Czech Amber),2024-02-20,3.05,,,,,5.0,,3
Калекцыя майстра Hoppy Lager,Лідскае піва,Lager - IPL (India Pale Lager),2023-02-28,3.529,25.0,"Sabro,Ella,Perle",,,5.0,,4
Pražačka,Bakalář,Pilsner - Czech / Bohemian,,3.165,,,,,4.0,,4
Pale Wheat,Gilde Brauerei,Wheat Beer - Other,2022-06-12,3.195,,,,,5.0,,4
Hanky Panky,Bierbank,IPA - American,2023-04-26,4.113,40.0,"Mosaic,Citra",,,6.3,,4
OLYMPIA,Бакунин,IPA - Black / Cascadian Dark Ale,2024-06-17,3.646,65.0,,,,6.5,,4
1703,Бакунин,IPA - Imperial / Double New England / Hazy,2018-10-25,3.926,40.0,,,,6.8,18.5,4
HOLA! PEÑO!,Бакунин,Sour - Fruited,2022-05-19,3.821,5.0,,,,6.5,,4
ЮНОСТЬ,Бакунин,Lager - Helles,2022-04-13,3.547,25.0,,,,5.0,,4
КАДЕНС,Бакунин,,2024-05-27,3.39,35.0,,,,0.5,,4
Ultimate Juicenator,Plan B Brewery,IPA - Imperial / Double New England / Hazy,2020-12-15,4.077,40.0,"Simcoe,Sabro,Citra,El Dorado",,,6.8,,4
Summer Lager,Schlafly - The Saint Louis Brewery,Lager - Helles,2012-04-22,3.462,17.0,,,,4.5,,4
Сherry Ale,Sozhski Beer,Fruit Beer,2024-05-08,,10.0,,,Cherry,6.5,,3
#6,Sozhski Beer,Wheat Beer - Hefeweizen,2021-04-09,3.732,10.0,,,,5.2,,4
Cascade & Simcoe IPA,Sozhski Beer,IPA - American,2022-11-25,3.839,45.0,"Cascade,Simcoe",,,6.5,,4
Медовуха,Bierstaat,Mead - Other,2019-03-24,3.491,,,,,5.0,,4
#7,Sozhski Beer,Stout - Milk / Sweet,2021-05-05,3.901,16.0,,,,6.9,,4
Perfect Match Box,"AF Brew,Zagovor Brewery",IPA - Imperial / Double New England / Hazy,2024-04-10,3.931,40.0,,,,6.8,,4
Brewmaster IPA,Brewmaster by Dundalk Bay Brewery and Distillery,IPA - Other,2018-02-14,3.422,40.0,,,,5.6,,4
Apricot Blanche,Pivot Point,Wheat Beer - Fruited,2023-06-12,3.447,,,,Apricot,4.8,,4
La Lucha Libre,Khoffner,Lager - American,2023-03-02,3.71,18.0,,,,4.2,,4
La Trappe Quadrupel,Bierbrouwerij De Koningshoeven,Belgian Quadrupel,,3.911,22.0,,,,6.8,,4
Maisel's Weisse Kristall,Brauerei Gebr. Maisel,Wheat Beer - Kristallweizen,2010-08-21,3.48,11.0,,,,5.1,,4
Уголь,Booze Pharmacy,Stout - Russian Imperial,2018-10-13,,100.0,,,,6.8,,4
Искажение,4BREWERS,Sour - Fruited,2020-12-03,4.166,,,,"Banana,Coconut,Chocolate",6.9,,4
Лукавый,2 Barrels Brewery,Stout - Oatmeal,2018-03-30,3.688,18.0,,,,6.8,,4
Погода В Доме,NONSense Brewery,Sour - Other,2024-04-03,4.157,,,,,6.0,,4
Pryanik Boy,MarvelBoy,Stout - Imperial / Double Milk,2024-03-04,4.011,25.0,,,,6.8,,4
Lingonäpple,Заповедник,Cider - Other Fruit,2021-11-29,4.023,,,,,6.0,,4
Rye Rocket,Brewlok,IPA - Rye,2024-05-08,3.791,,,,,6.2,,4
X-14 IPA,Salden’s Brewery,IPA - American,2024-04-30,3.838,60.0,,,,6.8,,3
Yellow Sea,Midnight Project,IPA - New England / Hazy,2023-05-05,4.044,30.0,"BRU-1,Citra",,,6.8,,4
Morning Bastard,Selfmade Brewery,Stout - Coffee,2024-04-05,4.025,34.0,,,,6.4,,4
The Rite,Wild Lab,Farmhouse Ale - Saison,2023-08-31,4.022,,,,,6.8,,4
CARRY ME,Coven Brewery,Sour - Smoothie / Pastry,2022-05-20,4.191,,,,,6.5,,4
Cranberry & Grapefruit,Fёrn Cider,Cider - Sweet,2023-03-29,3.361,,,,,5.2,,3
Фейхуанго,Chibis Brewery,Sour - Fruited,2023-12-14,3.88,,,,,6.9,,4
Кёльшик,Black Cat Brewery,Kölsch,2023-07-11,3.467,5.0,,,,4.7,,4
Летний вайб : малина,Atmosphere Brewery,Sour - Fruited Berliner Weisse,2023-07-03,3.892,,,,,5.5,,4
Макинтош,White Stone Brewery,Stout - Milk / Sweet,2023-12-11,3.956,11.0,,,,6.0,,4
Averbode,Brouwerij Huyghe,Belgian Strong Golden Ale,2014-04-24,3.555,38.0,,,,6.8,,4
Karlova Krčma Černý,Podkováň,Lager - Dark,2021-01-27,3.174,,,,,4.0,,3
Brown Ale,Jaws,Brown Ale - English,2013-07-20,3.744,35.0,"Galena,Willamette,First Gold","Pale Ale,Munich,Crystal,Black",,6.2,,4
Fractal Coconut,Plague Brew,Stout - Imperial / Double Pastry,2024-02-29,4.08,30.0,,,,6.8,,4
Romantic Day Lager,PT Bali Hai Brewery,Pilsner - German,2020-06-02,2.947,,,,,4.9,,4
ESSA Orange & Cherry,Anadolu Efes,Fruit Beer,2019-09-24,2.623,,,,,6.5,,3
Имбирное,Полоцкое пиво,Fruit Beer,2014-10-11,,,,,,4.0,,3
Бархатное,Česky Lev,Lager - Dark,2016-07-27,3.091,,,,,4.1,,3
Irish Brown Ale Shamrock (Ирландский Эль Shamrock),Томское пиво,Red Ale - Irish,2013-11-27,3.041,,,,,6.2,,3
Барнаульское Светлое,Барнаульский пивоваренный завод,Lager - Euro Pale,2013-07-23,2.496,,,,,4.3,,3
Český Džbánek (Чешский Джбанек),Томское пиво,Lager - Pale,2013-07-21,2.814,,,,,4.5,,3
Бочкари Mini Keg,Бочкари,Lager - Helles,2023-05-30,2.766,,,,,4.2,,3
Вобла Фирменная,Барнаульский пивоваренный завод,Lager - Euro Pale,2016-11-18,2.49,,,,,4.0,,3
Abakanskoe (Абаканское),Ayan (АЯН),Lager - Pale,2014-03-17,3.065,,,,,4.8,,3
Алтай Хан,Бочкари,Lager - Euro Pale,2014-05-31,2.748,,,,,4.7,,3
"Hoegaarden Cherry 0,0",Anadolu Efes,Non-Alcoholic Beer - Wheat Beer,2023-04-02,3.157,,,,,,,2
Marsh Tomb,Plague Brew,Stout - Imperial / Double,2024-03-04,4.094,30.0,,,,6.8,,4
Nord,Robim Good Brewery,IPA - Imperial / Double,2019-10-05,3.542,65.0,,,,6.8,,4
Konrad,"Plague Brew,Rusty Pub",Historical Beer - Broyhan,2024-04-03,3.826,15.0,,,,4.6,,4
Андеграунд,4BREWERS,Lager - Other,2024-02-05,3.793,,,,,4.5,,4
Фермерский Эль Персик,Волковская пивоварня,Farmhouse Ale - Other,2023-08-19,3.209,,,,,4.8,,4
Жигулевское,Gellert & Wild Goat,Lager - Euro Pale,2020-11-22,2.945,,,,,4.5,,4
Cottbus,Plague Brew,Historical Beer - Kottbusser,2024-03-04,3.761,16.0,,,,5.4,,4
BLACK ROCK,Big Village Brewery,IPA - Imperial / Double Black,2024-02-29,3.907,90.0,,,,6.8,,4
Maidstone,Plague Brew,Stout - English,2023-11-15,3.885,30.0,,,,6.5,,4
Hercules,Midnight Project,Stout - Imperial / Double Oatmeal,2024-02-23,3.942,40.0,,,,6.8,,4
На десерт (банан+красный апельсин+миндаль+ваниль),Atmosphere Brewery,Sour - Smoothie / Pastry,2022-10-14,4.131,,,,,6.0,,4
Italian Pilsner,Red Button Brewery,Pilsner - Italian,2024-02-21,3.654,,,,,5.0,,4
Ель и Мята,Burning Brewery,Sour - Other,2024-02-08,3.748,,,,,5.5,,3
Wit (Белое Пшеничное),Волковская пивоварня,Wheat Beer - Witbier / Blanche,2023-10-05,3.226,17.0,,,,4.5,,3
Caramel Delight,Rewort Brewery,Porter - Other,2022-02-17,3.956,27.0,,,,6.9,19.5,4
Terra,13 Litar,Lager - Vienna,2023-08-03,3.465,25.0,"Premiant,Sladek,Saaz","Vienna,Pilsner,Caramel",,5.0,12.0,3
Все псы попадают в рай,Big Pot,Sour - Smoothie / Pastry,2023-04-26,4.211,,,,,6.5,,4
Blue Monkey Wheat Ale,Gletcher,Wheat Beer - Witbier / Blanche,2022-04-19,3.538,,,,,5.4,,4
Хой,Brewlok,Pale Ale - American,2022-12-19,3.574,,,,,5.2,,4
Aecht Schlenkerla Weichsel – Rotbier,Schlenkerla,Rauchbier,2023-06-20,3.822,,,,,4.6,,4
Weizen,1516 Pub & Brewery,Wheat Beer - Hefeweizen,2013-07-18,3.537,,,,,4.9,,4
Виктория,Brewlok,Sour - Smoothie / Pastry,2023-08-16,3.733,,,,,4.7,,4
Festbier,Arcobräu,Festbier,,3.252,6.0,,,,5.7,,3
ОКТЯБРЬ,Бакунин,Festbier,2023-09-22,3.547,19.0,,,,6.5,,4
Method Lavender Ale,Plague Brew,Cream Ale,2023-12-06,3.912,10.0,,,,5.0,,4
Oxford,Red Cat,Pale Ale - English,2021-04-22,3.563,23.0,,,,4.0,,4
Большой брат,4BREWERS,IPA - Imperial / Double,2016-10-23,3.878,101.0,,,,6.8,,4
Аджика Многолика,4BREWERS,Sour - Other Gose,2023-11-07,4.159,,,,,5.0,,4
Точка Зрения,4BREWERS,Pale Ale - American,2024-03-04,3.844,,,,,5.0,,4
Hector,Plague Brew,IPA - Triple New England / Hazy,2023-11-28,3.966,,,,,6.8,,4
Hop Punch Hallertau Blanc,Plague Brew,IPA - Imperial / Double,2023-11-27,4.05,80.0,,,,6.8,,4
Steampunk,Plague Brew,California Common,2024-02-15,3.925,40.0,,,,5.3,,4
Heller Bock (Bourbon Chips) 2023,Red Button Brewery,Bock - Hell / Maibock / Lentebock,2023-09-21,3.742,,,,,6.8,,4
Onkel Weber Bayerisch Hell,Liquid World GbR,Lager - Helles,2021-01-24,2.953,,,,,5.4,,4
Power Metal,Plague Brew,Farmhouse Ale - Sahti,2023-12-08,3.976,15.0,,,,6.8,,4
Darklite,Одна тонна,IPA - Cold,2024-01-25,3.887,,,,,6.0,,4
Coconut,Antidot Ciders,Cider - Other Fruit,2020-04-22,3.608,,,,,5.5,,4
Zoigling,Plague Brew,Historical Beer - Zoigl,2023-11-27,3.824,11.0,,,,5.5,,4
Belgian Kriek,Brasserie Lefebvre,Fruit Beer,,3.408,,,,,3.5,,2
Сергей Б.,Rewort Brewery,Porter - Baltic,2023-12-08,3.908,30.0,,,,6.8,,4
Русский Имперский Стаут,Пивоварня Якорь,Stout - Russian Imperial,2019-09-16,3.575,,,,,6.8,,4
Styrsudden,Konix Brewery,Porter - Imperial / Double Baltic,2020-11-26,4.049,25.0,,,,6.8,,4
Cherry Holic,Sindrom Brewery,Sour - Other,2023-07-31,3.564,,,,,5.5,,2
Limastic,Sindrom Brewery,Sour - Fruited,2022-09-15,4.034,,,,,5.5,,2
Herkenrode Abbey Noctis,Brouwerij Cornelissen,Brown Ale - Belgian,2011-10-31,3.395,28.0,,,,6.8,,4
Herkenrode Abbey Cister,Brouwerij Cornelissen,Belgian Blonde,2017-07-16,3.413,30.0,,,,6.5,,4
СЕТТЕР,Бакунин,Red Ale - Irish,2023-03-23,3.64,28.0,,,,4.5,,4
Heller Bock (Islay Chips) 2023,Red Button Brewery,Bock - Hell / Maibock / Lentebock,2023-09-21,3.644,,,,,6.8,,4
Королева,Brewlok,Brown Ale - Other,2023-12-01,3.524,,,,,5.3,,3
Ureich Hefeweizen Hell,Privatbrauerei Eichbaum,Wheat Beer - Hefeweizen,2017-01-30,3.043,13.0,,,,5.2,,3
Аліварыя Пітнае,Аліварыя,Lager - Pale,2023-04-08,2.829,11.0,,,,4.4,,4
Bruler Brune,Belgian Brew Factory,Brown Ale - Belgian,2021-03-13,3.585,,,,,6.8,,4
Replica: Galaxy,Zagovor Brewery,IPA - New England / Hazy,2024-01-26,3.952,35.0,,,,6.0,,4
Michelada,Burning Brewery,Sour - Other Gose,2023-06-30,3.758,,,,,5.5,,4
Elvis P.,Rewort Brewery,Sour - Smoothie / Pastry,2022-10-03,3.958,5.0,,,,6.9,,3
Martin's IPA 55,Timmermans,IPA - American,2017-05-24,3.417,55.0,,,,6.5,,3
Yperman,Leroy Breweries,Pale Ale - Belgian,2010-11-29,3.002,23.0,,,,5.5,,4
Имбирный Пряник,White Stone Brewery,Stout - Milk / Sweet,2023-11-09,3.79,11.0,,,,6.0,,4
IPA,13 Litar,IPA - American,2016-03-24,3.901,50.0,"Premiant,Simcoe,Kazbek,Jarrylo","Pale Ale,Pilsner,Munich,Caraaroma,Carared",,5.1,15.0,3
огородишь: Маринованные помидорки,Alaska Brewery,Sour - Other Gose,2023-06-09,3.953,,,,,6.0,,3
Бесобой,Brewlok,Stout - Oatmeal,2020-10-02,3.7,,,,,5.4,,4
Grecha,Brewlok,IPA - Other,2023-12-01,3.725,,,,,6.9,,4
Есенин. Том 3 \ Esenin. Volume 3,Brewlok,Stout - Russian Imperial,2023-11-03,4.282,,,,,6.8,,4
Опять валет!,Brewlok,Porter - Other,2023-12-26,3.627,,,,,6.9,,4
New Vistas,Brewlok,IPA - Other,2023-12-08,3.746,,,,,6.8,,4
Черный Пес,Brewlok,IPA - Other,2023-12-01,3.796,,,,,5.5,,4
Папа Карло,Brewlok,Lager - IPL (India Pale Lager),2023-11-03,3.774,,,,,6.2,,4
Пётр Паркер,Brewlok,Sour - Other,2023-09-13,3.723,,,,,5.2,,4
Leftöver Cracker,Zagovor Brewery,Pumpkin / Yam Beer,2016-03-31,4.082,24.0,,,,6.8,,4
Black Forest Cake,Burning Brewery,Sour - Smoothie / Pastry,2023-06-16,4.18,,,,,5.5,,4
Bornem Dubbel,Brouwerij Van Steenberge,Belgian Dubbel,2010-08-21,3.392,,,,,6.8,,3
Floreffe Blonde / Blond,Brasserie Lefebvre,Belgian Blonde,2011-01-26,3.28,,,,,6.3,,3
Full Immersion,Atmosphere Brewery,Stout - Other,2022-11-10,3.839,16.0,,,,6.8,,4
Deckard 2020,Gravity Project,Cider - Dry,2021-10-13,3.938,,,,,5.0,,4
IPA Mango,Aass Bryggeri,IPA - Session,2022-01-27,3.062,30.0,,,,4.7,,3
Amalur,Araeta Sagardotegia,Cider - Dry,2018-08-19,3.935,,,,,5.5,,4
Parovec,Plague Brew,Kvass,2022-12-21,3.924,,,,,6.0,,4
Kasteel Xtra,Brouwerij Van Honsebrouck,Belgian Enkel / Patersbier,2021-08-06,3.276,,,,,4.5,,4
Black Magic,AF Brew,Porter - American,2013-09-28,3.702,41.0,"Willamette,Warrior,Bravo",,,5.8,14.8,4
Хадыженское Золото,Vladimirskaya Pivovarnya (Владимирская Пивоварня),Lager - Pale,2019-06-22,2.829,,,,,4.4,,3
Kotlin,"Velka Morava,Paradox",Porter - Baltic,2023-05-04,3.96,,,,,6.8,,4
Ordinator,Plague Brew,Bock - Doppelbock,2022-04-14,3.944,20.0,,,,6.8,,4
Dog Friendly,Midnight Project,Sour - Fruited,2023-11-11,4.022,10.0,,,Blackberry,6.0,,4
Туган Як,Plague Brew,Sour - Other Gose,2023-11-17,3.863,6.0,,,,4.5,,4
Cat Friendly,Midnight Project,Sour - Fruited,2023-10-27,4.071,10.0,,,"Pomegranate,Almonds",6.0,,4
Cuprum Irish Red Ale,Nuclear Brewery,Red Ale - Irish,2023-05-19,3.722,23.0,,,,4.2,,4
Stoner Chocolate,Zagovor Brewery,Stout - Milk / Sweet,2017-12-18,3.913,23.0,,,,6.0,,4
Grosser Arber,Plague Brew,Historical Beer - Dampfbier,2023-11-15,3.975,35.0,,,,6.8,,4
Black Steel,Midnight Project,IPA - Imperial / Double Black,2023-02-24,4.192,90.0,,,,6.8,,4
Sludge,Plague Brew,Scotch Ale / Wee Heavy,2022-10-26,4.151,30.0,,,,6.8,,4
Gose Lightyear,Midnight Project,Sour - Fruited Gose,2023-11-24,4.167,12.0,,,"Raspberry,Lemon",6.0,,4
Nitro Stout,Jaws,Stout - Irish Dry,2018-05-19,3.851,,,,,5.5,,4
Каштановый шмель,Francis,Brown Ale - English,2018-07-16,,,,,,4.0,,4
Медовуха. апельсин со специями,Салаир,Mead - Other,2023-03-06,,,,,,5.4,,3
Le Bonheur Existe: Calvados BA,Midnight Project,Belgian Quadrupel,2023-12-30,4.035,37.0,,,,6.8,,4
Бестактность,Midnight Project,Lager - IPL (India Pale Lager),2022-06-03,4.013,25.0,"Cryo Pop,Citra",,,6.0,,4
Cyberpunk Shotgun,Midnight Project,IPA - Imperial / Double,2023-11-17,4.076,70.0,"Citra,Mosaic",,,6.8,,4
Sol,Cuauhtémoc Moctezuma,Lager - American,,2.913,,,,,4.5,,3
Snow Cap,Midnight Project,IPA - Imperial / Double New England / Hazy,2023-12-22,4.211,30.0,"Rakau,Mosaic",,,6.8,,4
American Horror,Midnight Project,IPA - American,2023-11-11,4.017,50.0,"El Dorado,Cashmere,Galaxy",,,6.7,,4
Ichiban (Ichiban Shibori) (一番搾り),Kirin Brewery Company,Lager - Pale,2010-08-21,3.152,18.0,,,,5.0,,4
Imperial Barley Wine,Ridgeway Brewing,Barleywine - English,2013-03-30,3.42,,,,,6.8,,4
Сидр Ананас и Маракуйя,Василеостровская пивоварня,Cider - Other Fruit,2023-05-23,3.529,,,,,4.7,,2
КАША Овсяный Стаут /KASHA Oat Stout,Василеостровская пивоварня,Stout - Oatmeal,2022-04-05,3.569,25.0,,,,6.9,,4
NEIPA,Hrew Brew,IPA - New England / Hazy,2019-08-13,3.615,10.0,,,,6.0,,4
Booffaello,Boogie Brew,Stout - Other,2023-11-22,3.835,,,,,6.0,,4
Black Jack Stout,ID Brewery,Stout - Milk / Sweet,2013-06-28,3.913,,,,,5.7,,3
El Lobo Mexican Lager,Волковская пивоварня,Lager - Mexican,2023-07-11,3.293,,,,,4.5,,4
Nevskoe Originalnoe (Невское Оригинальное),Балтика,Lager - Pale,2011-03-10,2.704,,,,,5.7,,2
Хрум,Plague Brew,Sour - Other Gose,2023-11-17,4.1,6.0,,,,5.2,,4
Pomegranate,Antidot Ciders,Cider - Other Fruit,2021-05-04,3.884,,,,,5.5,,3
Krautrock,Plague Brew,Cider - Graff,2022-11-07,4.078,30.0,,,,6.8,,4
Stone Tears,Plague Brew,Mead - Cyser,2022-11-09,4.149,,,,,6.8,,4
Blueberry Hill,ColdRiver,Stout - Milk / Sweet,2018-08-24,3.821,,,,,6.5,,4
Moort,Plague Brew,Belgian Strong Golden Ale,2021-12-20,3.949,30.0,,,,6.8,,4
Ultraflowers,Plague Brew,Sour - Fruited,2023-10-12,4.127,5.0,,,,5.5,,4
Jenaer Wasser,"Plague Brew,Ostrovica",Historical Beer - Lichtenhainer,2021-05-21,3.887,10.0,,,,6.0,,4
Smoky the Dog,Plague Brew,Lager - Helles,2022-07-05,3.948,18.0,,,,5.0,,4
Drink With Knowledge Wisely,"Plague Brew,CROWBAR",Pilsner - Czech / Bohemian,2023-11-15,3.917,40.0,,,,5.2,,4
Zhigulevskoe (Жигулевское),Pivkombinat Balakovsky (Пивкомбинат Балаковский),Lager - Pale,2015-02-11,2.596,,,,,4.0,,2
Silly Rouge,Brasserie de Silly,Fruit Beer,2016-02-06,3.419,,,,,6.8,,2
Twin Cherry,New Riga’s Brewery,Fruit Beer,2017-10-12,3.697,,,,Cherry,6.8,,2
Löwhammer Sommer Lager,Privatbrauerei Eichbaum,Lager - Pale,2023-07-03,2.846,,,,,5.0,,3
Bonita,Jaws,Belgian Blonde,2023-07-15,3.744,25.0,,,,6.8,,4
Загорка Ретро (Zagorka Retro),Загорка (Zagorka Brewery),Lager - Euro Pale,2015-02-28,3.077,,,,,4.5,,2
Undercover,Дідько,Stout - Other,2022-11-14,3.552,36.0,,,,6.8,,4
Ariana Lager,Загорка (Zagorka Brewery),Lager - Pale,2011-01-05,2.722,,,,,4.5,,2
Radio California,Rewort Brewery,IPA - American,2023-03-14,3.947,43.0,,,,6.8,,4
Blueberry Night,Brewlok,Sour - Other,2023-10-27,3.717,,,,,5.4,,4
Пивная карта. Blond Ale,Крыніца,Belgian Blonde,2022-06-21,3.187,10.0,,,,5.0,12.0,2
Pils,Alpirsbacher Klosterbräu,Pilsner - German,2010-08-21,3.33,28.0,,,,4.9,,3
Potato Day,4BREWERS,Sour - Other Gose,2022-06-23,3.776,,,,,4.5,,4
Bay Leaf Forester,Plague Brew,Sour - Other Gose,2023-03-02,4.071,7.0,,,,5.2,,4
Moose Light,Moosehead,Lager - American Light,2010-12-25,2.946,10.0,,,,4.0,,2
Double IPA,Brouwerij Kees,IPA - Imperial / Double,2017-12-10,3.645,45.0,,,,6.8,,3
Lush Liquid,Black Cat Brewery,IPA - New England / Hazy,2023-08-08,3.955,15.0,,,,6.6,,4
Oatish (Original),Red Button Brewery,Stout - Oatmeal,2023-10-23,3.415,,,,,6.5,,4
Koelsch,Velka Morava,Kölsch,2023-11-01,3.832,,,,,4.3,,3
Aztecs Pleasures,Victory Art Brew,Stout - Imperial / Double,2019-06-04,3.72,65.0,,,,6.8,,4
Вкусвилл Пшеничное Нефильтрованное,Варница,Wheat Beer - Other,2020-06-01,3.299,,,,,4.7,,3
Centennial Basemans,Time Bomb Brewery,IPA - American,2023-07-17,4.062,40.0,,,,6.0,,4
MOMIJIGARI,Big Village Brewery,Sour - Fruited,2022-08-29,4.119,,,,,6.5,,3
Bier With Taste of Oktoberfest: Prost!,Пивная диета,Festbier,2020-09-27,3.915,20.0,Tettnanger,,,5.8,,4
Мистер Лис 0.0,Heineken,,2023-09-20,3.338,,,,,,,2
Gilde Kellerbier,Gilde Brauerei,Kellerbier / Zwickelbier,2019-08-15,3.195,,,,,4.8,,3
Snoop D.,Rewort Brewery,IPA - American,2022-12-01,3.887,40.0,,,,6.7,,4
Эмпатия,Hophead Brewery,Stout - Milk / Sweet,2021-12-15,3.893,25.0,,,,6.5,,4
Молоко убежало,Konix Brewery,Stout - Milk / Sweet,2023-04-20,3.621,10.0,,,,5.0,,4
Pumpkin Smoothie Ale,Big Pot,Sour - Smoothie / Pastry,2023-09-26,4.008,,,,,6.5,,4
Ледяной Кунгур,Brewlok,Lager - IPL (India Pale Lager),2023-05-26,3.76,,,,,6.8,,4
First Love: Smoothie Ed.,Big Pot,Sour - Smoothie / Pastry,2022-12-03,4.229,,,,,6.8,,4
Подкрадули,"4BREWERS,Ability Brewing Project",Sour - Fruited,2023-06-15,4.208,,,,,6.0,,4
Вторая личность,4BREWERS,Porter - Other,2017-03-27,3.903,20.0,,,,6.8,18.8,4
Silly Kriek,Brasserie de Silly,Fruit Beer,2017-09-10,3.319,,,,,4.8,,3
Квас Домашний,Домашние Рецепты / ООО Домашний,Kvass,2017-02-05,3.788,5.0,,,,1.2,,3
Strata One Love,Jungle Brewery,IPA - Session,2023-08-28,4.199,35.0,Strata,,,5.0,12.9,4
Dryness,Konix Brewery,Stout - Irish Dry,2016-02-06,,,,,,3.9,,4
Murakami,Brewlok,Pale Ale - Other,2023-06-23,3.649,,,,,5.8,,4
Zero Dosage Cidre,Bullevie,Cider - Dry,2021-01-28,3.851,,,,,6.0,,4
Poire De Bullevie,Bullevie,Cider - Perry / Poiré,2020-05-02,3.829,,,,,6.0,,4
1883 Полусладкий,Bullevie,Cider - Traditional / Apfelwein,2020-10-27,3.764,,,,,5.5,,4
Rosè,Bullevie,Cider - Rosé,2020-04-22,3.799,,,,,6.0,,4
Apfel Meister,Bullevie,Cider - Herbed / Spiced / Hopped,2022-02-26,3.685,,,,,6.0,,4
Queency,Bullevie,Cider - Traditional / Apfelwein,2020-08-22,3.72,,,,,5.5,,4
Tribe,Zagovor Brewery,Pale Ale - New England / Hazy,2023-08-11,4.033,25.0,,,,5.0,,4
Удар Тайсона,Atmosphere Brewery,Stout - Other,2022-08-19,3.71,16.0,,,,6.8,,4
Ceremony,Selfmade Brewery,IPA - New England / Hazy,2020-12-02,3.974,42.0,"Simcoe,Mosaic",,,6.8,,4
Pilsener,Arcobräu,Pilsner - German,,3.257,,,,,4.9,,4
Мощь Берсерка,Традиции предков,Mead - Other,2022-04-06,3.837,,,,Raspberry,4.7,,4
Hoppy Liberty,Brewmen,IPA - American,2019-03-23,3.739,45.0,"Centennial,Amarillo,Simcoe",,,6.8,,4
ΛΟΚΑΛ,Dreamteam Brew,Lager - Helles,2022-04-28,3.818,,,,,4.4,,4
Yuzberg Helles | Юзберг Хеллес,Suzdal Brewery,Lager - Helles,2013-04-08,3.08,,,,,4.5,,2
Vivid Vibe: Black Currant,Plague Brew,Sour - Berliner Weisse,2022-04-04,4.155,6.0,,,,5.3,,4
НаПолШишечки,LaBEERint Brewery,IPA - American,2018-03-09,3.479,,,,,6.3,,4
Triporteur From Heaven,BOMBrewery,Belgian Blonde,2012-08-11,3.551,28.0,,,,6.2,,3
Weissmuller Hefeweissbier,Privatbrauerei M.C. Wieninger,Wheat Beer - Hefeweizen,2023-04-30,3.551,,,,,5.3,,4
Шах и мат,Brewlok,Kölsch,2023-08-18,3.15,,,,,6.3,,4
Perfect Red (2023),Plague Brew,Fruit Beer,2023-08-31,3.932,,,,,6.5,,4
Rizhskoe (Рижское),Кроп-Пиво,Lager - Pale,2015-04-22,2.793,,,,,4.0,,4
Старопражское,Лысковский,Lager - Pale,2020-11-18,2.743,,,,,5.0,,3
Колхозный панк Cherry Ale,Brewlok,Fruit Beer,2023-06-02,3.402,,,,,5.5,,3
WIPA,Volfas Engelman,IPA - White / Wheat,2019-02-21,3.452,40.0,,,,5.3,,4
Rizhskoe (Рижское),Кроп-Пиво,Lager - Pale,2015-04-22,2.793,,,,,4.0,,2
Duplex,Bottle Share,IPA - Imperial / Double,2018-06-25,3.705,50.0,,,,6.8,17.5,4
Morgana,Velka Morava,Stout - English,2022-12-15,3.905,29.0,,,,5.8,,4
Berliner Geschichte Hefeweizen,Privatbrauerei Eibau i. Sa. GmbH,Wheat Beer - Hefeweizen,,3.31,12.0,,,,5.2,12.0,2
5C,"AF Brew,Salden’s Brewery",IPA - Triple,2023-09-07,3.907,100.0,,,,6.8,,4
MIRRORS,Ostrovica,IPA - New England / Hazy,2023-03-22,3.802,,,,,6.2,,4
It's A Mango,Gravity Project,Cider - Other Fruit,2019-06-04,3.909,,,,,5.0,,4
Снежный эль. Белое пиво,Пивоварня Кожевниково,Wheat Beer - Witbier / Blanche,2022-03-28,2.958,,,,,4.5,,4
Nektar Pivo,Banjalučka Pivara,Lager - Pale,2011-01-04,2.973,16.0,,,,5.0,,2
Baltika #2 Light / Балтика #2 Лёгкое,Балтика,Lager - Pale,2011-01-02,2.905,13.0,,,,4.2,,4
Galaxy Paws,Midnight Project,IPA - American,2023-06-02,4.033,55.0,"Galaxy,Mosaic",,,6.0,,4
Baraba,Banjalučka Pivara,Lager - Pale,2021-05-23,2.871,,,,,4.2,,3
Cuvée L&L,Land & Labour,Sour - Other,2018-08-21,4.108,4.0,,,,5.5,,4
Stary Melnik iz Bochonka Temnoye Barhatnoe (Старый Мельник из Бочонка Тёмное Бархатное),Anadolu Efes,Lager - Munich Dunkel,2012-04-28,2.897,,,,,4.2,,4
Садко Светлое (Sadko Svetloe),Deka (Дека),Lager - Pale,2018-11-27,,,,,,5.2,,3
ROUGE de LUTIN,Василеостровская пивоварня,Fruit Beer,2015-04-12,3.525,23.0,,,,6.8,,4
Equilibrium: Ekuanot+Mosaic,Zagovor Brewery,IPA - American,2018-01-29,3.981,50.0,"Ekuanot,Mosaic",,,6.5,16.4,4
Red,Lancaster Brewery,Bitter - Session / Ordinary,2011-03-09,3.418,,,,,4.8,,4
Наглецы из Воронежа Stout,Brewlok,Stout - Other,2022-08-05,3.66,,,,,5.5,,4
Belgian Krone Lager,Brouwerij Martens,Lager - Pale,2021-06-12,2.86,,,,,5.4,,3
Milk Stout,Andrii’s Brew,Stout - Milk / Sweet,2020-08-22,,,,,,,,4
Summer Bushes,Stamm Brewing,Wild Ale - Other,2023-06-26,4.117,,,,,4.5,,4
Penza Beer (Пензенское),Самко,Lager - Pale,2012-10-20,2.765,,,,,4.5,,2
Tuborg Ice,Carlsberg Group,Lager - American Light,,2.66,,,,,4.6,,4
ODIN,Midnight Project,Porter - Imperial / Double Baltic,2023-02-03,4.134,56.0,,,,6.8,,4
Лимонный Пирог,Plague Brew,Sour - Fruited,2023-07-21,3.942,,,,,,,4
Summer Garden,Dreamteam Brew,Wheat Beer - Witbier / Blanche,2021-03-26,3.731,8.0,,,,4.7,,4
Lockdown,13 Litar,IPA - American,2020-08-13,3.827,40.0,Amarillo,,,6.3,,4
Wit,Theresianer,Wheat Beer - Witbier / Blanche,2011-08-29,3.341,18.0,,,,5.1,,3
John D.,Rewort Brewery,IPA - Imperial / Double,2022-10-03,3.926,55.0,,,,6.8,,4
Лёгкое,Blamberg,Lager - Euro Pale,2020-02-08,2.808,,,,,4.0,,3
IPA,13 Litar,IPA - American,2016-03-24,3.901,50.0,"Premiant,Simcoe,Kazbek,Jarrylo","Pale Ale,Pilsner,Munich,Caraaroma,Carared",,5.1,15.0,4
Upbeta,Wild Lab,IPA - American,2023-07-24,3.84,,,,,6.5,,4
Bloody Aronia,Zavod,Chilli / Chile Beer,2023-05-29,4.115,5.0,,,,4.6,,0
Holba Šerák,Holba,Pilsner - Czech / Bohemian,2011-11-15,2.869,25.0,,,,4.7,,1
Varka Blanche,New Riga’s Brewery,Wheat Beer - Witbier / Blanche,2021-04-27,3.272,12.0,,,,4.0,,4
SmokeSmokeSmoke,Time Bomb Brewery,Rauchbier,2023-06-05,3.855,20.0,,,,5.0,,4
Cerbero Green Label,Ca' del Brado,Old / Stock Ale,2020-11-11,3.899,50.0,,,,6.8,,4
Black Milk,GoldFish,Stout - Milk / Sweet,2016-11-19,3.664,24.0,,,,5.4,,4
Kerel Bière de Garde,VBDCK - Verbeeck-Back-De Cock,Farmhouse Ale - Bière de Garde,2017-06-24,3.362,,,,,6.8,,4
Cerbero Purple Label,Ca' del Brado,Old / Stock Ale,2021-01-20,4.003,50.0,,,,6.8,,4
Восход,Rocket City Brewery,Pale Ale - New Zealand,2020-10-03,3.82,30.0,"Wai-iti,Motueka",,,6.5,,4
Dry Ice,Moosehead,Lager - American,,2.975,13.0,,,,6.0,,3
Ice Cream Porter Plombeer,Konix Brewery,Porter - Baltic,2018-12-19,3.593,20.0,,,,6.8,,4
Colette,Red Button Brewery,Stout - Imperial / Double,2023-12-08,4.073,,,,,6.8,,4
СССР,Кроп-Пиво,Lager - Euro Pale,2014-04-23,2.673,,,,,4.0,11.0,3
India Pale Ale,Alaryk,IPA - English,2016-12-17,3.398,65.0,,,,6.0,,4
Scotty West Dark Lager,Cēsu Alus,Lager - Dark,2021-04-05,3.179,,,,,5.0,,3
Чеширский Кот,Таркос,Wheat Beer - Hefeweizen,2019-08-01,3.451,12.0,,,,4.9,,3
Local Lager,Salden’s Brewery,Lager - Dortmunder / Export,2019-03-28,3.524,35.0,,,,5.2,,4
Oatmeal Stout,13 Litar,Stout - Oatmeal,2016-10-26,3.645,30.0,"Warrior,Sladek,Kazbek,Fuggle","Pilsner,Munich,Caraaroma,Chocolate,Oats",,5.8,,4
Out of Time,Selfmade Brewery,IPA - New England / Hazy,2019-11-06,3.813,30.0,"Mosaic,Galaxy,Citra",,,6.9,,4
Berliner Geschichte Pilsner,Privatbrauerei Eibau i. Sa. GmbH,Pilsner - German,,3.018,30.0,,,,4.8,11.0,3
Сорвиголова,Alcatraz_brewery,IPA - American,2021-01-23,3.561,70.0,,,,6.8,,4
Weissbier,Augustiner-Bräu München,Wheat Beer - Hefeweizen,2011-01-02,3.67,14.0,,,,5.4,,3
Steinbrau Schwarzbier,Braugold Brauerei,Schwarzbier,2022-08-06,3.602,,,,,5.0,,4
Kulmbacher Edelherb,Kulmbacher Brauerei,Pilsner - German,,3.288,32.0,,,,4.9,,3
Немецкое Premium,Zlata Podkova,Lager - Pale,2014-04-24,3.181,17.0,,,,4.7,,4
Pine IPA,"BrewMoose,Горьковская пивоварня",IPA - American,2021-05-14,3.485,50.0,,,,6.8,,4
Heidegger Hell,Gletcher,Lager - Helles,2022-03-31,3.38,,,,,4.7,,4
Изумруд,Panzer Brewery,Mead - Melomel,2022-10-29,3.873,,,,,6.0,,4
Stoner,Zagovor Brewery,Stout - Milk / Sweet,2014-11-10,3.853,23.0,,,,6.0,,4
Aktien Landbier Fränkisch Dunkel,Bayreuther Bierbrauerei,Lager - Munich Dunkel,2011-05-18,3.428,19.0,,,,5.3,,4
Рас3.14здяй Серёжа,ElectriK Biker Brewery,Wheat Beer - Witbier / Blanche,2019-06-01,3.399,14.0,,,,4.7,,4
Triple Choc,Saltaire Brewery,Stout - Other,2011-03-05,3.755,,,,,4.8,,4
Безумный Шляпник,Таркос,Blonde / Golden Ale - Other,2019-11-07,3.437,,,,,4.2,,4
C U 2NITE,Red Button Brewery,Non-Alcoholic Beer - Other,2022-05-11,3.982,,,,,0.3,,4
Guidobald Export Hell,Privatbrauerei M.C. Wieninger,Lager - Dortmunder / Export,2015-12-01,3.474,18.0,,,,5.3,,4
La Pénitence,Midnight Project,Belgian Dubbel,2022-07-01,3.87,24.0,,,,6.8,,4
Lobotomy XI,AF Brew,Stout - Imperial / Double,2023-06-29,4.226,50.0,,,,6.8,,4
Your Young Lordship,Stamm Brewing,Pilsner - Other,2021-02-10,3.856,,,,,4.7,,3
Oatmeal Stout,13 Litar,Stout - Oatmeal,2016-10-26,3.645,30.0,"Warrior,Sladek,Kazbek,Fuggle","Pilsner,Munich,Caraaroma,Chocolate,Oats",,5.8,,4
Dry Nitro Stout,Red Rocket Brewery,Stout - Irish Dry,2022-04-29,3.703,,,,,4.2,,4
Blanc,Volfas Engelman,Wheat Beer - Witbier / Blanche,2020-05-08,3.428,14.0,,,,5.0,,4
Ekstra God Jul (2021),Nøgne Ø,Belgian Strong Dark Ale,2021-10-30,,30.0,,,,6.8,,4
Formalin APA,NONSense Brewery,IPA - American,2023-04-20,3.694,,,,,5.2,,4
Milk Stout,Andrii’s Brew,Stout - Milk / Sweet,2020-08-22,,,,,,,,4
Oatmeal Stout,13 Litar,Stout - Oatmeal,2016-10-26,3.645,30.0,"Warrior,Sladek,Kazbek,Fuggle","Pilsner,Munich,Caraaroma,Chocolate,Oats",,5.8,,4
Kranhaus,Stamm Brewing,Kölsch,2023-05-17,3.671,,,,,4.7,,4
Pale Ale,Amundsen Bryggeri & Spiseri,Pale Ale - English,2011-11-28,3.471,36.0,,,,4.5,,3
God Jul (2021),Nøgne Ø,Winter Ale,2021-10-29,,30.0,,,,6.8,,4
No Sugar Daddy,Paradox,Hard Seltzer,2021-05-14,3.977,,,,,5.5,,4
Old World Rhapsody,Plague Brew,Old / Stock Ale,2021-03-24,3.935,60.0,,,,6.8,,4
Yuzberg Kellerbier (Юзберг Келлер),Suzdal Brewery,Kellerbier / Zwickelbier,2013-10-24,2.974,,,,,4.5,,3
00:00,Василеостровская пивоварня,Porter - Other,2014-11-29,3.564,16.0,,,,6.9,,4
Васька и Волк / Imperial Gose,"Волковская пивоварня,Василеостровская пивоварня",Sour - Other Gose,2023-05-17,3.557,11.0,,,,6.9,,4
Фермерский Эль,Волковская пивоварня,Farmhouse Ale - Other,2023-01-25,3.492,,,,,6.5,,4
Обеды и Полдники,Red Button Brewery,Wild Ale - American,2023-03-05,3.789,,,,,6.8,,4
Волошин. Том 1,Brewlok,Barleywine - Other,2022-06-20,4.197,,,,,6.8,,5
Copperduck,Magic Mess,Sour - Fruited,2022-10-16,4.085,,,,,6.5,,3
Belgian Tripel,Taler,Belgian Tripel,2017-11-09,2.871,27.0,,,,6.8,18.0,4
Kilikia Dark,Kilikia,Lager - Munich Dunkel,2010-12-25,3.114,,,,,4.4,,4
Prunus Armeniaca (Apricot Ale),Dargett Brewery,Fruit Beer,2016-08-04,3.449,18.0,,,,6.0,,4
Metamorphosis (Vienna Lager),Dargett Brewery,Lager - Vienna,2016-05-03,3.307,20.0,,,,5.0,,4
Erebuni (Эребуни),Kotayk Brewery,Lager - Pale,2010-11-26,2.953,,,,,4.8,,3
Kilikia,Kilikia,Lager - Pale,2010-12-25,2.891,,,,,4.8,,3
Stout,1516 Pub & Brewery,Stout - Other,2013-07-18,3.721,30.0,,,,5.6,,4
ВАСЬКА И ВОЛК CREAM ALE,"Василеостровская пивоварня,Волковская пивоварня",Cream Ale,2023-05-19,3.385,15.0,,,,5.5,,4
Kiss Kiss Meow Meow DDH Nectaron,AF Brew,IPA - Sour,2023-05-16,3.686,20.0,,,,6.8,,4
Black Magic,AF Brew,Porter - American,2013-09-28,3.702,41.0,"Willamette,Warrior,Bravo",,,5.8,14.8,4
Double Vista,AF Brew,IPA - Imperial / Double New England / Hazy,2023-01-24,3.806,20.0,,,,6.8,,4
Наршараб,Burning Brewery,Sour - Other Gose,2023-03-22,3.773,,,,,5.5,,4
Garlic Shrimp Soup,Plague Brew,Sour - Other Gose,2023-01-18,3.95,7.0,,,,5.2,,4
True Spruce,"Plague Brew,Raccoon Brewing Co",Historical Beer - Other,2021-07-13,3.801,,,,,6.8,,5
Молочный Стаут,Августин,Stout - Milk / Sweet,2017-10-24,3.805,27.0,,,,5.9,,4
Богемский пильзнер,Августин,Pilsner - Czech / Bohemian,2018-05-23,3.645,40.0,,,,4.8,,4
Divine Fog: Cashmere,Midnight Project,Pale Ale - New England / Hazy,2022-08-11,3.951,,Cashmere,,,5.5,,4
Corsendonk Blanche,Brouwerij Corsendonk,Wheat Beer - Witbier / Blanche,,3.429,11.0,,,,4.8,,4
Bornem Blond,Brouwerij Van Steenberge,Belgian Blonde,2015-03-05,3.416,,,,,6.0,,4
Tverskoe Svetloe | Тверское Светлое,Афанасий,Lager - Pale,2013-06-13,2.524,,,,,4.1,,2
Endspiel | Эндшпиль,Brewlok,Altbier - Traditional,2023-03-10,4.0,,,,,6.8,,4
Just: Kölsch,Midnight Project,Kölsch,2022-07-29,3.776,22.0,,,,4.9,,4
Underground Ale,Gletcher,Bitter - Session / Ordinary,2022-05-05,3.512,15.0,,,,4.7,,4
Kikimora Coconut Story | Кикимора с кокосом,Brewlok,Stout - Milk / Sweet,2022-11-11,3.826,,,,,6.5,,4
Vitasid Apple (Semi-Dry),Men's Company,Cider - Traditional / Apfelwein,2022-03-28,3.103,,,,,4.6,,4
NeMo,"Brew Division,Bullevie",Cider - Herbed / Spiced / Hopped,2019-05-14,3.648,,"Nelson Sauvin,Mosaic",,,5.5,,4
Legends Harmony,Brasserie des Légendes,Belgian Blonde,2017-11-19,3.34,16.0,,,,6.0,,4
Black Cat,Cervejaria Invicta,IPA - Black / Cascadian Dark Ale,2015-03-12,,75.0,,,,6.8,,4
WelfBräu,Brauerei Gotha,Pilsner - German,2022-06-07,2.92,23.0,,,,4.3,,4
Oettinger Pils,Oettinger Brauerei,Pilsner - German,2011-01-14,2.789,26.0,,,,4.7,,2
Yusberg Dunkel (Юзберг Дункель),Suzdal Brewery,Lager - Munich Dunkel,2018-03-12,3.196,18.0,,,,5.2,,3
Wandlitz,Plague Brew,Historical Beer - Berliner Braunbier,2022-08-22,3.996,18.0,,,,3.5,,4
Trolley 10,AF Brew,Kölsch,2021-05-13,3.759,12.0,,,,4.5,,4
Wild Ale Foeder,Salden’s Brewery,Wild Ale - Other,2021-08-26,3.76,,,,,6.5,,4
Super Double Big Pulp,"AF Brew,Red Button Brewery",Sour - Smoothie / Pastry,2022-08-18,3.965,,,,,6.0,,4
Grønn Jul (2021),Nøgne Ø,IPA - Other,2021-10-25,,30.0,,,,6.8,,4
Rediscovering Thyself,Brewlok,IPA - Other,2022-09-15,3.788,,,,,6.9,,4
Old Fashioned,Anderson Valley,Strong Ale - American,2020-09-23,3.582,100.0,,,,6.8,,4
CHUPA,Plague Brew,Pale Ale - Other,2022-07-14,3.268,35.0,,,,5.2,,4
Блеск,4BREWERS,Sour - Fruited,2023-04-11,3.759,,,,,6.9,,4
Grosser Rachel,Plague Brew,Historical Beer - Dampfbier,2021-05-15,4.04,30.0,,,,6.8,,5
Petite Sirah,Plague Brew,Mead - Pyment,2022-08-22,4.113,,,,,6.8,,4
New Zealand Pilsner,Brater,Pilsner - New Zealand,2023-09-23,3.592,35.0,,,,4.8,,4
Костры Рябин. Vintage 2021,On the Bones,Cider - Traditional / Apfelwein,2022-10-15,,,,,,4.0,,4
Dreher,Plague Brew,Lager - Vienna,2022-02-17,3.866,21.0,,,,5.5,,4
Mittelalter,Plague Brew,Kellerbier / Zwickelbier,2022-06-04,3.967,17.0,,,,5.0,,4
RUIPA,NONSense Brewery,IPA - Other,2023-03-12,3.821,60.0,,,,6.8,,4
Dead King,NONSense Brewery,Sour - Fruited Gose,2023-03-30,4.058,,,,,6.0,,4
STITCH,Red Rocket Brewery,Stout - Pastry,2023-01-27,4.089,,,,,6.5,,4
White Phoenix Pomegranate & Raspberry,"ООО""Вино-Гранде""",Mead - Other,2021-08-06,3.396,,,,,4.7,,3
Black Albert,De Struise Brouwers,Stout - Russian Imperial,2010-08-21,4.178,100.0,,,,6.8,,4
Bruegel Amber Ale,Brouwerij Van Steenberge,Red Ale - American Amber / Red,2010-08-21,3.352,,,,,5.2,,3
Waloon,Stamm Brewing,Wheat Beer - Witbier / Blanche,2022-05-31,3.68,,,,,5.0,,4
Currant Values,Rewort Brewery,Mead - Melomel,2022-12-01,4.104,,,,,5.2,,4
Holy Dark,Jaws,Belgian Strong Dark Ale,2019-05-08,3.605,,,,,6.8,,3
Orange IPA,Salden’s Brewery,IPA - American,2021-08-23,3.797,60.0,"Cascade,Chinook",,Orange Peel,6.8,,3
Candy Flip,GAS Brew,Barleywine - Other,2022-09-12,3.878,,,,,6.8,,4
Centennial IPA,Balance Brewery,IPA - American,2023-08-07,3.902,50.0,Centennial,,,6.8,,4
Drop the Pressure,Stamm Brewing,Pale Ale - New England / Hazy,2022-04-22,4.045,,,,,5.5,,4
Zhiguli Barnoe Non-Alcoholic Lemon-Mint (Жигули Барное Безалкогольное Лимон-Мята),Московская пивоваренная компания,Non-Alcoholic Beer - Shandy / Radler,2022-06-07,3.156,21.0,,,,0.5,,3
Адаптация,4BREWERS,Sour - Fruited,2023-03-07,4.12,,,,,4.5,,4
CANDELABRA,Red Button Brewery,Roggenbier,2023-03-21,3.591,,,,,5.0,,4
Floris Chocolat,Brouwerij Huyghe,Spiced / Herbed Beer,2011-04-05,2.794,,,,,4.2,,5
Altbier,Salden’s Brewery,Altbier - Traditional,2020-07-03,3.681,,,,,6.0,,4
Diego M.,Rewort Brewery,Stout - Milk / Sweet,2022-10-03,3.964,15.0,,,,6.9,,4
Asahi Super Dry,Asahi Breweries,Lager - Japanese Rice,2010-11-08,3.13,20.0,,,,5.2,,2
Cider,Catobrew,Cider - Dry,2020-12-17,3.653,,,,,6.3,,2
Black Pool #3,GAS Brew,Stout - Oatmeal,2022-11-17,3.662,30.0,,,,6.5,,3
Secret Room,Midnight Project,Lager - IPL (India Pale Lager),2022-02-01,3.947,37.0,"Cryo Pop,Amarillo",,,4.5,,4
Chapeau Gueuze,Brouwerij De Troch,Lambic - Gueuze,2010-12-27,2.979,,,,,5.5,,4
NUMB LIMBS,Ostrovica,IPA - Imperial / Double New England / Hazy,2022-09-22,4.077,,,,,6.8,,4
Half Million Minutes On Sea Buckthorn,AF Brew,Wild Ale - American,2022-10-30,3.901,,,,,6.8,,4
Half Million Minutes On Rowanberry,AF Brew,Wild Ale - American,2022-10-30,3.841,,,,,6.8,,4
COFFEE PORTER,LiS Brew,Porter - Baltic,2022-12-24,3.762,35.0,,,,6.8,,4
Keanu R.,Rewort Brewery,Pale Ale - American,2022-10-03,3.808,28.0,,,,5.2,,4
Чижик,Midnight Project,Stout - Milk / Sweet,2022-12-30,3.976,34.0,,,,6.9,,4
Медный эль,Чисто пивоварня,IPA - New England / Hazy,2019-04-25,,,,,,4.0,,2
PILS,Lervig,Pilsner - German,2018-09-05,3.233,15.0,,,,4.7,,4
Виражи / Virazhi,Brewlok,IPA - Imperial / Double Black,2021-01-20,3.869,121.0,,,,6.8,,4
Hammerheart,Plan B Brewery,Strong Ale - American,2021-12-24,3.983,50.0,Simcoe,,,6.8,,4
Black Is the New Black,Paradox,IPA - Imperial / Double Black,2021-04-12,3.935,95.0,,,,6.8,25.0,4
Downpour,Та-Та,Mead - Acerglyn / Maple Wine,2021-02-20,4.046,,,,,6.8,,4
New Yorker Fine Lager Beer,New Yorker,Lager - Euro Pale,2017-05-14,2.646,12.0,,,,4.2,,2
Типография,Пиратская Пивоварня Йохохо,Porter - Coffee,2020-09-28,3.495,,,,,6.0,,3
Chenin Blanc,Plague Brew,Mead - Pyment,2022-08-22,4.084,,,,,6.8,,4
Orange Violence,NONSense Brewery,Stout - Other,2023-01-17,4.063,,,,,6.8,,4
Mead Cyser,Siberian Meadery (Медоварня МедА Сибири),Mead - Cyser,2022-05-31,3.834,,,,,6.3,,4
Maple Brunch,Rewort Brewery,Porter - Imperial / Double,2019-06-12,3.978,33.0,,,,6.9,,4
Weltenburger Asam Bock,Klosterbrauerei Weltenburg,Bock - Doppelbock,2011-03-18,3.598,,,,,6.8,,4
Будьте добры ипу,Brewlok,IPA - Other,2022-12-05,3.848,,,,,6.9,,4
Lost Pumpkins,Jaws,Pumpkin / Yam Beer,2018-10-18,3.726,,Columbus,"Pale Ale,Red Ale,Brown Supreme",,6.8,18.0,4
Чертополох,"Knightberg,BiberBräu",Historical Beer - Gruit / Ancient Herbed Ale,2014-10-14,3.836,30.0,,,,4.1,,4
СЕЗОННЫЕ ОСАДКИ,"Knightberg,TBP",Farmhouse Ale - Saison,2022-10-08,3.815,,,,,5.0,,4
Holland Crown Premium Lager,H-West B.V.,Lager - Pale,2016-10-01,2.876,,,,,4.8,,2
Saint-Kerla,On the Bones,Rauchbier,2022-01-19,3.538,50.0,,,,6.8,,4
Essenbach,Plague Brew,Wheat Beer - Hefeweizen,2022-09-20,3.675,,,,,5.0,,4
I'm Important,Red Button Brewery,Non-Alcoholic Mead,2022-08-29,3.813,,,,,0.3,,3
Tropical Milkshake,Волковская пивоварня,Pale Ale - Milkshake,2022-08-31,3.282,35.0,,,,5.0,,4
Black Marble,Sullivan's Brewing Company,Stout - Irish Dry,2019-09-10,3.725,,,,,5.1,,4
Double Tree Green Apple,Cider House,Cider - Dry,2021-08-11,3.182,,,,,4.7,,3
Ящерка Билль,Таркос,Australian Sparkling Ale,2016-12-03,3.39,15.0,,,,5.0,,3
Orient-Ale,De Dochter van de Korenaar,Koji / Ginjo Beer,2021-02-06,3.466,,,,,6.8,,3
Geuze Mariage Parfait,Brouwerij Boon,Lambic - Gueuze,2011-02-07,3.795,20.0,,,,6.8,,4
Сидр #2 Полусухой,DaDa Cider,Cider - Traditional / Apfelwein,2019-05-29,4.071,,,,,5.0,,4
Sahti,LaBEERint Brewery,Farmhouse Ale - Sahti,2016-08-27,3.843,25.0,,,,6.8,,4
Falkenstein,Plague Brew,Historical Beer - Dampfbier,2021-10-25,3.795,35.0,,,,6.8,,4
Holland Crown Wit / Blanche Unfiltered,H-West B.V.,Wheat Beer - Witbier / Blanche,2018-07-11,2.788,,,,,5.0,,2
Weizen,1516 Pub & Brewery,Wheat Beer - Hefeweizen,2013-07-18,3.537,,,,,4.9,,4
Milk Stout,Andrii’s Brew,Stout - Milk / Sweet,2020-08-22,,,,,,,,4
Suppai Ni,Plague Brew,Happoshu,2022-10-26,3.907,7.0,,,,6.0,,4
Гусли,LaBEERint Brewery,Stout - Irish Dry,2019-08-12,3.385,25.0,,,,4.5,,4
Рассвет,Rocket City Brewery,IPA - Brut,2022-03-17,3.713,30.0,,,,5.8,,4
De Kuiper Lambicus Spontaneus,Oka River,Sour - Other,2021-08-10,,,,,,6.8,,4
Ekstra God Jul (2020),Nøgne Ø,Belgian Strong Dark Ale,2020-03-26,4.072,30.0,,,,6.8,,4
De Kuiper Velje Farmhouse,Oka River,Farmhouse Ale - Other,2021-06-25,3.941,,,,,6.8,,4
Arend Winter,Brouwerij De Ryck,Winter Ale,2011-04-06,3.271,,,,,6.8,,3
Hop Zealot Amarillo,Plague Brew,Pale Ale - XPA (Extra Pale),2022-10-05,3.808,40.0,,,,5.8,,4
Holsten Light,Holsten-Brauerei,Lager - Leichtbier,,,,,,,4.4,,2
Durak из бочки,Jaws,Porter - Imperial / Double,2022-01-28,4.032,46.0,,,,6.8,,4
1883 Сухой,Bullevie,Cider - Dry,2020-08-08,3.644,,,,,5.5,,4
Leute Bokbier,Brouwerij Van Steenberge,Bock - Single / Traditional,2010-08-21,3.456,30.0,,,,6.8,,4
Святой Домкрат. Vintage 2021,On the Bones,Cider - Dry,2022-03-11,,,,,,5.0,,4
Kveik Me Up When September Ends,AF Brew,IPA - Farmhouse,2020-10-01,3.836,20.0,"Citra,Sabro",,,6.5,,4
Arise,Coven Brewery,IPA - Other,2019-05-05,3.811,,"Columbus,El Dorado,Simcoe,Citra",,,6.8,,4
Electro Bus 22,AF Brew,Non-Alcoholic Beer - Lager,2022-06-08,3.268,20.0,,,,0.5,,4
Mead Honeysuckle,Siberian Meadery (Медоварня МедА Сибири),Mead - Melomel,2022-08-20,4.003,,,,,6.3,,4
APA,BARBARUS Brewery,Pale Ale - American,2020-02-24,3.709,40.0,,,,5.1,,4
IPA,13 Litar,IPA - American,2016-03-24,3.901,50.0,"Premiant,Simcoe,Kazbek,Jarrylo","Pale Ale,Pilsner,Munich,Caraaroma,Carared",,5.1,15.0,4
Lobby Breakfast,Dreamteam Brew,Stout - Foreign / Export,2021-05-19,3.812,35.0,,,,6.8,,4
Scarecrow,Bierbank,Pumpkin / Yam Beer,2020-10-22,3.67,17.0,,,"Cinnamon,Pumpkin",6.8,,4
Chapeau Framboise,Brouwerij De Troch,Lambic - Framboise,2010-08-21,3.47,,,,,3.5,,4
Ruby Noobie,AF Brew,Fruit Beer,2021-04-06,3.765,10.0,,,Cherry,6.8,,4
Surfine,Brasserie Dubuisson,Farmhouse Ale - Saison,2014-09-09,3.324,32.0,,,,6.5,,4
Old Sparky,AF Brew,IPA - Triple,2015-12-10,3.977,100.0,,,,6.8,,4
...And Happy New Year!,AF Brew,Sour - Fruited,2022-12-03,3.792,,,,,6.0,,4
Thiolize Here! Thiolize There!,AF Brew,IPA - Imperial / Double New England / Hazy,2022-12-02,3.878,20.0,,,,6.8,,4
Boudelo Grand Cru,Brouwerij The Musketeers,Strong Ale - Other,2021-01-27,3.503,25.0,,,,6.8,,4
Christmas Ale,Breckenridge Brewery,Winter Warmer,2010-11-12,3.564,22.0,,,,6.8,,3
Jacobinus Kristall,Eschweger Klosterbräu,Wheat Beer - Kristallweizen,2014-05-29,3.381,17.0,,,,5.6,,3
Бродилка Сухой,Brodilka,Cider - Dry,2021-07-16,3.71,,,,,6.0,,4
Czech Pilsner,Konix Brewery,Pilsner - Czech / Bohemian,2021-04-19,3.564,32.0,Saaz,,,5.0,,4
Beer sauce Маракуйя-Чили,Burning Brewery,Sour - Other Gose,2022-10-07,3.574,,,,,5.5,,3
ШульцБир,Августин,Pilsner - German,2015-09-20,3.626,25.0,,,,4.5,,4
Patronus Premium Weissbier,Lidl Deutschland / Germany,Wheat Beer - Hefeweizen,2018-01-27,3.162,12.0,,,,5.5,,3
Michael J.,Rewort Brewery,IPA - American,2022-10-03,3.889,39.0,,,,6.9,,4
F*ck the Dust! DDH Citra,AF Brew,IPA - Triple New England / Hazy,2019-05-08,4.125,40.0,,,,6.8,,4
Mezga,"AF Brew,Stamm Brewing",Fruit Beer,2022-10-31,4.062,,,,,6.8,,4
Nemor: Dr Rudi Motueka Nectaron,Plague Brew,IPA - New Zealand,2022-02-17,3.952,50.0,,,,6.8,,4
Жмурки,Coma Brewery,Sour - Smoothie / Pastry,2022-08-20,4.159,,,,,5.1,,4
Saison Raspberry Edition,Jaws,Farmhouse Ale - Saison,2017-12-13,3.583,18.0,,,,6.8,,4
Patronus Helles,Lidl Deutschland / Germany,Lager - Helles,2020-06-13,2.886,,,,,5.0,,2
Kurpfalzbräu Ur-Weizen,Welde Braumanufaktur,Wheat Beer - Hefeweizen,2019-04-13,3.736,,,,,5.0,,4
Seven Giraffes,Williams Brothers,IPA - English,,3.503,30.0,,,,5.1,,3
Hmelka Svetle,Бочкари,Lager - Amber,2022-02-08,2.961,,,,,5.0,,3
Stephansbräu Schwarzbier,Kaufland,Schwarzbier,2018-08-23,2.735,,,,,5.0,,3
Lagervar Amber,Лакинский пивзавод,Lager - Amber / Red,2021-09-04,2.675,,,,,5.2,,2
Шпроты,Burning Brewery,Sour - Other Gose,2022-09-23,3.47,11.0,,,,5.5,,3
СССР Нефильтрованное,Кроп-Пиво,Kellerbier / Zwickelbier,2022-08-22,2.853,,,,,4.0,,3
Kölsch,Hrew Brew,Kölsch,2018-07-23,3.429,,,,,4.2,,4
Sorachi Ace IPA,Salden’s Brewery,IPA - American,2016-12-28,3.785,60.0,,,,6.5,,4
Глубина,Пивоварня Кожевниково,Lager - Euro Pale,2019-07-05,2.87,,,,,5.4,13.0,3
Scotty West Lager,Cēsu Alus,Lager - Euro Pale,2021-09-18,2.951,,,,,5.0,,2
Salty Swing,Rewort Brewery,Sour - Fruited Gose,2020-11-24,4.029,11.0,,,"Passion fruit,Red Pepper",6.3,,4
Belgian Blonde,Salden’s Brewery,Belgian Blonde,2013-12-06,3.577,,,,,6.8,,4
Brauberg Original,Крыніца,Lager - Helles,2021-03-11,2.666,,,,,4.0,,3
Stephans Bräu Hefeweizen,Privatbrauerei Eichbaum,Wheat Beer - Hefeweizen,2018-09-08,3.137,,,,,5.2,,3
Cheshskoe Ot Bochkarev (Чешское Светлое от Бочкарев),Heineken,Lager - Pale,2017-04-26,2.38,,,,,4.3,,2
Makariy Marochnoe (Макарий Марочное),Лысковский,Lager - Euro Pale,2019-03-27,2.654,,,,,4.5,,4
PEAR VANILLA CINNAMON SMOOTHIE MEAD,LiS Brew,Mead - Other,2022-03-04,4.219,,,,,6.8,,4
Bière Blanche,Brasserie Champigneulles,Wheat Beer - Witbier / Blanche,2018-08-26,3.141,,,,,4.9,,3
Continental Lager,Brasserie Champigneulles,Lager - Pale,2015-10-18,2.996,16.0,,,,5.5,,3
Blonde Biere d'Abbaye,Brasserie Champigneulles,Belgian Blonde,2016-05-06,3.16,,,,,6.2,,3
Pilsner,1516 Pub & Brewery,Pilsner - Other,2013-07-25,3.612,28.0,,,,4.8,,4
IPA,13 Litar,IPA - American,2016-03-24,3.901,50.0,"Premiant,Simcoe,Kazbek,Jarrylo","Pale Ale,Pilsner,Munich,Caraaroma,Carared",,5.1,15.0,4
Пшеничное,13 Litar,Wheat Beer - Hefeweizen,2016-02-19,3.577,18.0,,,,4.2,,3
Average Bear,XP Brew,Stout - Milk / Sweet,2017-02-23,3.662,25.0,,,,5.0,,4
Beergeek Pie 2060,DomBreW,Sour - Fruited,2020-12-21,3.83,10.0,,,,6.2,,4
Cornelissen Luxury Lager,Brouwerij Cornelissen,Pilsner - German,2017-07-13,3.492,20.0,,,,5.5,,4
Swinckels' Superior Pilsner,Royal Swinkels Family Brewers,Pilsner - Other,2010-12-27,3.234,25.0,,,,5.3,,3
In the Sky,DomBreW,IPA - American,2020-04-21,3.501,45.0,,,,6.7,,4
Toxic Circus,DomBreW,Sour - Fruited,2021-08-10,3.792,10.0,,,,6.2,,4
Monk's Café Flemish Sour Ale,Brouwerij Van Steenberge,Sour - Flanders Oud Bruin,,3.839,,,,,5.5,,4
"Hoegaarden Grapefruit 0,0%",Anadolu Efes,Non-Alcoholic Beer - Shandy / Radler,2022-03-05,3.277,,,,,,,4
Dr. Diesel Premium,Heineken,Lager - Pale,2013-11-25,2.473,,,,,4.7,,2
Wheat Beer,Copper Head,Wheat Beer - Hefeweizen,2017-01-15,3.644,8.0,,,,5.1,,3
La Virgen De Maiz,AF Brew,Lager - Mexican,2022-09-30,3.459,,,,,4.5,,4
Доктор / Doctor,Alaska Brewery,IPA - American,2022-06-14,3.811,65.0,,,,6.0,,4
Tkhili,Brew Division,Brown Ale - Other,2020-01-10,3.728,,,,,4.9,,4
Жигулёвское СССР,Marksovsky Pivzavod (Марксовский Пивзавод),Lager - Pale,2017-04-01,2.653,,,,,4.0,,3
Фейхоа,Alaska Brewery,Sour - Fruited,2020-07-06,3.917,,,,Feijoa,5.5,,4
Koelship Batch #5,Salden’s Brewery,Wild Ale - Other,2020-11-11,3.884,,,,,6.8,,4
Insomnia,13 Litar,Porter - American,2021-01-12,4.06,40.0,"Galaxy,Ekuanot,Cascade","Pale Ale,Pilsner,Munich,Vienna,Chocolate,Caramunich,Roasted Barley",,6.8,21.0,4
Indian Summer,Bierbank,IPA - American,2020-10-08,3.983,55.0,"Simcoe,Mosaic",,,6.7,,4
Сидр Домашний Сухой,Сидр Ш,Cider - Dry,2021-02-05,3.715,,,,,6.0,,4
Change the Oil!,ElectriK Biker Brewery,Stout - Oatmeal,2019-12-02,3.503,14.0,,,,5.5,,4
Dilemma,"Midnight Project,Paradox",Porter - Baltic,2022-03-12,3.887,40.0,,,,6.8,,4
ABC-Kölsch,Big Village Brewery,Kölsch,2020-02-12,3.766,20.0,,,,5.5,,4
Red Currant Cyser,InCider,Mead - Cyser,2022-05-11,3.726,,,,,6.0,,4
Gnosis,"Selfmade Brewery,Plague Brew",Pilsner - Imperial / Double,2022-03-30,3.821,38.0,,,,6.8,,4
Aperitif For Coffee & Cigarettes,On the Bones,Barleywine - Other,2021-12-24,3.807,38.0,,,,6.8,,4
Stammgast Hefeweizen,Oettinger Brauerei,Wheat Beer - Hefeweizen,2012-09-23,3.326,,,,,5.0,,4
Buddy Kraft Lager,Липецкпиво,Lager - Pale,2022-06-11,2.686,,,,,5.1,,2
Харизма Black Currant,Brewmen,Sour - Fruited Berliner Weisse,2021-03-18,3.968,5.0,,,Black Currant,4.5,,4
Inner Essence,Selfmade Brewery,Sour - Smoothie / Pastry,2022-07-05,3.938,10.0,,,,6.9,,4
Vampire Juice,Coma Brewery,Sour - Smoothie / Pastry,2021-11-23,4.086,,,,"Carrot,Tangerine,Beetroot,Grapefruit,Ginger,Chili",5.7,,4
Zhiguli 1968 (Жигули 1968),Московская пивоваренная компания,Lager - Mexican,2022-06-03,3.268,14.0,,,,4.5,,4
Wee Heavy,Knightberg,Scotch Ale / Wee Heavy,2021-11-16,3.852,35.0,,,,6.8,,4
Amstel,Amstel Bier,Lager - Euro Pale,,2.878,21.0,,,,5.0,,3
Ostmark Svetloe (Остмарк Светлое),Heineken,Lager - Pale,2014-07-20,2.63,,,,,4.4,,2
Singabeera Officinale,Khoffner,Sour - Fruited,2022-04-27,4.032,6.0,,,,6.0,,4
Белка Летяга,Таркос,Pale Ale - American,2019-08-27,3.301,16.0,,,,4.5,,4
Session IPA,Berezan's Brewery,IPA - Session,2022-11-27,,30.0,,,,5.0,,4
Alcoholic Crime: One Year Anniversary Chivas Regal Strathisla B.A. R.I.S.,Brew Fiction,Stout - Russian Imperial,2021-10-22,3.906,,,,,6.8,,4
Žatecký Gus Nefiltrovaný,Балтика,Kellerbier / Zwickelbier,2021-04-03,2.619,,Saaz,,,4.8,,2
Irish Red Ale (Ирландский Красный Эль),Old Grange Brewing Company,Red Ale - Irish,2018-11-07,3.362,24.0,,,,4.5,,2
Santa Muerte Pasteleria,4BREWERS,Stout - Coffee,2021-07-29,3.875,,,,,6.5,,4
Sample Chew (50/50),Red Button Brewery,Sour - Fruited,2020-08-12,4.269,,,,,6.0,,4
Wild Graff,Salden’s Brewery,Cider - Graff,2021-09-02,3.847,,,,,6.5,,4
F*ck the Dust! DDH Mosaic,AF Brew,IPA - Triple,2019-05-27,4.1,40.0,,,,6.8,,4
Mur: Piersik,Malanka,Sour - Fruited Berliner Weisse,2022-05-11,4.111,,,"Pilsner,Flaked Wheat",Peach,3.0,9.0,4
Inflection Point,Jungle Brewery,IPA - American,2022-06-06,4.183,50.0,"Chinook,Simcoe,Idaho 7",,,5.7,13.8,4
Mind In Motion,Jungle Brewery,Stout - Milk / Sweet,2022-06-14,4.137,20.0,"Chinook,Simcoe",,Lactose,6.3,18.2,4
Mild,Malanka,Mild - Dark,2022-06-01,3.872,22.0,East Kent Golding,"Maris Otter,Pilsner,Chocolate,Caraaroma,Vienna",,3.8,11.0,4
Serotonin Syndrome,AF Brew,Stout - Imperial / Double Oatmeal,2017-04-11,4.028,30.0,,,,6.8,,4
Таити,Alaska Brewery,Pale Ale - American,2019-04-05,3.687,,,,,5.5,,4
Summer Caprese,Rewort Brewery,Sour - Fruited Gose,2022-02-11,4.043,,,,,5.0,,4
Heartless Bitch 2.0,Gravity Project,Cider - Other Fruit,2019-06-26,3.923,,,,"Raspberry,Mint",4.5,,4
LUPOMAX 3,Ostrovica,IPA - Imperial / Double New England / Hazy,2022-01-27,3.911,,,,,6.8,,4
Right Rocket Launch x Right Hops collab,Brew Division,Porter - Other,2022-02-08,3.93,25.0,,,,6.8,,4
Find Deny Substract Boil (50/50),Red Button Brewery,Sour - Fruited,2020-06-23,4.312,,,,"Passion fruit,Lactose",6.0,,4
VANILLA BOB,Ostrovica,Brown Ale - Imperial / Double,2022-01-26,3.747,,,,,6.8,,4
Okome,Heineken,Lager - Japanese Rice,2015-11-07,2.753,,,,,4.3,,2
Bizzare Sundrops,Rewort Brewery,IPA - American,2022-03-16,3.812,34.0,,,,6.7,15.8,4
Blackberry & Black Currant Bochet,Степь и ветер,Mead - Other,2021-06-22,4.295,,,,"Blackberry,Black Currant",6.0,,4
Wild Ale With Cherry,Salden’s Brewery,Wild Ale - American,2018-02-28,3.871,,,,,6.8,,4
Harald,Plague Brew,Rye Wine,2021-12-04,3.921,55.0,,,,6.8,,4
Tomato Method,Selfmade Brewery,Sour - Traditional Gose,2020-03-04,3.908,20.0,,,Tomato,5.6,,4
Laserotops,Selfmade Brewery,Sour - Fruited,2020-11-30,4.165,12.0,,,"Mango,Peach",6.0,,4
Golden Goose,Varvar Brew,Wild Ale - Other,2020-07-10,4.122,19.0,,,,6.8,,3
Hobbits Hole,LaBEERint Brewery,Pale Ale - New Zealand,2020-08-22,3.593,50.0,,,,5.0,,4
И полетели!,Домодедовская пивоварня,IPA - American,2020-07-10,3.407,45.0,,,,6.7,,3
Czech Pilsner,Konix Brewery,Pilsner - Czech / Bohemian,2021-04-19,3.564,32.0,Saaz,,,5.0,,4
Don Zhivoe (Дон Живое),Балтика,Lager - Pale,2013-08-16,2.597,,,,,4.0,,3
White Phoenix Mango & Citrus,Cider House,Mead - Other,2021-07-31,3.309,,,,,4.7,,3
Kotayk (Котайк),Kotayk Brewery,Lager - Pale,2010-11-26,2.933,,,,,4.5,,3
387. Osobaya Varka (387. Особая Варка),Anadolu Efes,Lager - Amber,2014-05-14,2.882,,,,,6.8,,2
Ковёр задавал стиль всей комнате,Midnight Project,Stout - White / Golden,2021-09-16,4.001,15.0,,,,6.8,,4
Копоть кислой пантеры,4BREWERS,Sour - Other,2016-09-15,3.664,1.0,,,,6.0,,4
Nordic Soul (r) Blueberry & Cowberry,"Borderless Brewery,IsKra Brewery",Sour - Fruited,2021-09-29,3.709,10.0,,,,6.8,,4
Проба 010: Probator Rauch Doppelbock,"Proba Project,Selfmade Brewery",Rauchbier,2021-12-23,3.94,16.0,Hallertauer Tradition,,,6.8,,4
sPEACH,"IsKra Brewery,Borderless Brewery",Stout - Imperial / Double,2021-10-02,3.943,,,,,6.8,,4
Milkshake DIPA Coconut & Ice-Cream,Salden’s Brewery,IPA - Imperial / Double Milkshake,2018-11-07,3.77,70.0,,,,6.8,,4
Wild Ale With Raspberry,Salden’s Brewery,Wild Ale - American,2018-05-18,3.783,,,,,6.4,,4
Cydr Lubelski Klasyczny,Ambra S.A.,Cider - Dry,2013-12-18,3.387,,,,,4.5,,4
Gose Station - Bourbon BBQ,Brew Fiction,Sour - Traditional Gose,2021-02-10,4.102,11.0,,,,5.5,,4
Uezdnoe (Уездное),Лысковский,Lager - Pale,2020-01-23,2.89,,,,,5.3,,3
Wide Walls,Горьковская пивоварня,Sour - Fruited,2021-09-10,3.752,10.0,,,,6.0,,4
Invisible City,Горьковская пивоварня,Stout - Oatmeal,2020-07-06,3.375,18.0,,,,5.2,,4
Over the Tropix,"Горьковская пивоварня,Paradox",Sour - Fruited,2020-11-11,3.615,12.0,,,,6.8,,4
Cloudy Sky,Горьковская пивоварня,IPA - New England / Hazy,2019-06-23,3.695,38.0,,,,6.3,,4
Imagine the Future,Горьковская пивоварня,Porter - Other,2019-10-19,3.495,20.0,,,,6.8,,4
Get Lost,Горьковская пивоварня,Sour - Fruited,2021-03-10,3.495,10.0,,,,6.5,,4
Типа Чё,Варяг,Lager - Euro Pale,2019-06-14,3.239,14.0,,,Pineapple,4.5,,4
Иштар,"4BREWERS,Чаща",Sour - Fruited,2021-10-11,4.162,,,,"Pomegranate,Mint",5.0,,4
C is for Cookie,4BREWERS,Stout - Imperial / Double Pastry,2021-12-07,3.893,,,,,6.8,,4
God Jammit,Rewort Brewery,Sour - Smoothie / Pastry,2022-01-18,4.114,6.0,,,"Bilberry,Raspberry",5.8,,4
Too Fit To Quit,Dieta,Stout - Russian Imperial,2021-12-21,4.016,,,,"Vanilla,Cocoa,Zephyr",6.8,,4
Ничего святого,4BREWERS,Sour - Fruited,2019-07-16,3.94,,,,,5.5,,4
Квас,Арбат,Kvass,2015-06-06,3.268,,,,,1.2,,4
Юнга (Calvados Edition),On the Bones,Stout - Russian Imperial,2021-01-15,3.869,14.0,,,,6.8,,4
Фестивальное Marzen,Stary Zavod (Старый Завод),Märzen,2015-05-23,2.734,,,,,4.6,,3
рЯзмарин (rYazmary),"ID Jons,Stary Zavod (Старый Завод)",Spiced / Herbed Beer,2016-08-27,3.267,40.0,,,,4.6,,3
Luna Park: Blueberry+Mango,Одна тонна,Mead - Other,2022-02-04,4.112,,,,,6.8,,4
Populism Hop Cannon 20222,Jaws,IPA - New England / Hazy,2022-03-12,3.804,20.0,,,,6.0,,4
"Mead Union Raspberry,Blackberry And Ginger","Brew Dealers,Brew Division,Oka River",Mead - Melomel,2022-01-26,3.739,,,,,6.8,,4
Munhell Weissbier (Пшеничное),P:M CRAFT BREWERY,Wheat Beer - Hefeweizen,2013-05-24,3.421,,,,,4.6,,4
In Joy And Sorrow,Coven Brewery,Belgian Strong Dark Ale,2019-11-30,3.753,15.0,,,Cherry,6.8,,4
Somersby Watermelon,Carlsberg Group,Cider - Other Fruit,2018-04-05,3.087,,,,,4.5,,3
Manneken Pils,Brasserie Lefebvre,Pilsner - Other,2011-01-26,3.096,,,,,5.0,,3
Green Beer,Anadolu Efes,Lager - Pale,,2.262,,,,,4.0,,2
Dickiy Crest - Dry,Rebel Apple,Cider - Dry,2021-04-21,3.8,,,,,6.0,,4
Ultraviolent Junglist,Coma Brewery,Sour - Fruited,2021-06-28,4.288,,,,,6.4,24.0,4
Чешское Светлое,Konix Brewery,Lager - Pale,2021-01-24,3.355,,,,,4.5,,3
Жигулёвское,Крыніца,Lager - Pale,2012-09-30,2.596,,,,,4.6,,2
Aloha,Bierstaat,Stout - Milk / Sweet,2022-05-23,4.004,16.0,BRU-1,,Lactose,6.5,,4
Dessert Storm,Rewort Brewery,Sour - Fruited,2020-12-21,4.088,8.0,,,"Raspberry,Cucumber,Lime",6.7,,4
Столбуха традиционная,Лакинский пивзавод,Mead - Other,2019-01-16,3.077,,,,,5.9,,3
Regatta,Rewort Brewery × BorMAN BREW,Sour - Traditional Gose,2022-01-18,4.019,5.0,,,,5.5,,4
Edelburg Lager,Oettinger Brauerei,Lager - Euro Pale,2020-09-18,2.958,,,,,5.2,,3
California: Apple And Apricot Pie,BAD Brewery,Stout - Imperial / Double Pastry,2021-10-22,3.46,,,,,6.8,,4
Мягкий Солод,Трёхсосенский,Lager - Pale,2019-08-11,2.414,,,,,4.2,,2
Hit the Magma,Sabotage,Sour - Fruited,2021-06-26,3.982,,,,"Orange,Grapefruit,Rosemary",6.5,,4
Abbot Ale,Greene King,Bitter - Extra Special / Strong (ESB),2010-08-21,3.295,,,,,5.0,,3
Old Empire IPA,Marston’s Brewery,IPA - English,,3.281,35.0,,,,5.7,,4
Эль Мохнатый Шмель (Без Фильтрации),Московская пивоваренная компания,Red Ale - American Amber / Red,2021-04-06,3.356,27.0,,,,5.0,,4
Жигулевское Фирменное,Пивоваренная компания BierStadt,Lager - Pale,2019-02-25,3.217,,,,,4.5,,2
Eluctari,Lux in Tenebris,Stout - Pastry,2021-11-03,3.911,,,,,6.8,,4
Russian Imperial Stout (barrel #Otmorozok),Konix Brewery,Freeze-Distilled Beer,2017-05-27,4.072,40.0,,,,6.8,,4
Сидр Яблоко,Custom Brewery,Cider - Traditional / Apfelwein,2018-11-20,3.325,,,,,4.5,,4
IPA Alco Free,Волковская пивоварня,Non-Alcoholic Beer - Other,2021-08-31,2.972,40.0,,,,0.5,,2
1664 Rosé,Kronenbourg,Fruit Beer,2013-08-02,2.831,15.0,,,,4.5,,3
Red,Lancaster Brewery,Bitter - Session / Ordinary,2011-03-09,3.418,,,,,4.8,,4
Ипатаж,Alaska Brewery,IPA - American,2017-02-15,3.768,,,,,6.5,,4
Big Job,St Austell Brewery,IPA - Imperial / Double,2012-03-02,3.636,,,,,6.8,,4
Hamster of Doom,Ridgeway Brewing,Brown Ale - English,2015-05-21,3.258,30.0,,,,5.8,,3
Pedigree,Marston’s Brewery,Bitter - Session / Ordinary,2010-12-05,3.07,,,,,4.5,,3
Mena Dhu,St Austell Brewery,Stout - Other,2015-11-07,3.686,,,,,4.5,,4
Cocoa Banana Smoothie,LiS Brew,Fruit Beer,2020-09-17,3.775,,,,"Cocoa,Banana",5.0,,4
Chérie Cherry,Konix Brewery,Fruit Beer,2016-02-09,3.609,10.0,,,,5.0,,3
Coconut,Antidot Ciders,Cider - Other Fruit,2020-04-22,3.608,,,,,5.5,,4
Crispy Droplets,Rewort Brewery,IPA - New England / Hazy,2021-07-28,3.814,31.0,"Citra,Amarillo,Talus",,,6.3,16.5,4
Kozel 12,Pivovar Velké Popovice,Pilsner - Czech / Bohemian,,3.196,,,,,4.8,12.0,3
Merry Xmas Ya Filthy Animal!,AF Brew,Sour - Fruited,2020-12-18,3.815,,,,Tangerine,6.0,,4
235,AF Brew,Barleywine - American,2021-10-26,3.989,15.0,,,"Maple Syrup,Coffee,Jujube",6.8,,4
- all - grain -,AF Brew,Stout - English,2021-10-19,3.728,30.0,,,,6.8,,4
Pražan Světlý Ležák,Konrad,Pilsner - Czech / Bohemian,2021-10-24,3.222,,,,,4.8,,4
Black Blossom,AF Brew,Porter - Imperial / Double,2021-10-26,3.932,30.0,,,Cherry,6.8,,4
FFFiga Tonka!,"AF Brew,FFF Brew",Sour - Fruited,2021-07-23,4.234,,,,"Raspberry,Blueberry,Tonka Beans",6.0,,4
Sangre Fresca,AF Brew,Sour - Fruited Gose,2019-12-31,3.739,,,,,4.8,,4
Metro,AF Brew,Lager - Dark,2021-10-26,3.64,11.0,,,,4.5,,4
Running Talus,AF Brew,IPA - New England / Hazy,2020-09-09,3.908,20.0,Talus,,,6.5,,4
Black February,AF Brew,Porter - Imperial / Double,2021-11-16,4.127,30.0,,,Raspberry,6.8,,4
Autumn Fever Dreams: November,AF Brew,Sour - Fruited,2021-10-26,3.756,,,,"Orange,Tonka Beans",6.8,,4
IPA,13 Litar,IPA - American,2016-03-24,3.901,50.0,"Premiant,Simcoe,Kazbek,Jarrylo","Pale Ale,Pilsner,Munich,Caraaroma,Carared",,5.1,15.0,4
Клюквенный Сидр 5%,Ravencraft,Cider - Traditional / Apfelwein,2017-03-20,3.671,,,,,5.0,,4
MALvINA,Piton Ciders,Cider - Other Fruit,2021-03-08,4.059,,,,,6.0,,4
Бланш БИР,Мастерская Братьев Наумовых,Wheat Beer - Witbier / Blanche,2020-09-04,3.389,,,,,4.8,,3
Edelburg Hefeweizen,Oettinger Brauerei,Wheat Beer - Hefeweizen,2020-09-18,3.195,,,,,5.1,,3
Vanilla Jazz,DomBreW,Stout - Milk / Sweet,2019-12-16,3.652,15.0,,,,6.0,,4
Succubus,DomBreW,Sour - Fruited,2020-09-15,3.793,10.0,,,,6.2,,4
Hard Seltzer Blackcurrant,Salden’s Brewery,Hard Seltzer,2021-06-29,3.376,,,,Black Currant,5.0,,4
Dutch Windmill,H-West B.V.,Lager - Pale,,2.631,,,,,4.6,,2
Жигулевское (Zhigulevskoe),Белый Кремль (Bely Kreml),Lager - Pale,2018-09-11,2.434,,,,,4.5,,4
Rauchbier,Gletcher,Rauchbier,2021-05-17,3.536,30.0,,,,5.1,,4
Pryanik Stout,Salden’s Brewery,Winter Ale,2015-02-25,3.669,,,,"Cinnamon,Ginger,Nutmeg",6.8,,4
Holy DIPA,Ostrovica,IPA - Imperial / Double,2017-02-21,3.905,100.0,"Simcoe,Citra,Cascade,Centennial",,,6.8,,4
Bird of Passion,Rewort Brewery,Sour - Fruited,2021-04-27,4.114,7.0,,,"Kiwi,Passion fruit",6.3,,4
Backyard Boogie,Rewort Brewery,Sour - Fruited Gose,2021-08-10,3.996,,,,"Tomato,Pineapple",6.2,21.0,4
Neighbors In Crime,"AF Brew,Midnight Project",Stout - Imperial / Double Pastry,2021-10-07,4.036,20.0,,,"Vanilla,Tonka Beans",6.8,,4
SAN PIETRO RED SUNSET,Василеостровская пивоварня,Grape Ale - Italian,2021-09-07,3.361,25.0,,,,6.9,,4
Tomorrow Land,Paradox,Pale Ale - New England / Hazy,2021-04-12,3.775,30.0,,,,5.0,,4
Max&Jack's Lemon Gardenmint,Московская пивоваренная компания,Malt Liquor,2021-03-15,3.179,,,,,4.7,,2
Zero-Zero Takeoff,AF Brew,Non-Alcoholic Beer - Other,2020-07-23,3.537,20.0,"Citra,Mosaic",,,0.5,,3
Anima Spiritus,DomBreW,Sour - Fruited,2020-07-14,3.769,10.0,,,,6.2,,4
Lager,13 Litar,Pilsner - Czech / Bohemian,2015-12-18,3.424,,,,,4.5,,4
Eskimo Stout,Salden’s Brewery,Stout - Milk / Sweet,2018-03-14,3.825,,,,,6.8,,4
Frankie's Love,DomBreW,Sour - Fruited,2021-08-10,3.718,10.0,,,,6.2,,4
Wild Rye Saison,Salden’s Brewery,Wild Ale - Other,2021-11-30,4.014,,,,,6.8,,4
Double Chocolate Stout,Salden’s Brewery,Stout - Imperial / Double Milk,2016-11-24,3.789,,,,,6.5,,4
Wine Ale Syrah,Salden’s Brewery,Grape Ale - Other,2021-10-04,3.752,,,,,6.5,,4
Double Cherry,Таркос,Fruit Beer,2019-04-15,3.249,7.0,,,,4.0,,3
Hren & Gorchitsa (Хрен - Горчица),Таркос,Sour - Traditional Gose,2019-04-13,3.136,,,,,5.0,,3
Червонный Валет,Таркос,Red Ale - American Amber / Red,2016-08-04,3.404,32.0,,,,5.0,,4
Weizen,1516 Pub & Brewery,Wheat Beer - Hefeweizen,2013-07-18,3.537,,,,,4.9,,3
The First Sip,Zagovor Brewery,Pilsner - Other,2019-04-19,3.799,35.0,"Hallertauer Mittelfruh,Citra",,,4.5,11.0,4
Инквизитор,Alaska Brewery,Sour - Traditional Gose,2020-06-23,3.522,,,,"Tomato,Chili",6.0,,4
4 In 1 Super Sour,Stamm Brewing,Sour - Fruited,2020-01-24,4.199,,,,"Pineapple,Blood orange,Passion fruit,Apricot",6.8,,4
Blowing Up: Pineapple & Mango,Stamm Brewing,Sour - Fruited,2019-08-23,4.058,,,,,5.0,,4
Analog Dream,Rewort Brewery,Sour - Fruited,2019-09-02,3.993,15.0,,,"Rose,Raspberry,Lychee",6.9,23.1,4
Игра теней,Atmosphere Brewery,Stout - Other,2021-05-12,3.794,20.0,,,,6.8,,4
Velo,Black Sheep,Pale Ale - English,2014-06-03,3.436,,,,,4.2,,4
Most Wonderful Time 4 A Beer,Red Button Brewery,Stout - Milk / Sweet,2017-12-12,3.952,30.0,,,,5.0,,4
Мистер Лис Лесные Ягоды,Heineken,Cider - Other Fruit,2021-05-12,2.906,,,,,4.5,,3
Wheat Beer,Copper Head,Wheat Beer - Hefeweizen,2017-01-15,3.644,8.0,,,,5.1,,2
Tomato Gose,Brew Balance,Sour - Tomato / Vegetable Gose,2023-04-25,3.569,3.0,Willamette,,,4.5,13.0,3
Индульгенция,Alaska Brewery,Sour - Traditional Gose,2021-02-23,3.742,,,,,6.3,,4
FIX Hellas,Olympic Brewery,Lager - Helles,2010-12-07,2.975,20.0,,,,5.0,,3
Oettinger Export / Premium Lager,Oettinger Brauerei,Lager - Dortmunder / Export,2011-05-13,2.821,20.0,,,,5.4,,3
Tauras Ekstra,Kalnapilio-Tauro,Lager - Pale,2012-09-16,2.936,,,,,5.2,,3
Chveni Mze,"Red Rocket Brewery,Megobrebi Brewery",Sour - Fruited Gose,2021-05-21,4.101,,,,"Raspberry,Pomegranate",6.0,,4
Foreign Export Stout,Ridgeway Brewing,Stout - Foreign / Export,2010-12-17,3.617,5.0,,,,6.8,,3
Berlinier Weisse Blackberry & Raspberry,Brewlok,Sour - Fruited Berliner Weisse,2021-07-09,3.773,,,,"Blackberry,Raspberry",5.0,13.0,4
Benediktiner Weissbier,Benediktiner Weißbräu,Wheat Beer - Hefeweizen,2011-11-27,3.556,13.0,,,,5.4,,3
Kristoffel Belgian White Beer,Brouwerij Martens,Wheat Beer - Witbier / Blanche,2015-05-09,3.332,,,,,5.0,,3
Iroqués,Barbudos,IPA - New England / Hazy,2018-08-21,3.302,55.0,,,,6.6,,4
Brooklyn East IPA,Brooklyn Brewery,IPA - English,2010-08-21,3.497,47.0,,,,6.9,,4
Campus Premium,Brouwerij Huyghe,Lager - Pale,2011-01-04,3.005,,,,,5.0,,4
Radeberger Pilsner,Radeberger,Pilsner - German,,3.169,33.0,,,,4.8,,3
APA,BARBARUS Brewery,Pale Ale - American,2020-02-24,3.709,40.0,,,,5.1,,4
Pale Ale,Amundsen Bryggeri & Spiseri,Pale Ale - English,2011-11-28,3.471,36.0,,,,4.5,,4
B-DAY Lager,Ostrovica,Lager - Pale,2016-06-08,3.751,25.0,"Saaz,Motueka,Centennial",,,4.9,,4
Wine Ale Muscat,Salden’s Brewery,Grape Ale - Other,2021-06-25,3.742,,Nelson Sauvin,,Grape,6.5,,4
Egger 'Live' Zwickl,Privatbrauerei Fritz Egger,Kellerbier / Zwickelbier,2017-07-09,2.946,,,,,5.0,,4
Leffe Ambrée / Amber,Abbaye de Leffe,Red Ale - Other,2017-10-24,3.388,25.0,,,,6.6,,4
Magaryčių Alus,Kupiškio Alus,Traditional Ale,2011-12-23,3.216,,,,,5.8,,3
Platan Premium,Pivovar Protivín,Pilsner - Czech / Bohemian,2015-03-26,3.034,32.0,,,,5.0,11.7,3
Бархатное,Česky Lev,Lager - Dark,2016-07-27,3.091,,,,,4.1,,3
Baltijos,Švyturys,Märzen,1965-01-16,3.287,,,,,5.8,,3
Vova,Jaws,Stout - Russian Imperial,2018-12-19,4.073,,"Cascade,Columbus,Golding","Pale Ale,Munich,Caraaroma,Carafa,Roasted Barley,Oats",,6.8,26.0,4
Квас Псковский,Пивоварня купца Лапина,Kvass,2018-07-15,3.435,,,,,1.2,,3
Super Bock Preta Sem Alcool,Unicer Bebidas,Non-Alcoholic Beer - Other,2012-10-17,2.581,,,,,0.5,,3
Westmalle Trappist Extra,Westmalle,Belgian Enkel / Patersbier,2011-02-17,3.458,30.0,,,,4.8,,4
Gulden Draak Classic,Brouwerij Van Steenberge,Belgian Strong Dark Ale,,3.769,30.0,,,,6.8,,3
Ghost Ship,Adnams,Pale Ale - English,2010-11-15,3.481,40.0,,,,4.5,,4
IPA,13 Litar,IPA - American,2016-03-24,3.901,50.0,"Premiant,Simcoe,Kazbek,Jarrylo","Pale Ale,Pilsner,Munich,Caraaroma,Carared",,5.1,15.0,4
Chocolate Stout,Brewerich,Stout - Imperial / Double Milk,2020-01-10,3.601,30.0,,,,6.8,,4
Rebelse Strop,Brouwerij Roman,Farmhouse Ale - Saison,2016-09-16,3.303,33.0,,,,6.9,,4
Double Hoppy Milk Mango,Stamm Brewing,IPA - Milkshake,2019-06-03,3.952,,,,,6.0,,4
Анненское,Wiborg,Lager - Pale,2015-07-15,,,,,,4.7,,3
Rustiq Semi Dry,Bullevie,Cider - Traditional / Apfelwein,2020-11-20,3.836,,,,,5.5,,4
De Kuiper Spontaan,Oka River,Lambic - Traditional,2018-10-30,4.053,10.0,,,,6.5,,4
Старомонастырский Живой Квас,Афанасий,Kvass,2017-07-09,3.44,,,,,1.2,,3
Illusion,Brewlok,IPA - Imperial / Double New England / Hazy,2021-04-26,3.642,45.0,,,,6.8,,4
Your Dark Lordship,Stamm Brewing,Lager - Dark,2020-11-25,3.67,,,,,5.0,,4
Псковское Светлое,Пивоварня купца Лапина,Lager - Euro Pale,2015-02-22,2.857,,,,,4.5,,3
Кардинал,Alaska Brewery,Sour - Traditional Gose,2020-08-12,3.546,,,,,6.8,,4
Черный Вепрь,Традиции предков,Mead - Other,2015-12-04,3.775,,,,,4.7,,4
Tsingtao,Tsingtao Brewery,Lager - Pale,,2.894,25.0,,,,4.7,,4
Квас Хлебный,Medovarus,Kvass,2015-02-22,3.497,,,,,1.2,,4
Braustüb'l Weissbier Hefe-Hell,Darmstädter Privatbrauerei,Wheat Beer - Hefeweizen,2012-09-27,3.318,12.0,,,,4.8,,4
Saigon Special,Sabeco,Lager - Pale,,2.9,,,,,4.9,,3
Белый Кремль Белое (Bely Kreml Beloe),Белый Кремль (Bely Kreml),Wheat Beer - Hefeweizen,2018-10-12,3.188,,,,,5.5,,3
Skyline Mosaic Crio & Galaxy & Azacca,Konix Brewery,IPA - New England / Hazy,2021-03-19,3.743,45.0,,,,6.8,,4
Zhivoe (Живое),Самко,Kellerbier / Zwickelbier,2014-12-05,2.599,,,,,4.0,,3
Марочное,Старая крепость,Lager - Pale,2019-02-14,3.125,,,,,4.6,,4
Pilstone Dark,Букет Чувашии,Wheat Beer - Dunkelweizen,2017-10-21,2.937,,,,,3.5,,3
Венское,Beaver,Lager - Vienna,2023-12-25,2.654,30.0,,,,4.4,,3
Cheshskoe (Чешское),Вятич,Lager - Pale,2015-07-08,2.625,14.0,,,,3.8,,3
The Good Cider Apple (Manzana),Grupo Eva,Cider - Sweet,2014-08-30,3.508,,,,,4.5,,4
Hoppy Surf,AF Brew,Pale Ale - American,2013-07-30,3.762,35.0,"Bravo,Citra,Summit,Centennial,Chinook",,,5.3,,4
Bastille Porter (Бастильский Портер),ID Jons,Porter - Baltic,2014-08-17,3.587,19.0,,,,6.8,,4
Bravoro,Volfas Engelman,Lager - Pale,2012-11-03,3.081,20.0,,,,5.2,,3
Voll-Damm,Grupo Damm,Märzen,,3.201,,,,,6.8,,3
Синяя Гусеница,Таркос,IPA - New England / Hazy,2019-06-11,3.498,30.0,,,,6.6,,4
Da Camorra Con Amore,AF Brew,Wheat Beer - Witbier / Blanche,2021-02-16,3.56,18.0,,,"Orange Peel,Coriander",4.8,,4
I Got Guava Worms,AF Brew,IPA - Sour,2019-09-17,4.106,15.0,,,,6.8,,4
Narayama IPA (2020),LaBEERint Brewery,IPA - American,2020-07-23,,45.0,El Dorado,,,6.5,,4
Highs And Lows,AF Brew,IPA - American,2019-01-08,3.813,50.0,,,,6.7,,4
DARK ISLAND,GUSI,Stout - Oatmeal,2018-12-06,3.711,22.0,,,,5.9,,4
Chester's Original Pear Sweet,Chester's,Cider - Perry / Poiré,2015-08-22,3.353,,,,,5.5,,3
G.O.S.E. | Raspberry & Ginger,XP Brew,Sour - Fruited Gose,2020-06-07,3.634,15.0,,,"Raspberry,Ginger",5.0,,4
Puzzle IPA Amarillo,New Riga’s Brewery,IPA - American,2020-12-22,3.582,45.0,,,,6.0,,4
Kvietinis,Vilkmerges Alus,Wheat Beer - Witbier / Blanche,2012-11-01,3.305,15.0,,,,5.0,,3
Pizza Gose,Brewmen,Sour - Traditional Gose,2019-07-14,3.648,,,,,4.5,,4
Krombacher Weizen,Krombacher,Wheat Beer - Hefeweizen,,3.456,16.0,,,,5.3,,3
Imperial Stout,"Father's Brewery,Efir Brewery",Stout - Imperial / Double,2020-09-26,,,,,,6.8,,4
Braník Světlý,Staropramen,Pilsner - Czech / Bohemian,2013-11-13,2.826,,,,,4.1,,3
BFG,Selfmade Brewery,IPA - Imperial / Double,2017-02-14,3.884,75.0,,,,6.8,,4
Edelweiss Snowfresh / Wheat Beer,Brau Union Österreich,Wheat Beer - Hefeweizen,2010-12-14,3.318,9.0,,,,5.0,,4
Комета IPA,New Riga’s Brewery,IPA - American,2017-01-20,3.645,65.0,"Amarillo,Cascade,Centennial,Citra,Chinook",,,6.0,,4
Fire In the Darkness,Rewort Brewery,Sour - Other,2019-09-23,3.962,13.0,,,,6.8,20.0,4
Minimax,XP Brew,Pale Ale - American,2018-03-23,3.704,40.0,,,,5.0,,3
Bishops Finger,Shepherd Neame,Bitter - Extra Special / Strong (ESB),,3.33,,,,,5.2,,3
American Amber Lager,Горьковская пивоварня,Lager - American Amber / Red,2019-06-10,3.311,30.0,,,,5.2,,3
Cassis,Brouwerij Lindemans,Lambic - Fruit,1986-01-01,3.633,,,,Black Currant,3.5,,4
Flugel BLANCHE,Flügel,Blonde Ale,2018-05-29,3.188,8.0,,,,5.5,,3
Barbe Ruby,Brouwerij Verhaeghe,Fruit Beer,2012-08-02,3.957,,,,,6.8,,4
Blanche De Moscou,Zavod,Wheat Beer - Witbier / Blanche,2018-02-02,3.568,10.0,,,,5.4,15.0,4
Russian Imperial Stout (barrel #3),Konix Brewery,Stout - Russian Imperial,2016-12-13,4.063,60.0,,,,6.8,,4
Liebenbrau Helles,Kaiser Bräu,Lager - Helles,2020-07-31,3.181,,,,,5.1,,3
Green Mountain,Pivot Point,IPA - New England / Hazy,2020-05-28,3.744,30.0,"Mosaic,Simcoe,Galaxy",,,6.0,,4
Stalactite,13 Litar,Sour - Traditional Gose,2019-04-13,3.978,,Crystal,"Pilsner,Wheat",,4.5,12.0,4
Eat the Dust! DDH Mosaic,AF Brew,IPA - New England / Hazy,2017-04-28,4.016,40.0,Mosaic,,,6.8,,4
Soul In A Big City,Zagovor Brewery,Sour - Fruited,2019-11-12,4.087,20.0,,,"Raspberry,Blueberry,Blackberry,Vanilla,Lactose",6.8,18.5,4
Vieux Bruxelles Porter,Brouwerij Van Honsebrouck,Porter - English,2019-05-08,,,,,,5.7,,3
Passion Is My Confession,AF Brew,Sour - Berliner Weisse,2016-09-07,3.926,,,,,5.3,11.9,4
3 in 1 Super Sour,Stamm Brewing,Sour - Fruited,2019-12-16,4.172,,,,"Blueberry,Strawberry,Guava",6.8,,4
Hyperborea,"Right Proper Brewing Company,Modern Times Beer",Farmhouse Ale - Saison,2017-03-04,3.57,,,,,6.5,,4
Nutcracker (Щелкунчик),Волковская пивоварня,Porter - Imperial / Double,2020-04-19,3.706,70.0,,,,6.8,,4
Local Action,Rewort Brewery,Stout - Imperial / Double,2020-01-10,3.979,37.0,,,"Coconut,Hazelnut",6.8,,4
Bloody Roots,Coven Brewery,Sour - Fruited Gose,2019-04-30,3.911,,,,"Tabasco,Horseradish",5.8,,4
200,AF Brew,Barleywine - American,2021-01-29,3.842,15.0,,,"Maple Syrup,Date,Coffee",6.8,,4
Юзберг Пилснер (Yuzberg Pilsner),Suzdal Brewery,Pilsner - German,2018-03-19,3.105,30.0,,,,4.8,,4
Story Mode,Stamm Brewing,IPA - Imperial / Double New England / Hazy,2020-06-29,4.056,,,,,6.8,,4
Somnambula,Jaws,Stout - Imperial / Double Milk,2016-09-28,3.874,22.0,,,"Lactose,Coffee,Cocoa",6.8,,4
American Lager,Flügel,Lager - American Light,2019-02-19,3.611,,,,,4.8,,4
Kaltenberg Royal Lager Unfiltered,Крыніца,Kellerbier / Zwickelbier,2018-04-23,2.8,20.0,,,,5.0,11.5,2
Schlosskeller Pilsener,Белый Кремль (Bely Kreml),Pilsner - Other,2020-08-20,2.435,,,,,4.8,,2
Палитра #1 Pineapple & Guava,Brewlok,IPA - Milkshake,2019-06-03,3.706,,,,"Pineapple,Guava",6.8,,4
Варяг,Brewlok,Porter - Baltic,2016-09-22,3.763,,,,,6.0,,4
Phantom IPA,Flügel,IPA - English,2017-01-27,3.243,50.0,,,,5.6,,3
Kirschweizen,Flügel,Fruit Beer,2017-04-18,3.493,8.0,,,,6.5,,4
Your Lordship,Stamm Brewing,Lager - Pale,2020-05-01,3.808,,,,,5.6,,4
Stanley Cooper NST-64ASZ,German Beverage Group Ltd,Lager - Euro Pale,2020-11-08,2.845,,,,,4.9,,2
Сладовар Пшеничное Белое,Борихинский пивзавод,Lager - Euro Pale,2015-04-14,2.483,,,,,4.0,,3
Weissbier,Augustiner-Bräu München,Wheat Beer - Hefeweizen,2011-01-02,3.67,14.0,,,,5.4,,3
Cidre Royal With Cherry,Royal Fruit Garden,Cider - Other Fruit,2024-05-25,,,,,,5.0,,3
Pilsner,1516 Pub & Brewery,Pilsner - Other,2013-07-25,3.612,28.0,,,,4.8,,3
Tiramisu Stout,Discovery Brewing,Stout - Milk / Sweet,2020-06-18,3.735,20.0,,,,5.0,,4
ГрИПАедов,Anadolu Efes,IPA - American,2018-07-19,2.938,40.0,,,,6.5,,3
Salsa,4BREWERS,Chilli / Chile Beer,,3.249,24.0,,,,6.8,,4
Hazelnut Stout,Brew Balance,Stout - Milk / Sweet,2023-02-06,3.551,35.0,,,,6.0,,4
Red Conundrum,Big Village Brewery,Sour - Fruited Gose,2020-09-24,3.919,,,,Raspberry,6.3,,4
Speakeasy Champagne Beer,WooHa Brewing Company,Bière de Champagne / Bière Brut,2019-10-17,3.358,,,,,6.8,,4
Russian Imperial Stout Batch #14 Aged In Bourbon Barrels,Salden’s Brewery,Stout - Russian Imperial,2020-11-12,3.858,40.0,,,,6.8,26.0,4
Черная Пшеничка,XP Brew,Wheat Beer - Other,2020-10-30,3.546,,,,,6.0,,4
Старая Пигалица (Old Chibis),Chibis Brewery,Stout - Russian Imperial,2018-08-02,3.771,50.0,,,,6.8,,4
Collin's Imperial Stout,Marston’s Brewery,Stout - English,2012-11-02,3.632,,,,,4.9,,3
Lime Mood,Rewort Brewery,Sour - Fruited,2019-06-13,3.921,10.0,,,"Lime,Ginger",5.2,16.5,4
Pils,Alpirsbacher Klosterbräu,Pilsner - German,2010-08-21,3.33,28.0,,,,4.9,,3
Brabant Blond,"Кроп-Пиво,Brouwerij Het Nest",Blonde Ale,2019-07-09,2.838,,,,,6.0,14.0,2
Пятница,Alaska Brewery,Sour - Fruited,2022-07-08,4.153,,,,"Watermelon,Kiwi,Apple",5.5,,2
Pilsner,1516 Pub & Brewery,Pilsner - Other,2013-07-25,3.612,28.0,,,,4.8,,2
Дончак Светлое,Солнечный,Lager - Euro Pale,2018-10-10,2.643,,,,,4.3,,2
Хадыженское,Хадыженский Пивзавод,Lager - Pale,2014-05-02,3.132,,,,,4.0,,3
Warsteiner Light Pilsener,Лідскае піва,Pilsner - German,2019-04-09,3.102,20.0,,,,4.2,9.6,3
23 регион,Tihoretsky Pivovarenny Zavod (Тихорецкий Пивоваренный Завод),Lager - Pale,2018-04-25,2.611,,,,,4.4,,2
Бойлерное Ставропольское,Stavropolsky Pivovarenny Zavod (Ставропольский Пивоваренный Завод),Lager - Pale,2019-06-12,,,,,,4.0,,3
Квас,Арбат,Kvass,2015-06-06,3.268,,,,,1.2,,4
Колыбельная,Brewlok,IPA - Imperial / Double New England / Hazy,2020-12-11,,,"Sabro,El Dorado",,,6.8,,4
Novopacké pivo 12° Kumburák,Pivovar Nová Paka,Pilsner - Czech / Bohemian,2011-09-02,3.255,,,,,5.3,,3
Durak,Jaws,Porter - Imperial / Double,2019-02-27,3.834,46.0,,,,6.8,,4
Delirium Noël / Christmas,Brouwerij Huyghe,Winter Warmer,,3.762,20.0,,,,6.8,,4
Platan Desítka,Pivovar Protivín,Pilsner - Czech / Bohemian,2015-11-21,3.007,28.0,,,,4.0,10.0,3
Manchester Brown Ale,Joseph Holt,Brown Ale - English,2010-12-29,3.362,,,,,3.8,,4
Stephans Bräu Premium Lager,Privatbrauerei Eichbaum,Lager - Pale,2013-11-03,2.715,,,,,5.0,,2
Stout System: Milk Nebula,Одна тонна,Stout - Milk / Sweet,2019-10-02,3.773,,,,,5.5,,4
Rose Tart,Plan B Brewery,Sour - Fruited,2020-08-14,3.863,,,,"Raspberry,Strawberry,Orange",6.0,,4
Holsten Premium,Holsten-Brauerei,Pilsner - German,2014-07-31,2.902,29.0,,,,4.8,,3
Reeper B. Exotisches IPA,Reepbana,IPA - Session,2017-12-29,2.914,39.0,,,,5.0,11.6,3
Ласка нерпы,On the Bones,Stout - Other,2016-12-11,3.499,23.0,,,,5.5,,4
Юнга (Rum Edition),On the Bones,Stout - Russian Imperial,2017-05-24,3.906,16.0,,,,6.8,,4
Marzen,Jaws,Märzen,2020-09-11,3.72,,,,,5.8,,4
Premium Lager,Alpaca Wellbeing,Lager - Pale,2021-05-19,3.277,,,,,5.0,,4
"IPA 0,0",Горьковская пивоварня,Non-Alcoholic Beer - Other,2020-07-06,3.62,30.0,,,,0.5,,3
Black Illusion,Konix Brewery,Stout - Milk / Sweet,2020-01-31,3.785,,,,,6.0,,4
Slavny Pivovar,Белый Кремль (Bely Kreml),Lager - Pale,2020-06-15,2.45,,,,,4.6,,2
Steininger Hefe Weissbier,Privatbrauerei Eichbaum,Wheat Beer - Hefeweizen,2015-09-04,3.032,,,,,5.2,,3
Moosehead Lager,Moosehead,Lager - American,2010-08-21,3.169,13.0,,,,5.0,,3
Ausweis,Gletcher,Wheat Beer - Hefeweizen,2019-02-12,3.367,15.0,Bobek,,,5.2,,3
Peach,Zabava Ciders,Cider - Other Fruit,2021-01-14,3.647,,,,,4.5,,3
La Trappe Bockbier,Bierbrouwerij De Koningshoeven,Bock - Single / Traditional,2011-03-18,3.524,38.0,,,,6.8,,4
Benediktiner Hell,Benediktiner Weißbräu,Lager - Helles,2015-06-27,3.387,16.0,,,,5.0,,4
Strawberry'llipse,On the Bones,Sour - Traditional Gose,2019-04-05,3.749,7.0,,,,4.5,11.0,4
Царские Припасы Традиционный,Фонтан / Кваспром,Kvass,2013-09-16,3.64,,,,,1.2,,3
Nutty Nut,Rewort Brewery,Porter - Other,2018-12-07,4.003,30.0,,,,6.9,19.8,4
ABV Not IBU: Amarillo,AF Brew,IPA - Imperial / Double,2014-11-22,3.9,114.0,,,,6.8,,4
Forbidden Union,Stamm Brewing,Sour - Fruited,2020-03-26,4.102,,,,"Passion fruit,Raspberry",6.8,,4
Oak Smoked Tomato Gose Italian Edition,Salden’s Brewery,Spiced / Herbed Beer,2020-02-27,3.917,,,,,5.5,,4
Доза [Orange Pulp + Mango + Pineapple],4BREWERS,Sour - Fruited,2020-10-26,4.244,,,,"Orange,Mango,Pineapple",6.0,,4
Hefeweizen,Bierstaat,Wheat Beer - Hefeweizen,2023-01-23,3.659,8.0,,,,5.3,,4
Доза [Mango + Passion Fruit],4BREWERS,Sour - Fruited,2019-10-05,4.251,,,,,6.0,,4
Fidel C.,Rewort Brewery,IPA - Imperial / Double,2018-03-30,3.842,60.0,,,,6.8,20.5,4
Velvet Brown Ale,Gubernija,Brown Ale - Other,2019-09-06,3.082,,,,,5.9,,4
Weihenstephaner 1516,Weihenstephan,Kellerbier / Zwickelbier,2016-03-02,3.662,25.0,,,,5.6,,4
Mary’s Breakfast,Konix Brewery,Sour - Traditional Gose,2019-09-19,3.442,,,,,5.0,,4
Хворобей,Таркос,Lager - IPL (India Pale Lager),2016-06-16,3.336,22.0,,,,4.8,,4
Bud Light Platinum,Anheuser-Busch,Malt Liquor,2011-11-09,2.388,12.0,,,,6.0,,2
Oak Smoked Tomato Gose,Salden’s Brewery,Spiced / Herbed Beer,2017-04-05,3.896,,,,,5.8,,4
Populism Vic Secret Edition,Jaws,IPA - New England / Hazy,2019-04-26,3.784,60.0,Vic Secret,,,6.0,,4
Paulaner Oktoberfest Bier,Paulaner Brauerei,Festbier,,3.547,,"Herkules,Hallertauer Tradition,Taurus","Pilsner,Munich",,6.0,,4
Kriek Extra,Belle-Vue,Lambic - Kriek,,3.365,,,,,4.1,,3
I Remember My First Check-In,AF Brew,Sour - Fruited,2020-10-17,3.654,,,,,5.0,,3
Schloss Fels Hefeweissbier Dunkel,Privatbrauerei Eichbaum,Wheat Beer - Dunkelweizen,2019-07-11,3.009,,,,,5.2,,3
Martens Gold,Brouwerij Martens,Lager - Pale,2011-09-04,2.714,,,,,4.6,,3
Extra Smooth Ale,John Smith's,Bitter - Session / Ordinary,2015-03-14,2.817,,,,,3.6,,3
Oktober,Dreamteam Brew,Märzen,2020-10-03,3.911,,,,,5.5,,4
Love Age,Bowl Cut Brewery,Sour - Traditional Gose,2020-08-04,3.996,,,,,4.5,,4
Port Pilsner,Dreamteam Brew,Pilsner - German,2019-08-12,3.788,25.0,,,,5.1,,4
Miller Lite,Miller Brewing Company,Lager - American Light,2010-08-21,2.549,10.0,,,,4.2,,2
Bud Light,Anheuser-Busch,Lager - American Light,,2.339,6.0,,,,4.2,,2
Point of No Return,"Rewort Brewery,Rock’n’Beer",Wheat Beer - Wheat Wine,2020-05-15,3.889,24.0,,,,6.8,34.0,4
Win ✌️,Rewort Brewery,Sour - Fruited Gose,2020-08-20,3.871,14.0,,,"Lime,Chili",4.0,,4
Zhiguli Barnoe Non-Alcoholic (Жигули Барное Безалкогольное),Московская пивоваренная компания,Non-Alcoholic Beer - Lager,2016-04-18,2.837,,,,,0.5,,3
Белый Кремль Безалкогольный (Belyj Kreml' Bezalkogol'ny),Белый Кремль (Bely Kreml),Non-Alcoholic Beer - Other,2018-11-04,2.603,,,,,0.5,,2
Квас Домашний,Домашние Рецепты / ООО Домашний,Kvass,2017-02-05,3.788,5.0,,,,1.2,,3
La Trappe Witte Trappist,Bierbrouwerij De Koningshoeven,Wheat Beer - Witbier / Blanche,,3.601,14.0,,,,5.5,,4
Hop Rider Wheat Pale Ale,Privatbrauerei Eichbaum,Wheat Beer - American Pale Wheat,2020-02-24,3.242,25.0,,,,5.6,,3
Tomato Motato,Таркос,Sour - Fruited Gose,2019-01-31,3.129,7.0,,,,4.0,,3
Forever Young,Brew Garage 78,Stout - Milk / Sweet,2020-07-06,3.561,25.0,,,,5.5,,4
Tripel Karmeliet,Brouwerij Bosteels,Belgian Tripel,,3.986,16.0,,,,6.8,,4
Milkshake APA,Волковская пивоварня,Pale Ale - Milkshake,2020-07-25,3.367,,,,,5.0,,3
Stout: Milk Chocolate With Mint,Волковская пивоварня,Stout - Milk / Sweet,2020-06-18,3.269,,,,,6.9,,3
Hop Rider Session IPA,Privatbrauerei Eichbaum,IPA - Session,2019-12-26,3.095,35.0,,,,4.9,,2
Singha,Boon Rawd,Lager - Pale,,3.058,20.0,,,,5.0,,3
Modelo Especial,Grupo Modelo,Lager - American,,3.14,18.0,,,,4.5,,3
Поцелуй Фрейи,Традиции предков,Mead - Other,2015-12-05,3.871,,,,,4.7,11.0,4
India Pale Ale,Alaryk,IPA - English,2016-12-17,3.398,65.0,,,,6.0,,4
Дыхание Одина,Традиции предков,Mead - Metheglin,2018-12-12,3.712,,,,,4.7,,3
Бессмертие Идунн,Традиции предков,Cider - Traditional / Apfelwein,2017-05-23,3.685,,,,,4.7,,4
Kilikia Original,Kilikia,Lager - Euro Pale,2018-12-07,2.907,,,,,4.8,,2
Царские Припасы Живой,Фонтан / Кваспром,Kvass,2019-06-08,3.614,,,,,1.2,,2
The Mix Of Taste / Strawberry & Lime,Konix Brewery,Sour - Fruited,2020-08-08,3.68,10.0,,,"Strawberry,Lime",6.5,,4
Nut Butter,Gletcher,Brown Ale - English,2018-07-13,3.778,,,,,5.5,,4
Вишня в дубе,Трёхсосенский,Fruit Beer,2019-08-07,3.056,,,,,5.0,,3
Кровь Ётуна,Традиции предков,Mead - Melomel,2018-11-16,3.786,5.0,,,,4.7,,4
DOS Chocolate Edition,Brewlok,Stout - Imperial / Double Oatmeal,2018-05-09,3.977,,,,,6.8,,4
La Trappe Dubbel,Bierbrouwerij De Koningshoeven,Belgian Dubbel,,3.627,22.0,,,,6.8,,4
No Speed Limit,Rewort Brewery,IPA - Imperial / Double New England / Hazy,2020-04-08,3.834,37.0,"Mosaic,HBC472",,,6.8,,4
Sour Swing,Jaws,Sour - Fruited,2020-01-19,3.789,10.0,Podvyazny,"Pilsner,Wheat",Cherry,4.5,11.0,4
Lager,13 Litar,Pilsner - Czech / Bohemian,2015-12-18,3.424,,,,,4.5,,3
Steam Brew Session IPA,Privatbrauerei Eichbaum,IPA - Session,2019-04-04,3.091,35.0,Vic Secret,,,4.9,,3
Рижское,Афанасий,Lager - Pale,2017-07-26,2.663,,,,,4.1,,2
Бельгийское Нефильтрованное,Пивоваренный дом Бавария,Lager - Pale,2020-11-27,3.01,,,,,5.4,,3
Blanche Biere,Балтика,Wheat Beer - Witbier / Blanche,2018-09-10,3.181,10.0,,,,4.8,,3
Puerchik,Rewort Brewery,Sour - Fruited,2020-04-27,4.052,15.0,,,Passion fruit,6.8,22.5,4
Острая зависимость,4BREWERS,Sour - Other Gose,2018-12-27,4.145,3.0,,,,6.9,,4
Tomato Dedication,GAS Brew,Sour - Fruited Gose,2020-06-26,3.976,,,,,4.5,,4
Dome Original,BarrelBeer (ex. Dome Brewery),Lager - Pale,2014-03-01,2.875,,,,,4.2,,3
Balta Pinta,Volfas Engelman,Wheat Beer - Hefeweizen,2014-04-16,3.389,,,,,5.0,12.0,3
Russian Imperial Stout #Tiramisu,Konix Brewery,Stout - Russian Imperial,2019-04-18,3.817,40.0,,,,6.8,,3
Bitterhead APA,Wooden Beard Brewery,Pale Ale - American,2015-12-24,3.426,40.0,,,,4.7,,4
Punk IPA,BrewDog,IPA - American,2010-08-21,3.709,45.0,,,,5.6,,4
Kvass Domashnyi (Квас Домашний),Лысковский,Kvass,2018-06-09,3.183,,,,,0.1,,3
Schloss Fels Lager,Privatbrauerei Eichbaum,Lager - Pale,2018-06-18,2.754,,,,,4.2,,3
Weiss Berg Безалкогольное,Бочкари,Non-Alcoholic Beer - Wheat Beer,2019-05-07,2.768,,,,,0.5,,3
Квас Старокиївський,Оболонь,Kvass,2014-07-31,2.98,,,,,0.5,,3
Ekaterina,"Jaws,Brouwerij Het Anker",Stout - Imperial / Double,2017-12-03,3.709,,,,,6.8,,4
All Together,AF Brew,IPA - New England / Hazy,2020-04-23,4.013,20.0,"Citra,Simcoe,Mosaic,Sabro",,,6.5,,4
NeIPAzza,Волковская пивоварня,IPA - American,2017-07-25,3.563,70.0,,,,6.8,,4
Jaws Lager,Jaws,Pilsner - Other,2013-12-12,3.693,25.0,"Ahtanum,Cascade","Pilsner,Crystal",,5.0,12.5,4
Dva Bobra Светлое,Таркос,Pilsner - Czech / Bohemian,2019-02-14,3.174,12.0,,,,4.8,,4
Tram 16,AF Brew,Wheat Beer - Hefeweizen,2020-04-03,3.666,10.0,,,,4.5,,4
Biscuit Stout,Salden’s Brewery,Stout - English,2018-12-26,3.599,,,,,6.8,,4
Weihenstephaner Pils,Weihenstephan,Pilsner - German,,3.567,32.0,,,,5.1,,4
La Pelona,Treintaycinco,IPA - American,2014-01-08,3.67,,,,,6.0,,4
Majadera,Treintaycinco,Pale Ale - American,2013-06-13,3.551,30.0,,,,5.0,,4
Лещ,Бочкари,Lager - Euro Pale,2020-01-20,2.727,,,,,4.5,,2
Cascade Pale Ale,Mova,Pale Ale - American,2023-09-03,3.654,30.0,,,,5.3,,4
Yuzberg Weiss (Юзберг Вайс),Suzdal Brewery,Wheat Beer - Hefeweizen,2018-03-21,3.441,14.0,,,,5.7,,3
Boxing Day,Green Street Brewery,Winter Ale,2017-12-04,3.595,30.0,,,,6.8,,4
Englishman in Peru,BrewT!,Barleywine - English,2020-02-27,3.726,15.0,,,,6.8,,5
Pearl Jet,Marston’s Brewery,Stout - Oyster,,3.46,,,,,4.1,,4
Let's Dance,Browar Pinta,IPA - American,2022-02-16,3.564,,,,,6.5,,4
Vyatsky Kvass (Вятский Квас),Вятич,Kvass,2014-12-18,3.325,,,,,1.2,,3
Pilsen,Becker Bier,Pilsner - Other,2022-04-03,,,,,,4.7,,4
Hollandia,Royal Swinkels Family Brewers,Lager - Pale,,2.858,,,,,5.0,,2
India Pale Ale,Alaryk,IPA - English,2016-12-17,3.398,65.0,,,,6.0,,4
Corona Extra,Grupo Modelo,Lager - American,,3.135,19.0,,,,4.5,,3
RIS -4,"Green Basement Brewery,LaBEERint Brewery",Stout - Russian Imperial,2019-12-10,3.755,65.0,,,,6.8,,4
Lacto Café: Mango & Passion Fruit,Ostrovica,Pale Ale - American,2018-05-17,3.799,25.0,"Amarillo,Nelson Sauvin,Galaxy",,"Mango,Passion fruit",5.5,,4
Schwarzbier,Einsiedler,Schwarzbier,2012-06-03,3.446,25.0,,,,5.0,,3
Puntigamer,Brauerei Puntigam,Lager - Helles,,3.104,,,,,5.1,11.5,3
Bohemian Premium Dark Lager,Old Prague,Lager - Dark,2019-05-10,3.095,,,,,4.4,,3
Goseline Pump: Gooseberry,AF Brew,Sour - Fruited Gose,2017-07-14,3.822,,,,Gooseberry,4.8,,4
Reeper B. Blondes Weissbier,Reepbana,Wheat Beer - Hefeweizen,2018-02-11,3.233,15.0,,,,5.4,12.8,4
Honey Porter,"Schwarz Kaiser Brewery,Rocket City Brewery",Porter - Other,2021-12-29,3.575,10.0,,,,6.5,,3
Boiling Point,"BrewT!,On the Bones",Cider - Ice,2019-10-08,3.866,,,,,6.8,,4
Goseline Pump: Sea Buckthorn,AF Brew,Sour - Traditional Gose,2016-06-30,3.94,,,,,4.8,,4
Nelson M.,Rewort Brewery,Porter - Other,2017-11-01,3.622,35.0,,,,6.2,16.0,4
Bohemian Pils,Горьковская пивоварня,Pilsner - Other,2019-08-20,3.055,30.0,,,,5.2,,4
Schloss Fels Hefeweissbier,Privatbrauerei Eichbaum,Wheat Beer - Hefeweizen,2015-12-15,3.092,,,,,5.2,,3
Löwenbräu Original,Spaten,Lager - Helles,2011-01-22,3.172,19.0,,,,5.2,,2
Terra,13 Litar,Lager - Vienna,2023-08-03,3.465,25.0,"Premiant,Sladek,Saaz","Vienna,Pilsner,Caramel",,5.0,12.0,4
ABV Not IBU: Citra,AF Brew,IPA - Imperial / Double,2020-05-21,3.547,114.0,Citra,,,6.8,,3
Mosaic IPA,AF Brew,IPA - American,2013-02-13,3.893,73.0,,,,6.7,,4
Gambrinus Originál 10,Plzeňský Prazdroj,Pilsner - Czech / Bohemian,,3.108,,,,,4.3,,3
Leffe Ruby,Abbaye de Leffe,Fruit Beer,2008-01-01,3.189,10.0,,,,5.0,,3
Baltika #7 Smooth / Балтика #7 Мягкое,Балтика,Lager - Pale,2020-02-23,2.616,7.0,,,,4.7,,3
Acai Mood,Rewort Brewery,Sour - Fruited,2019-06-13,3.917,11.0,,,"Acai,Blueberry",5.7,,4
Weizen,1516 Pub & Brewery,Wheat Beer - Hefeweizen,2013-07-18,3.537,,,,,4.9,,3
Köstritzer Schwarzbier,Köstritzer Schwarzbierbrauerei,Schwarzbier,2011-01-22,3.509,22.0,,,,4.8,,3
Spin on Melon,"Rewort Brewery,Carousel Brewery",IPA - Imperial / Double,2019-01-30,3.866,49.0,"Nelson Sauvin,Mosaic",,Melon,6.8,,4
Ritual Dance,Rewort Brewery,Stout - Other,2020-01-10,3.759,,,,,6.1,15.5,4
Danish Pilsner,Carlsberg Group,Pilsner - Other,2019-03-09,2.778,,,,,3.8,,3
Koronet Lager,Лідскае піва,Lager - Euro Pale,2013-01-24,2.93,19.0,,,,4.6,11.0,3
Kelvish Apple-Pear Cider,Cider House,Cider - Traditional / Apfelwein,2014-09-10,3.11,,,,,4.7,,3
Urbock,Feldschlößchen Dresden,Bock - Single / Traditional,,3.327,,,,,6.8,,3
Altenburger Premium,Altenburger Brauerei,Pilsner - German,2011-09-30,3.083,30.0,,,,4.9,,2
Līvu Pilzenes,Līvu Alus,Pilsner - Other,2011-01-04,2.495,,,,,4.4,,2
Līvu Senču,Līvu Alus,Lager - Pale,2012-08-23,2.648,,,,,5.2,,2
Wild River,Fuller’s,Pale Ale - American,2012-05-05,3.419,,,,,4.2,,4
Robert Burns Brown Ale,Belhaven Brewery,Brown Ale - English,2011-01-27,3.492,,,,,4.2,,3
Burg Premium German Lager,Darguner Brauerei,Lager - Euro Pale,,2.794,,,,,5.0,,2
Spaten München Dunkel,Spaten,Lager - Munich Dunkel,2011-01-05,3.468,19.0,,,,5.2,,4
Redrum IPA Special Edition,AF Brew,IPA - Imperial / Double,2014-12-19,3.945,180.0,,,,6.8,,4
Ekstra,Švyturys,Lager - Dortmunder / Export,1995-10-29,3.115,,,,,5.2,,2
Rapture,Бакунин,Stout - Milk / Sweet,2019-12-17,3.491,25.0,,,"Lactose,Chocolate,Cocoa",5.0,12.0,4
Rockets & Bishops,Бакунин,IPA - American,2015-06-12,3.815,60.0,"Columbus,Citra,Simcoe",,,6.0,15.0,4
Pilsner Urquell,Brassin Jacquais,Pilsner - Other,2021-08-29,,,,,,,,3
Alabama,Волковская пивоварня,Fruit Beer,2018-03-28,3.304,18.0,,,,6.5,,4
Steininger Schwarzbier,Frankenthaler Brauhaus,Schwarzbier,2014-10-21,2.866,,,,,4.9,,3
Cristal,Brouwerij Alken-Maes,Pilsner - Other,2011-01-25,3.05,28.0,,,,5.0,,3
Трифон Pils,Вятич,Pilsner - Czech / Bohemian,2019-12-22,2.923,28.0,,,,4.9,,3
American Pale Ale,13 Litar,Pale Ale - American,2016-08-17,3.891,35.0,,,,5.0,,4
Krombacher Hell / Premium Lager,Krombacher,Lager - Helles,2014-02-04,3.267,,,,,5.0,,3
Gubernija Royal Baltic Porter,Gubernija,Porter - Baltic,2019-09-05,2.774,,,,,6.4,,3
Konrad 12°,Konrad,Pilsner - Czech / Bohemian,,3.095,,,,,5.2,,2
Löwenbräu LöwenWeisse,Spaten,Wheat Beer - Hefeweizen,2011-03-19,3.366,,,,,5.2,,3
Kellerbier,Brauhaus Riegele,Kellerbier / Zwickelbier,2011-06-04,3.537,,,,,5.0,,3
Tauras Pilsneris,Kalnapilio-Tauro,Pilsner - Other,,2.857,,,,,4.6,,2
Multimicrodots,AF Brew,IPA - New England / Hazy,2019-06-17,3.779,20.0,,,,3.0,,4
"5,0 Original Craft Beer",Oettinger Brauerei,Lager - Euro Pale,2017-09-11,2.787,,,,,5.0,,3
Xtreme Kriek,Brouwerij Mort Subite,Lambic - Kriek,,3.56,,,,,4.3,,4
Weihenstephaner Original,Weihenstephan,Lager - Helles,,3.609,21.0,,,,5.1,,4
Litovel Premium,Litovel,Pilsner - Czech / Bohemian,,3.097,22.0,,,,5.0,,3
Czech Inn Lager,UAB 3B Solutions,Pilsner - Czech / Bohemian,2015-07-16,2.973,,,,,4.8,,3
Bohemijos Tamsusis,Volfas Engelman,Lager - Munich Dunkel,2015-06-03,3.291,,,,,4.2,,3
Road To Asa Bay,Plan B Brewery,IPA - Red,2017-10-20,3.803,70.0,"Simcoe,Citra,Cascade",,,6.8,18.0,4
Зависимость,4BREWERS,Sour - Fruited Gose,2018-10-27,4.101,,,,,5.0,,4
Bathory,Plan B Brewery,Red Ale - American Amber / Red,2015-04-20,3.799,50.0,"Simcoe,Citra",,,5.7,14.5,4
Fürst Chlodwig Pilsener,Fürstenberg,Pilsner - German,2017-08-13,2.952,,,,,4.8,,3
Ванильное нёбо,Los Pivnos Brewery,Pumpkin / Yam Beer,2019-10-23,2.903,15.0,,,,5.0,,4
Cuvée des Jacobins Rouge,Brouwerij Omer Vander Ghinste,Sour - Flanders Red Ale,,3.924,11.0,,,,5.5,,4
Citraizen,Jaws,Wheat Beer - Kristallweizen,2015-07-17,3.801,20.0,"Citra,Perle","Wheat,Pilsner,Crystal",,4.8,13.0,4
Lost Planet: Strawberry & Basil,Sabotage,Sour - Berliner Weisse,2019-05-26,4.122,10.0,,,"Strawberry,Basil",4.0,,4
Black Days,Victory Art Brew,Stout - Imperial / Double,2019-12-05,3.77,50.0,,,,6.8,,4
Murphy's Irish Stout 3.5%,Heineken,Stout - Irish Dry,2016-03-11,2.979,,,,,3.5,,3
WIPA,Volfas Engelman,IPA - White / Wheat,2019-02-21,3.452,40.0,,,,5.3,,3
Apostel Weissbier Hell,Privatbrauerei Eichbaum,Wheat Beer - Hefeweizen,2017-04-20,3.189,,,,,5.3,,3
Trifon IPA (Трифон IPA),Вятич,IPA - American,2016-01-14,2.685,50.0,,,,5.9,,2
Smithwick's,Guinness,Red Ale - Irish,2010-12-07,3.55,,,,,4.5,,3
Milk Shake Mango,Konix Brewery,IPA - Milkshake,2019-04-04,3.508,,,,Mango,6.5,,3
Чешское Барное,Česky Lev,Lager - Pale,2015-05-06,2.773,,,,,4.6,,3
Lucky Beer (Lucky Buddha),Cheerday Brewery (千岛湖),Lager - Pale,2011-05-18,2.984,12.0,,,,4.8,,3
Red Ale,Napa Valley Brewing Company,Red Ale - American Amber / Red,2011-04-30,3.479,,,,,5.4,,3
Premium,Feldschlösschen,Pilsner - German,2011-08-02,3.035,19.0,,,,5.0,,2
Affligem Blonde,Affligem Brouwerij,Belgian Blonde,,3.532,,,,,6.8,,4
Früh Kölsch,Cölner Hofbräu Früh,Kölsch,2010-08-21,3.319,19.0,,,,4.8,,4
Sapporo Premium Beer,Sapporo Breweries,Lager - Pale,2010-12-26,3.187,24.0,,,,4.7,,3
Mongozo Coconut,Mongozo,Fruit Beer,,3.101,,,,,3.6,,3
Dunkel,Augustiner-Bräu München,Lager - Munich Dunkel,2011-03-06,3.603,,,,,5.6,,4
Zähringer German Premium Hefeweizen,Frankenthaler Brauhaus,Wheat Beer - Hefeweizen,,3.114,,,,,5.0,,3
Blanche de Namur,Brasserie du Bocq,Wheat Beer - Witbier / Blanche,,3.403,10.0,,,,4.5,,4
Timmermans Gueuze Lambic,Timmermans,Lambic - Gueuze,2010-08-21,3.446,,,,,5.0,,4
Jupiler,Brasserie Jupiler,Lager - Pale,2010-08-21,3.246,25.0,,,,5.2,,3
Манго втроем,Горьковская пивоварня,Fruit Beer,2018-04-29,2.592,8.0,,,,5.0,,3
APA Vic Secret & Galaxy,Волковская пивоварня,Pale Ale - American,2016-08-27,3.469,27.0,,,,5.5,,4
Волчок,Волковская пивоварня,Lager - Euro Pale,2019-08-29,3.2,23.0,,,,4.1,,4
Gösser Märzen / Gösser Beer / Gösser Export,Brauerei Göss,Lager - Helles,2011-08-14,3.116,12.0,,,,5.2,,3
Симферопольское (Simferopolskoe),ПБК Крым,Lager - Pale,2014-08-06,2.683,,,,,5.0,,3
Eichbaum Pilsener,Privatbrauerei Eichbaum,Pilsner - German,2011-05-16,2.944,,,,,4.8,,3
Trifon Kriek (Трифон Крик),Вятич,Fruit Beer,2017-10-25,2.824,16.0,,,,4.5,,2
Tinkoff Avtorskoe Bavarskoe Svetloe (Тинькофф Авторское Баварское Светлое),Anadolu Efes,Lager - Helles,2013-07-14,2.878,,,,,5.2,,3
Weizen,1516 Pub & Brewery,Wheat Beer - Hefeweizen,2013-07-18,3.537,,,,,4.9,,3
Quince & Lemon Gose,Konix Brewery,Sour - Traditional Gose,2018-05-18,3.63,,,,,4.0,,4
American Pale Ale,13 Litar,Pale Ale - American,2016-08-17,3.891,35.0,,,,5.0,,4
IPA,13 Litar,IPA - American,2016-03-24,3.901,50.0,"Premiant,Simcoe,Kazbek,Jarrylo","Pale Ale,Pilsner,Munich,Caraaroma,Carared",,5.1,15.0,3
Pilsner,1516 Pub & Brewery,Pilsner - Other,2013-07-25,3.612,28.0,,,,4.8,,3
IPA,13 Litar,IPA - American,2016-03-24,3.901,50.0,"Premiant,Simcoe,Kazbek,Jarrylo","Pale Ale,Pilsner,Munich,Caraaroma,Carared",,5.1,15.0,4
Premium Lager,Alpaca Wellbeing,Lager - Pale,2021-05-19,3.277,,,,,5.0,,3
American Pale Ale,13 Litar,Pale Ale - American,2016-08-17,3.891,35.0,,,,5.0,,3
Hopster,Hops Farm Brewery,IPA - Other,2016-06-30,3.636,60.0,"Fuggle,Cascade,Enigma",,,5.2,,4
Without Original,St. Peter’s Brewery,Non-Alcoholic Beer - Other,2016-08-11,2.256,,,,,0.1,,3
APA El Dorado & Centennial,Волковская пивоварня,Pale Ale - American,2019-02-25,3.505,27.0,,,,5.5,,3
КОЛХОЗНЫЙ ЛАГЕР,Mookhomor Production,Lager - IPL (India Pale Lager),2016-11-03,3.19,45.0,,,,4.5,,3
Hoek Van Nieuw Holland,AF Brew,Wheat Beer - Witbier / Blanche,2017-08-18,3.604,18.0,,,,4.8,,4
Old Peculier,Theakston,Old / Stock Ale,2010-08-21,3.603,23.0,,,,5.6,,4
Blanche Grapefruit,Konix Brewery,Wheat Beer - Witbier / Blanche,2019-03-26,3.665,8.0,,,,4.3,,4
Ice Cream Porter Chocolate,Konix Brewery,Porter - Baltic,2018-12-19,3.66,20.0,,,,6.8,,4
Latte Di Lupo,Волковская пивоварня,Pale Ale - Milkshake,2018-08-25,3.385,40.0,,,,5.0,,4
St-Louis Premium Pêche,Brouwerij Van Honsebrouck,Lambic - Fruit,2010-11-09,3.447,,,,,2.6,,3
Kirsch Bier,Klosterbrauerei Neuzelle,Shandy / Radler,2011-03-12,3.197,,,,,4.8,,3
Lazy Bee Juniper,Konix Brewery,Mead - Melomel,2018-06-14,3.525,,,,,4.2,,4
Spezial-Export,Brauerei Zoller-Hof,Lager - Dortmunder / Export,2012-11-27,3.158,25.0,,,,5.0,,4
Grossmeister,Brand Direct BV,Lager - Euro Pale,2019-04-01,2.9,,,,,4.8,,3
Zubr Classic,Pivovar Zubr,Pilsner - Czech / Bohemian,2012-08-26,3.054,,,,,4.1,,4
Belgian White,Blue Moon Brewing Company,Wheat Beer - Witbier / Blanche,,3.5,9.0,,,,5.4,,4
Hell,ABK (Aktienbrauerei Kaufbeuren),Lager - Helles,2021-05-09,3.414,,,,,5.0,,3
Tsingtao Stout (Export 7.5%),Tsingtao Brewery,Stout - Foreign / Export,2010-11-13,3.25,,,,,6.8,,3
Pilsener,Arcobräu,Pilsner - German,,3.257,,,,,4.9,,4
Berliner Kindl Jubiläums Pilsener,Berliner-Kindl-Schultheiss-Brauerei,Pilsner - German,2011-02-12,3.113,27.0,,,,5.1,,3
Pilsener,Arcobräu,Pilsner - German,,3.257,,,,,4.9,,3
Кольское Баренц,Кольское пиво,Lager - Euro Pale,2018-06-02,2.581,,,,,4.7,,3
Keep Smiling,Mookhomor Production,Sour - Berliner Weisse,2019-04-30,3.632,5.0,,,,4.5,,4
Карельское Пшеничное,Северное Пиво,Wheat Beer - American Pale Wheat,2018-02-01,3.461,,,,,4.5,,4
Salt Pearl,Konix Brewery,Sour - Traditional Gose,2017-05-25,3.483,,,,,4.1,,4
Golden Balls,AF Brew,IPA - Imperial / Double New England / Hazy,2019-03-28,3.968,30.0,"Galaxy,Citra",,,6.8,,4
Мистер Лис Сочная Груша,Heineken,Cider - Perry / Poiré,2019-06-08,3.082,,,,,4.5,,3
Seth & Riley's Garage Hard Black Cherry Drink,Балтика,Shandy / Radler,2019-03-19,3.052,,,,,4.6,,2
Мистер Лис Яблочный,Heineken,Cider - Sweet,2018-04-15,3.098,,,,,4.5,,4
Фермерский Эль,Волковская пивоварня,Farmhouse Ale - Other,2023-01-25,3.492,,,,,6.5,,4
Stella Artois N.A.,Stella Artois,Non-Alcoholic Beer - Other,2012-04-25,2.747,,,,,0.5,,3
Liebenweiss Hefe Weissbier,Kaiser Bräu,Wheat Beer - Hefeweizen,2012-01-05,3.533,,,,,5.1,,3
Bornem Tripel,Brouwerij Van Steenberge,Belgian Tripel,2010-08-21,3.467,,,,,6.8,,3
Organic Best Bitter,St. Peter’s Brewery,Bitter - Session / Ordinary,2011-05-12,3.372,,,,,4.1,,3
IPA v.3,Волковская пивоварня,IPA - Session,2017-02-08,3.563,55.0,,,,5.9,,4
Amstel IPA,Heineken,IPA - Other,2018-05-20,2.997,27.0,,,,5.5,,3
Доппельбок,Ravencraft,Bock - Doppelbock,2015-08-25,3.479,17.0,,,,6.2,,4
Palm Spéciale,Brouwerij Palm,Pale Ale - Belgian,,3.357,18.0,,,,5.2,,4
Astérie Blanche,Brouwerij Roman,Wheat Beer - Witbier / Blanche,2012-03-30,3.546,,,,,4.9,,3
Rocket Jump,Selfmade Brewery,IPA - American,2017-11-20,3.851,49.0,"Citra,Lemondrop,Warrior,Cascade",,,6.3,,5
Hot Wax,Zagovor Brewery,IPA - Imperial / Double New England / Hazy,2019-01-07,4.113,40.0,"Citra,Galaxy",,,6.8,19.0,4
ДостоЭЛЬский,Anadolu Efes,Wheat Beer - American Pale Wheat,2018-08-10,3.134,30.0,,,,5.0,,4
100 Рентген,Волковская пивоварня,IPA - Imperial / Double,2017-06-29,3.549,100.0,,,,6.8,,4
Blanche de Bruxelles,Brasserie Lefebvre,Wheat Beer - Witbier / Blanche,2010-12-11,3.544,18.0,,,,4.5,,4
Tuborg Classic,Carlsberg Group,Lager - Vienna,,3.104,,,,,4.6,,3
Newcastle Brown Ale,John Smith's,Brown Ale - English,,3.39,18.0,,,,4.7,,3
Klášter Světlé výčepní,Pivovar Klášter,Pilsner - Czech / Bohemian,2014-01-20,3.208,,,,,4.0,,2
Crazy Moose,Konix Brewery,Pale Ale - American,2016-02-08,3.65,45.0,,,,5.5,,3
Blanche De Fleur,Gletcher,Wheat Beer - Witbier / Blanche,2014-02-01,3.253,12.0,,,,4.0,,3
American Pale Ale,13 Litar,Pale Ale - American,2016-08-17,3.891,35.0,,,,5.0,,4
Red River,Stamm Brewing,Pale Ale - American,2014-10-07,3.741,60.0,,,,5.5,,4
Kasteel Hoppy,Brouwerij Van Honsebrouck,IPA - Belgian,2013-03-27,3.309,45.0,,,,6.5,,4
Grisette Bio Blanche,Brasserie St-Feuillien,Farmhouse Ale - Grisette,2016-08-23,3.352,26.0,,,,5.5,,4
Cidre Royal Apple Cidre Demi-Sweet,Royal Fruit Garden,Cider - Sweet,2013-07-06,3.366,,,,,5.0,,3
Superstylin,Бакунин,Pale Ale - Other,2018-06-12,3.671,,,,,4.5,12.0,3
Heineken 0.0,Heineken,Non-Alcoholic Beer - Other,2017-03-03,2.446,,,,,,,2
Timmermans Strawberry Lambicus,Timmermans,Lambic - Fruit,2010-12-30,3.546,,,,,4.0,,3
Sanwald Weizen Dunkel,Dinkelacker-Schwaben Bräu,Wheat Beer - Dunkelweizen,2010-08-21,3.404,,,,,5.0,,3
Martens Pils,Brouwerij Martens,Pilsner - Other,,2.898,,,,,5.0,,2
Tree Hugging Wood Chopping Mother Nature Loving IPA,The Flying Dutchman,IPA - American,2015-10-23,3.574,70.0,"Centennial,Mosaic,Citra",,,6.0,,4
Bus 22,AF Brew,Pilsner - Czech / Bohemian,2018-04-26,3.695,30.0,,,,4.5,,4
Celebration Stout,Victory Art Brew,Stout - Oatmeal,2013-09-23,3.658,55.0,,,,5.5,15.0,4
Grotwerg Bayerisch Hell,Arcobräu,Lager - Helles,2013-12-11,3.2,,,,,4.9,,3
Steininger Premium Pils,Frankenthaler Brauhaus,Pilsner - Other,2014-06-27,2.815,,,,,4.8,,4
Paulaner Hefe-Weißbier Dunkel,Paulaner Brauerei,Wheat Beer - Dunkelweizen,,3.55,12.0,,,,5.3,,3
Belgian Dubbel,Salden’s Brewery,Belgian Dubbel,2014-05-05,3.359,,,,,6.8,,3
Warsteiner Herb / Double Hopped,Warsteiner,Pilsner - German,2013-03-02,3.106,,,,,4.8,,4
Hoegaarden Grapefruit,Anadolu Efes,Shandy / Radler,2018-10-10,3.177,,,,,4.6,,3
Brown Ale,Jaws,Brown Ale - English,2013-07-20,3.744,35.0,"Galena,Willamette,First Gold","Pale Ale,Munich,Crystal,Black",,6.2,,3
Efes Malt,Anadolu Efes,Pilsner - Other,2012-11-01,2.985,,,,,5.0,,3
Chester's Original Apple Sweet,Chester's,Cider - Sweet,2015-08-22,3.377,,,,,5.5,,3
Sviani (სვიანი),Zedazeni/Georgian Beverage Company,Pilsner - German,2016-04-09,2.848,,,,,4.5,,3
Chester's Original Wild Berries,Chester's,Cider - Other Fruit,2016-09-17,3.487,,,,,5.5,,3
Cidre Brut,Cidres Kerisac,Cider - Dry,2012-12-13,3.997,,,,,4.0,,4
American Pale Ale,13 Litar,Pale Ale - American,2016-08-17,3.891,35.0,,,,5.0,,4
Rodenbach Grand Cru,Brouwerij Rodenbach,Sour - Flanders Red Ale,2010-11-08,3.648,35.0,,,,6.0,,4
Weihenstephaner Hefeweissbier,Weihenstephan,Wheat Beer - Hefeweizen,,3.78,14.0,,,,5.4,,4
Gaišais,Aldaris,Lager - Euro Pale,2012-06-18,2.887,20.0,,,,5.0,,2
Tripel,Brouwerij St. Bernardus,Belgian Tripel,,3.754,30.0,,,,6.8,,3
Steenbrugge Blanche,De Gouden Boom,Wheat Beer - Witbier / Blanche,,3.364,,,,,5.0,,3
Ballantine,Московская пивоваренная компания,Stout - Other,2018-10-18,3.071,,,,,4.1,,3
Chocolate Stout,Brewerich,Stout - Imperial / Double Milk,2020-01-10,3.601,30.0,,,,6.8,,3
Belhaven Apple Cider,Belhaven Brewery,Cider - Traditional / Apfelwein,2016-04-22,3.534,,,,,5.0,,4
Kasteel Blond,Brouwerij Van Honsebrouck,Belgian Blonde,2012-01-27,3.519,,,,,6.8,,4
So Glitchy Lychee!,"AF Brew,AleBrowar",IPA - Milkshake,2018-07-27,3.807,,,,,6.8,,4
Quad Hopper,"AF Brew,Brouwerij Kees",IPA - Quadruple,2018-06-15,4.094,25.0,,,,6.8,,4
Decadence,Red Button Brewery,Stout - Imperial / Double,2024-04-19,4.072,,,,,6.8,,3
Ginger Beard,Wychwood Brewery,Hard Ginger Beer,2012-05-28,3.16,,,,,4.2,,4
Old Engine Oil,Harviestoun Brewery,Porter - Other,2010-08-21,3.733,40.0,,,,6.0,,4
Bacchus Kriekenbier,Brouwerij Van Honsebrouck,Fruit Beer,,3.688,,,,,5.8,,4
Pêche Mel Bush,Brasserie Dubuisson,Fruit Beer,2011-01-30,3.43,16.0,,,,6.8,,4
Stammgast Lager,Oettinger Brauerei,Lager - Helles,,3.102,35.0,,,,5.0,,3
Weiss,Bohemia,Wheat Beer - Hefeweizen,2020-07-01,3.482,,,,,5.2,,4
Holsten Pilsener,Holsten-Brauerei,Pilsner - German,,2.947,28.0,,,,4.8,11.0,3
Framboise Rose Gose,Anderson Valley,Sour - Fruited Gose,2017-08-28,3.739,12.0,,,Raspberry,4.2,,4
Double Decker Ale,New Riga’s Brewery,Bitter - Session / Ordinary,2015-06-09,3.493,25.0,,,,5.0,,4
Brigand,Brouwerij Van Honsebrouck,Belgian Strong Golden Ale,2010-08-21,3.505,,,,,6.8,,4
My Wheatberry Nights,AF Brew,Wheat Beer - American Pale Wheat,2015-05-21,3.757,24.0,"Citra,Amarillo,Huell Melon",,,6.0,,4
Redneck Ale,AF Brew,Pumpkin / Yam Beer,2012-11-03,3.68,30.0,,,,6.8,,4
Quadrupel,Browar Zamkowy Cieszyn,Belgian Quadrupel,2020-12-02,,35.0,,,,6.8,,3
Whisky Beer,St. Peter’s Brewery,Smoked Beer,,3.091,,,,,4.8,,4
Kilkenny,Guinness,Red Ale - Irish,,3.407,,,,,4.3,,4
Aura,Browar Cztery Ściany,Sour - Fruited,2022-10-01,3.806,,,,,4.6,,3
Goliath,Wychwood Brewery,Bitter - Session / Ordinary,2010-12-04,3.316,,"Fuggle,Golding","Pale Ale,Crystal",,4.2,,4
Dunkler Hirsch,Der Hirschbräu - Privatbrauerei Höss,Wheat Beer - Dunkelweizen,2010-12-29,3.383,12.0,,,,5.2,,3
Estrella Damm,Grupo Damm,Lager - Pale,,3.132,21.0,,,,5.4,,4
Schöfferhofer Grapefruit,Radeberger,Shandy / Radler,2011-01-06,3.584,,,,,2.5,,3
Maisel & Friends IPA,Brauerei Gebr. Maisel,IPA - American,2016-03-10,3.477,50.0,,,,6.3,,4
Berliner Pilsner,Berliner-Kindl-Schultheiss-Brauerei,Pilsner - German,,3.062,30.0,,,,5.0,,3
Gaffel Kölsch,Privatbrauerei Gaffel,Kölsch,,3.349,20.0,,,,4.8,,3
Mythos,Olympic Brewery,Lager - Pale,2010-08-21,3.076,17.0,,,,5.0,,3
Magners Original Irish Cider,Magners Irish Cider,Cider - Traditional / Apfelwein,2010-09-25,3.299,,,,,4.5,,3
Svijanský Máz,Svijany,Pilsner - Czech / Bohemian,2011-07-16,3.122,34.0,,,,4.8,,3
Soproni Klasszikus,Soproni Sörgyár (Heineken Hungária),Lager - Pale,2011-01-01,2.914,,,,,4.5,,3
Daura,Grupo Damm,Gluten-Free,2010-11-30,2.959,30.0,,,,5.4,,3
India Pale Ale,Alaryk,IPA - English,2016-12-17,3.398,65.0,,,,6.0,,4
Grunberger Premium Hefeweizen,Volfas Engelman,Wheat Beer - Hefeweizen,2018-07-23,3.115,,,,,5.0,,3
Pabst Blue Ribbon,Pabst Brewing Company,Lager - American,2010-08-21,2.846,10.0,,,,4.8,,3
Weiss Berg Вишня,Бочкари,Fruit Beer,2018-07-15,3.114,,,,,4.0,,3
Weiss Berg Малина,Бочкари,Fruit Beer,2018-07-12,3.094,,,,,4.0,,3
Hopf Helle Weiße,Weißbierbrauerei Hopf,Wheat Beer - Hefeweizen,,3.595,,,,,5.5,,4
Miller Genuine Draft,Miller Brewing Company,Lager - American,,2.59,12.0,,,,4.6,,4
Goseline Pump: Apricot,AF Brew,Sour - Traditional Gose,2018-06-19,3.874,,,,,4.8,12.0,4
Maisel's Weisse Dunkel,Brauerei Gebr. Maisel,Wheat Beer - Dunkelweizen,2011-07-04,3.514,12.0,,,,5.0,,3
Varka Psheno,New Riga’s Brewery,Wheat Beer - Hefeweizen,2014-06-06,3.295,,,,,5.5,,3
Black Wych,Wychwood Brewery,Porter - English,2010-08-21,3.449,,,,,5.0,,3
Gravity,13 Litar,IPA - American,2019-06-19,3.735,50.0,"Amarillo,Mosaic,Ekuanot",,,6.5,15.4,3
Transformator,Browar Nepomucen,IPA - New England / Hazy,2022-11-10,3.817,,,,,6.3,,4
Singing Birds,Konix Brewery,Stout - Oatmeal,2016-04-12,3.5,30.0,,,,5.0,,3
Val-Dieu Blonde,Brasserie de l’Abbaye du Val-Dieu,Belgian Blonde,2011-04-01,3.453,18.0,,,,6.0,,4
Холодный Хмель,Томское пиво,Lager - IPL (India Pale Lager),2017-03-30,3.113,40.0,,,,4.9,,3
Spot IPA,Jaws,IPA - Session,2017-04-19,3.676,20.0,,,,4.2,11.0,3
Krombacher Pils,Krombacher,Pilsner - German,,3.253,24.0,,,,4.8,,3
Viva la wita!,Browar Pinta,Wheat Beer - Witbier / Blanche,2012-07-21,3.468,35.0,,,,5.7,16.0,4
Blond,Bohemia,Belgian Blonde,2020-07-01,,,,,,6.5,,3
Commerzienrat Riegele Privat,Brauhaus Riegele,Lager - Helles,2011-03-30,3.412,,,,,5.2,,3
Feines Urhell,Brauhaus Riegele,Lager - Helles,,3.493,,,,,4.7,12.6,4
Alte Weisse,Brauhaus Riegele,Wheat Beer - Dunkelweizen,2011-10-26,3.505,,,,,5.0,,4
Hentai,AF Brew,IPA - American,2014-05-13,3.72,50.0,Sorachi Ace,,,5.9,,4
White Ghost Berliner Weisse,Stone Brewing Berlin,Sour - Berliner Weisse,2016-09-13,,12.0,,,,4.7,,4
Goseline Pump: Blueberry,AF Brew,Sour - Traditional Gose,2016-06-08,3.786,,,,,4.8,,4
Tundra,Põhjala,Non-Alcoholic Beer - Other,2020-05-26,3.052,20.0,,,,0.5,,4
Fraoch Heather Ale,Williams Brothers,Historical Beer - Gruit / Ancient Herbed Ale,2010-08-21,3.482,12.0,,,,5.0,,3
Ritterburg,Volfas Engelman,Lager - Helles,2017-08-08,2.811,,,,,5.0,,4
Oettinger Hefeweißbier Naturtrüb / Weissbier,Oettinger Brauerei,Wheat Beer - Hefeweizen,2011-03-26,3.245,11.0,,,,4.9,,3
Флоренс,Plan B Brewery,Porter - Other,2017-09-08,3.828,33.0,,,,6.8,20.0,4
Into the Unknown,Горьковская пивоварня,Stout - Imperial / Double,2019-04-27,3.261,35.0,,,,6.8,,4
Mon Cher Cassis,Konix Brewery,Fruit Beer,2017-04-17,3.68,10.0,,,,4.9,,3
Blanche Ma Cherie,Konix Brewery,Wheat Beer - Witbier / Blanche,2016-02-19,3.511,8.0,,,,4.5,,4
Ковбой Мальборо,Plan B Brewery,IPA - American,2014-05-08,3.93,50.0,,,,6.5,,4
Oodles of Labradoodles,AF Brew,IPA - New England / Hazy,2017-10-31,3.931,,"Ella,Galaxy",,,6.7,,4
Weizen,1516 Pub & Brewery,Wheat Beer - Hefeweizen,2013-07-18,3.537,,,,,4.9,,4
Hofbräu Original,Hofbräuhaus München,Lager - Helles,,3.546,24.0,,,,5.2,,3
Sourrealism Sorachi+Mosaic,AF Brew,Sour - Other,2016-01-20,3.987,10.0,,,,5.7,,4
Salty Kiss,"Magic Rock Brewing,Kissmeyer Beer & Brewing",Sour - Fruited Gose,2013-03-07,3.391,10.0,,,,4.1,,3
Bohemian Pilsener,Brewlok,Pilsner - Other,2022-05-13,3.54,,,,,5.1,,3
Weltenburger Kloster Anno 1050,Klosterbrauerei Weltenburg,Märzen,2011-01-21,3.51,24.0,,,,5.5,,4
Hefeweizen,Bierstaat,Wheat Beer - Hefeweizen,2023-01-23,3.659,8.0,,,,5.3,,4
Hip Hop Milk,AF Brew,Pale Ale - American,2016-07-27,3.967,20.0,Citra,,"Lactose,Vanilla",5.5,,3
Maisel & Friends India Ale,Brauerei Gebr. Maisel,IPA - Other,2015-09-23,3.517,35.0,,,,6.3,,4
Raspberry Is My Sanctuary,AF Brew,Sour - Berliner Weisse,2017-04-13,3.846,,,,,5.3,,4
Eat the Dust! DDH Citra,AF Brew,IPA - New England / Hazy,2017-07-06,4.007,40.0,Citra,,,6.8,,4
Kentucky Breakfast Stout (KBS) (2018),Founders,Stout - Imperial / Double Coffee,2018-02-22,,70.0,,,,6.8,,4
DAB Dark Beer,Dortmunder Actien-Brauerei,Lager - Dark,2013-11-13,3.315,,,,,4.9,,3
Harp Premium Lager,Guinness,Lager - Euro Pale,,3.319,21.0,,,,4.5,,4
Cream Stout,Mad Brew,Stout - Milk / Sweet,2021-09-03,3.758,30.0,,,,6.8,,4
Blonde,Hops Brewery,Lager - Pale,2018-06-14,3.402,17.0,Saaz,"Pilsner,Caramel",,5.0,12.0,3
Scottish Ale,Belhaven Brewery,Scottish Ale,,3.579,28.0,,,,5.2,,3
Joker IPA,Williams Brothers,IPA - English,2010-12-06,3.492,30.0,,,,5.0,,3
Irish Ale (Ирландский Эль),Bulgarpivo (Булгарпиво),Red Ale - Irish,2016-12-12,,,,,,6.0,,3
Stella Artois,Stella Artois,Lager - Euro Pale,,3.274,24.0,,,,5.0,,4
Похищение человеков инопланетянами,4BREWERS,IPA - White / Wheat,2016-10-23,3.882,67.0,"Citra,Chinook",,,6.8,,4
Kriek,Belle-Vue,Lambic - Kriek,,3.204,10.0,,,,5.1,,2
Black Jesus White Pepper,4BREWERS,Porter - American,2016-10-27,3.747,69.0,,,,6.8,,4
Jaws APA,Jaws,Pale Ale - American,2013-10-18,3.87,43.0,"Cascade,Chinook,Mosaic","Pale Ale,Melanoidin",,5.6,13.0,4
Бэрримор,Plan B Brewery,Stout - Oatmeal,2015-03-21,3.739,,,,,6.5,,4
Светлячок,Волковская пивоварня,Pilsner - Other,2017-04-19,3.503,35.0,"Cascade,Pekko",,,5.0,,4
Mr Trotter's Chestnut Ale,Lancaster Brewery,Bitter - Session / Ordinary,2012-12-17,3.357,,,,,4.0,,4
Schwarzer Abt,Klosterbrauerei Neuzelle,Schwarzbier,2010-08-21,3.047,17.0,,,,3.9,,3
BraufactuM Progusta,Radeberger,IPA - Other,2013-02-21,3.61,50.0,"Hallertauer Mittelfruh,Citra,Magnum","Pilsner,Vienna,Caramel",,6.8,,4
ESB,Fuller’s,Bitter - Extra Special / Strong (ESB),,3.552,40.0,,,,5.9,,4
Soledad,Red Button Brewery,IPA - White / Wheat,2016-12-12,3.442,45.0,Nelson Sauvin,,"Clitoria,Lychee",5.0,,4
Good Times,Williams Brothers,Pale Ale - English,2010-11-22,3.525,17.0,,,,5.0,,4
Mönchshof Schwarzbier,Kulmbacher Brauerei,Schwarzbier,2010-08-21,3.428,,,,,4.9,,3
Mönchshof Original,Kulmbacher Brauerei,Pilsner - German,2010-08-21,3.232,25.0,,,,4.9,,3
Kasteel Rouge,Brouwerij Van Honsebrouck,Fruit Beer,,3.583,8.0,,,,6.9,,4
Hobgoblin Gold,Wychwood Brewery,Blonde / Golden Ale - Other,2014-06-20,3.443,,,,,4.2,,3
Zähringer German Premium Lager,Frankenthaler Brauhaus,Lager - Helles,2012-08-14,2.668,,,,,4.0,,3
Pilsner,1516 Pub & Brewery,Pilsner - Other,2013-07-25,3.612,28.0,,,,4.8,,3
Scottish Stout,Belhaven Brewery,Stout - Other,2015-06-04,3.642,50.0,,,,6.8,,3
Krušovice Černé,Heineken,Lager - Dark,,3.147,19.0,,,,3.8,,3
Maisel's Weisse Original,Brauerei Gebr. Maisel,Wheat Beer - Hefeweizen,,3.599,12.0,Hallertau,,,5.2,,4
Bernstein-Weizen,Störtebeker Braumanufaktur,Wheat Beer - Hefeweizen,2011-02-11,3.43,19.0,,,,5.3,,3
Taezhny Buryy (Таежный Бурый),Anadolu Efes,Stout - Milk / Sweet,2015-11-30,3.142,19.0,,,,5.5,,3
Aldersbacher Kloster Dunkel,Brauerei Aldersbach,Lager - Munich Dunkel,2014-04-28,3.357,18.0,,,,5.3,,3
Strongbow,Bulmers Cider,Cider - Dry,,3.372,,,,,5.0,,3
Spitfire Amber Kentish Ale,Shepherd Neame,Bitter - Session / Ordinary,,3.252,,,,,4.5,,4
Timmermans Faro Lambicus,Timmermans,Lambic - Faro,,3.446,,,,,4.0,,4
Erdinger Dunkel,Erdinger Weissbräu,Wheat Beer - Dunkelweizen,,3.571,14.0,,,,5.3,12.8,4
Kellerbier,Brauhaus Riegele,Kellerbier / Zwickelbier,2011-06-04,3.537,,,,,5.0,,3
Hefeweizen / Pale Wheat,Feldschlößchen Dresden,Wheat Beer - Hefeweizen,2014-07-08,3.177,,,,,5.0,,3
Spitfire Lager,Shepherd Neame,Lager - Pale,2016-06-05,3.138,,,,,4.0,,3
White Moon,13 Litar,IPA - White / Wheat,2019-12-04,3.851,40.0,"Centennial,Amarillo,Cascade","Pale Ale,Wheat",,6.0,15.0,4
Ingria Pale Ale,AF Brew,IPA - American,2012-08-29,3.823,75.0,Simcoe,,,5.8,,4
Oatmeal Stout,13 Litar,Stout - Oatmeal,2016-10-26,3.645,30.0,"Warrior,Sladek,Kazbek,Fuggle","Pilsner,Munich,Caraaroma,Chocolate,Oats",,5.8,,4
Black,Brains,Stout - Other,2011-05-21,3.432,,,,,4.1,,4
Coffee Stout,Староместный пивовар,Stout - Other,2016-04-21,4.141,12.0,,,Coffee,6.0,13.7,4
Pub Ale,Boddington's Brewery,Bitter - Session / Ordinary,2010-08-21,3.383,,,,,4.6,,4
King Goblin,Wychwood Brewery,Strong Ale - English,2010-12-18,3.555,,,,,6.6,,3
Rouge de Bruxelles,Brasserie Lefebvre,Fruit Beer,2014-07-05,3.882,,,,,6.8,,4
Bavaria,Royal Swinkels Family Brewers,Pilsner - Other,2010-12-22,2.862,18.0,,,,5.0,,4
IPA,13 Litar,IPA - American,2016-03-24,3.901,50.0,"Premiant,Simcoe,Kazbek,Jarrylo","Pale Ale,Pilsner,Munich,Caraaroma,Carared",,5.1,15.0,3
Jack Hammer,BrewDog,IPA - American,2012-07-06,3.77,250.0,,,,6.8,,4
Twisted Grapefruit IPA,Belhaven Brewery,IPA - American,2016-08-18,3.373,55.0,"Chinook,Mandarina Bavaria",,,5.3,9.5,4
Kriek Lambic,Brouwerij De Troch,Lambic - Kriek,2015-05-23,3.671,,,,,3.5,,4
Hobgoblin Legendary Ruby Beer,Wychwood Brewery,Brown Ale - English,,3.399,32.0,,,,5.2,,4
Carlsberg,Carlsberg Group,Lager - Euro Pale,,3.017,8.0,,,,5.0,,2
1664 Blanc,Аліварыя,Wheat Beer - Witbier / Blanche,2024-08-18,,,,,,4.5,,4
Grimbergen Blonde,Brouwerij Alken-Maes,Belgian Blonde,,3.491,22.0,,,,6.7,,4
London Pride,Fuller’s,Bitter - Session / Ordinary,,3.408,,"Target,Northdown,Challenger",Pale Ale,,4.7,,3
Dark,Primátor,Lager - Dark,,3.266,21.0,,,,4.5,,3
Valmiermuiža Gaišais Alus (Amber Lager),SIA Valmiermuižas Alus,Lager - Amber,2011-06-10,3.286,25.0,,,,5.2,,3
APA,BARBARUS Brewery,Pale Ale - American,2020-02-24,3.709,40.0,,,,5.1,,3
Imperial Red,Wychwood Brewery,Red Ale - Other,2013-10-23,3.414,,,,,4.3,,3
Heineken,Heineken,Lager - Euro Pale,,2.954,19.0,,,,5.0,,3
Tour De Hobo,AF Brew,IPA - Session,2017-08-29,3.817,25.0,,,,4.0,,0
Faxe Premium,Royal Unibrew,Lager - Pale,2011-07-30,2.979,,,,,5.0,,3
Rinktinis,Volfas Engelman,Lager - Euro Pale,,3.102,,,,,5.2,,3
Trappistes Rochefort 6,Trappistes Rochefort,Belgian Dubbel,,3.712,35.0,,,,6.8,,4
Dunkel Berg,Бочкари,Lager - Munich Dunkel,2015-07-19,2.949,,,,,4.3,,3
IPA v.2,Волковская пивоварня,IPA - Session,2016-01-21,3.344,55.0,,,,5.9,,4
Barista Chocolate Quad,Brouwerij Van Honsebrouck,Belgian Quadrupel,2015-05-09,3.765,,,,,6.8,,4
Red Fox,13 Litar,IPA - Red,2019-02-07,3.863,45.0,"Columbus,Chinook,El Dorado","Pale Ale,Pilsner,Munich,Carared,Special W,Melanoidin",,6.0,15.5,4
Scottish Oat Stout,Belhaven Brewery,Stout - Oatmeal,,3.697,32.0,,,,6.8,,4
Oatmeal Stout,13 Litar,Stout - Oatmeal,2016-10-26,3.645,30.0,"Warrior,Sladek,Kazbek,Fuggle","Pilsner,Munich,Caraaroma,Chocolate,Oats",,5.8,,4
Grolsch Premium Lager,Koninklijke Grolsch,Pilsner - Other,,3.259,,"Saaz,Hallertau",,,5.0,,4
Guinness Draught,Guinness,Stout - Irish Dry,,3.765,45.0,,,,4.2,,3
Bowler Brilliant Ale,Gletcher,Pale Ale - English,2014-07-09,3.34,29.0,,,,5.1,,3
APA Azacca & Pekko,Волковская пивоварня,Pale Ale - American,2016-11-07,3.314,27.0,"Azacca,Pekko",,,5.5,,4
Iron Woods,Gletcher,Stout - Irish Dry,2015-02-04,3.208,35.0,,,,4.8,,4
Oyster Stout,Marston’s Brewery,Stout - Oyster,2016-11-03,3.51,30.0,,,,4.5,,4
Bayreuther Hell,Bayreuther Bierbrauerei,Lager - Helles,2012-01-03,3.517,17.0,,,,4.9,,4
