name,brewery,style,release_date,rating,ibu,hops,malts,additives,alcohol,og,personal_rating
Long Road,Jungle Brewery,Porter - Imperial / Double Baltic,2024-12-23,4.342,30.0,,,,6.8,,4
Конь бельгийский,Hops Brewery,Belgian Blonde,2024-12-05,3.793,14.0,,,,6.8,,4
Liebenbier Hell,Липецкпиво,Lager - Helles,2024-02-11,2.84,,,,,4.7,,3
Blanche Biere,Балтика,Wheat Beer - Witbier / Blanche,2018-09-10,3.181,10.0,,,,4.8,,3
Cats & Dogs,Black Cat Brewery,Stout - Imperial / Double Pastry,2022-06-24,4.084,15.0,,,,6.8,,4
Big Red Avenger,Black Cat Brewery,IPA - Triple,2023-10-20,3.828,50.0,,,,6.8,,4
Behind Space,Chibis Brewery,IPA - Imperial / Double New England / Hazy,2022-03-01,3.75,,,,,6.8,,3
YZHIK KRWA,Magic Mess,Sour - Fruited,2024-06-18,4.113,,,,,5.5,,4
Fiordland Sky,Bierstaat,Pilsner - New Zealand,2024-12-02,3.885,27.0,,,,5.2,,4
Friedenfelser Steinwald Zoigl,Schlossbrauerei Friedenfels,Historical Beer - Zoigl,2014-05-31,3.426,,,,,4.8,,3
Soulful Rhythm,Bierstaat,Brown Ale - American,2024-12-23,,20.0,,,,6.0,,4
Моцны Арэшак (Die Hard),Пан Качын,Mead - Melomel,2024-12-09,4.123,,,,,6.8,,4
Sky Stalker,Jungle Brewery,IPA - Imperial / Double,2024-12-16,4.357,100.0,,,,6.8,,4
Remorseless Winter,Midnight Project,IPA - Cold,2024-12-13,4.047,50.0,"Mosaic,Simcoe",,,6.9,,4
Baltic Spirit,Bierbank,Porter - Baltic,2024-12-25,4.29,25.0,,,,6.8,,4
Здурнелі зусім і дадалі ў пшанічку Сабра,Midnight Project,Wheat Beer - Hopfenweisse,2024-12-20,4.032,24.0,,,,6.9,,4
Tom Yum,Ground Breaker Brewing,Gluten-Free,2015-02-08,3.514,60.0,,,,6.0,,4
Tomato Method Black Pepper And Citrus,Selfmade Brewery,Sour - Tomato / Vegetable Gose,2024-11-15,,10.0,,,,5.6,,4
Pinesleeper,Stamm Brewing,IPA - American,2024-11-29,4.007,,,,,6.5,,4
Golden Cobra,Selfmade Brewery,IPA - New England / Hazy,2024-11-26,4.031,45.0,,,,6.0,,4
Акварель Cashmere/Citra.,Panzer Brewery,IPA - American,2024-10-31,3.995,60.0,,,,6.9,,4
Spirit Reaver,Midnight Project,IPA - Imperial / Double,2024-09-01,,70.0,,,,6.8,,4
Spicy Cocoa Stout,Sozhski Beer,Stout - Milk / Sweet,2024-11-27,4.005,15.0,,,,6.9,,4
Dark Hall,Bierbank,Stout - American,2024-12-12,4.125,40.0,,,,6.8,,4
Rauchbier,Gletcher,Rauchbier,2021-05-17,3.536,30.0,,,,5.1,,4
Wasteland,Bierstaat,IPA - Imperial / Double,2024-11-25,3.629,50.0,,,,6.9,,4
Ručaj: Dvanaccatka,Malanka,Pilsner - Czech / Bohemian,2024-12-13,4.196,40.0,Saaz,"Pilsner,Caramel",,4.8,,4
Harvest Festival,Bierstaat,Wheat Beer - Hefeweizen,2024-11-11,3.729,,,,,5.3,,3
Thunderclap,Bierstaat,Stout - Milk / Sweet,2024-11-11,4.017,,,,,6.2,,4
Blackcurrant Crush,Bierstaat,Fruit Beer,2024-11-04,3.9,,,,,5.5,,4
Resonance,Valaduta,IPA - Brut,2021-10-06,4.117,25.0,Nelson Sauvin,,,6.9,,4
Bavarian Smoked Bier,Privatbrauerei Kaiserdom,Rauchbier,2024-08-12,3.797,,,,,5.3,,4
Курортное,Česky Lev,Lager - Pale,2024-09-08,,,,,,4.5,,3
Löwenbräu Dunkel,Spaten,Lager - Munich Dunkel,2011-08-07,3.4,,,,,5.2,,3
Urban Signal #23,GAS Brew,IPA - American,2024-08-31,4.083,40.0,,,,6.2,,4
Ипатка из рода Тупиков,Chibis Brewery,IPA - American,2024-11-12,,,,,,6.8,,4
Anthocyan. Tkemali Version,Delta Ksi,Sour - Tomato / Vegetable Gose,2024-10-31,3.677,10.0,,,,6.0,18.0,4
Neon Pulse,Bierstaat,IPA - Imperial / Double,2024-10-14,4.016,50.0,,,,6.6,,4
Batyushka,Plan B Brewery,Stout - Russian Imperial,2022-02-08,4.063,30.0,,,,6.8,,4
Boost: Citra & Nelson Sauvin,Jungle Brewery,Pale Ale - New England / Hazy,2024-11-11,4.396,30.0,,,,5.9,,4
Балтийский портер,Августин,Porter - Baltic,2017-12-25,3.886,25.0,,,,6.8,22.0,4
Charnica (Чарніца),Пан Качын,Mead - Melomel,2024-11-11,4.043,,,,,6.0,,4
Rager: HBC-682,Valaduta,IPA - Imperial / Double,2024-11-15,4.339,70.0,,,,6.8,,4
VOID,Main Rule,Stout - Other,2024-11-07,4.114,,,,,6.8,,4
Age of Panic,Main Rule,IPA - New England / Hazy,2024-11-07,4.098,35.0,,,,6.8,,4
Альтернативная анатомия,4BREWERS,IPA - Imperial / Double,2024-11-12,3.808,,,,,6.8,,4
Captain Dingo,Time Bomb Brewery,IPA - American,2024-09-11,3.904,40.0,,,,6.0,,4
Stain,Main Rule,IPA - American,2024-11-07,3.985,50.0,,,,6.8,,4
Monastère Double,United Dutch Breweries,Belgian Dubbel,2018-06-30,3.338,,,,,6.4,,4
The Irish Teacher Dublin Cherry,Двинский бровар,Mead - Other,2024-07-16,3.301,,,,,4.5,,3
Crystal Flash,Jungle Brewery,IPA - Imperial / Double,2024-10-28,4.496,100.0,"Chinook,Warrior,Strata,Mosaic",,,6.8,20.0,4
One Hundred Rings Ahead,Coma Brewery,Sour - Smoothie / Pastry,2024-08-06,4.226,,,,,6.0,,4
Flauros,Midnight Project,Stout - Imperial / Double Milk,2024-10-31,4.305,35.0,,,,6.8,,4
PEPPERONI: Extra Hot Edition,Bierbank,Sour - Tomato / Vegetable Gose,2024-11-01,4.041,11.0,,,,4.8,,4
Vintage Vibe,Bierstaat,Belgian Blonde,2024-11-04,4.01,,,,,6.3,,4
White Rabbit,Browar Stu Mostów,IPA - Imperial / Double New England / Hazy,2022-09-21,3.85,,,,,6.8,,4
Калядны Цуд Чарніца-Чабор,Аліварыя,Lager - Winter,2024-10-18,2.715,2.0,,,,4.7,,3
Buddy Kraft Blanche,Липецкпиво,Wheat Beer - Other,2022-06-11,2.338,,,,,4.4,,3
Selfmade Bitter,Selfmade Brewery,Bitter - Best,2024-06-25,3.937,25.0,,,,4.5,,4
Banshee,"Boxing Wizard Brewery,Punchiller",Porter - Imperial / Double,2023-11-01,4.189,,,,,6.8,,4
Imža: Fiejchoa,Malanka,Sour - Fruited Berliner Weisse,2024-10-30,4.238,5.0,,,,4.3,,4
Tomato Kiss,Rock-n-Rolla’s,Sour - Other Gose,2021-12-23,3.938,20.0,,,,4.5,,3
Джетлаг,Chibis Brewery,IPA - New England / Hazy,2024-08-01,3.975,,,,,6.7,,4
Trifon IPA (Трифон IPA),Вятич,IPA - American,2016-01-14,2.685,50.0,,,,5.9,,3
Святой Домкрат (Vintage 2022. Special Blend),Toksovo Cidrerie / Токсовская Сидрерия,Cider - Traditional / Apfelwein,2023-08-04,,,,,,4.8,,4
Sourbusters 2,"Panzer Brewery,Mitra",Sour - Fruited,2024-07-23,4.067,2.0,,,,6.0,,4
Ветер Перемен,White Stone Brewery,IPA - New England / Hazy,2024-08-22,3.955,30.0,,,,6.0,,4
Fedya Mangal Club,Paradox,Spiced / Herbed Beer,2023-07-03,4.133,10.0,,,,3.5,,4
Chainsword,Midnight Project,IPA - Imperial / Double,2024-09-27,4.077,60.0,,,,6.8,,4
Smuha: El Dorado,Malanka,IPA - Imperial / Double New England / Hazy,2020-01-15,4.242,18.0,El Dorado,"Pilsner,Flaked Oats,Flaked Wheat,Flaked Rye",,6.8,18.0,4
Noč: Tmavý Ležák,Malanka,Lager - Tmavé (Czech Dark),2024-10-01,4.133,30.0,Saaz,"Pilsner,Munich,Caramunich,Chocolate",,4.8,13.0,4
Tomatoni: Shashlik,Jungle Brewery,Sour - Tomato / Vegetable Gose,2024-05-17,4.248,10.0,,,,5.0,,4
Good Doctor,Bierstaat,Stout - Oatmeal,2024-10-14,3.571,20.0,,,,6.7,,4
Жэўжык,Вір,Mead - Melomel,2024-10-03,3.953,,,,Cranberry,6.0,15.0,4
Стаут,Chester Brewery,Stout - Milk / Sweet,2020-11-24,3.244,23.0,,,,5.5,,4
IPA,13 Litar,IPA - American,2016-03-24,3.901,50.0,"Premiant,Simcoe,Kazbek,Jarrylo","Pale Ale,Pilsner,Munich,Caraaroma,Carared",,5.1,15.0,0
Aecht Schlenkerla Weichsel – Rotbier,Schlenkerla,Rauchbier,2023-06-20,3.822,,,,,4.6,,4
Yuzberg Weiss (Юзберг Вайс),Suzdal Brewery,Wheat Beer - Hefeweizen,2018-03-21,3.441,14.0,,,,5.7,,4
Denninghoff's Weizen,Denninghoff's,Wheat Beer - Hefeweizen,2015-09-06,3.07,,,,,5.3,,4
Planet Alpha,Bierbank,IPA - Triple,2024-09-23,4.166,70.0,"Simcoe,Mosaic",,,6.8,,4
Rainy Days,Midnight Project,IPA - Imperial / Double New England / Hazy,2023-10-20,4.184,30.0,"Ahhhroma,Idaho 7,Mosaic",,,6.8,,4
VIENNA LAGER,Kvadrat,Lager - Vienna,2024-07-11,,,,,,4.8,,4
YELLOW SPACE HEDGEHOGS,Big Village Brewery,IPA - Imperial / Double New England / Hazy,2024-09-09,4.134,40.0,,,,6.8,,4
SNAKE GAME,Big Village Brewery,IPA - New England / Hazy,2024-09-16,4.01,35.0,,,,6.8,,4
Cloudmaster,Selfmade Brewery,Pale Ale - Milkshake,2024-09-18,3.917,35.0,,,,5.2,,3
ICE BATTLE,Big Village Brewery,IPA - Cold,2024-09-03,3.908,50.0,,,,6.0,,3
Избыточность [HBC 1019],"4BREWERS,Mager Brewery",Pale Ale - Belgian,2024-09-17,3.77,,,,,6.5,,4
Свидание,4BREWERS,Stout - American,2024-09-17,3.709,,,,,5.5,,3
Баланс Белого,Милл Фауз,Wheat Beer - Other,2022-09-12,2.643,,,,,4.0,,4
Basic Element: Oatmeal Stout,Paradox,Stout - Oatmeal,2020-01-20,3.662,20.0,,,,6.7,,4
Iconic West Coast IPA,Paradox,IPA - American,2022-06-21,3.845,60.0,"Citra,Columbus,Vic Secret,Mosaic",,,6.5,,3
Blk Mag,Selfmade Brewery,IPA - New England / Hazy,2024-09-09,4.019,50.0,,,,6.0,,4
Tomorrow Land,Paradox,Pale Ale - New England / Hazy,2021-04-12,3.775,30.0,,,,5.0,,3
Backstage,13 Litar,IPA - American,2022-09-14,3.695,50.0,"Columbus,Galaxy","Pale Ale,Pilsner",,6.5,15.5,4
Red River,Stamm Brewing,Pale Ale - American,2014-10-07,3.741,60.0,,,,5.5,,4
High Kick,Green Street Brewery,IPA - Triple,2017-05-01,3.73,110.0,,,,6.8,,4
Chakra,Jungle Brewery,Sour - Fruited,2024-08-23,4.325,,,,"Raspberry,Lactose",5.0,,4
Evil Jungle,Jungle Brewery,IPA - Triple,2024-09-02,4.319,100.0,"Citra,Amarillo",,,6.8,24.5,4
Full Immersion,Atmosphere Brewery,Stout - Other,2022-11-10,3.839,16.0,,,,6.8,,4
Hazylla,Bottle Share,IPA - Imperial / Double New England / Hazy,2018-12-30,3.746,,,,,6.8,,4
HOKI,Hops Brewery,Pilsner - New Zealand,2024-09-09,3.771,24.0,Nelson Sauvin,,,5.1,,4
Wheatdows,Hops Brewery,Wheat Beer - Hefeweizen,2024-07-01,3.685,5.0,,,,5.0,,4
Мистер Лис Яблочный,Heineken,Cider - Sweet,2018-04-15,3.098,,,,,4.5,,3
Station HBC-630,Bierbank,IPA - Session,2024-08-27,3.95,30.0,HBC630,,,5.0,,4
Sleeping Dog,Bierstaat,Porter - Other,2024-08-26,3.859,,,,,6.9,,3
Rager: Elani,Valaduta,IPA - Imperial / Double,2024-08-29,4.124,70.0,Elani,,,6.8,,4
Kombucha Berries,Brew Balance,Sour - Fruited,2023-03-26,3.885,5.0,,,,4.5,,4
Duality: Citra & Rakau,Bierstaat,IPA - Imperial / Double,2024-08-05,3.735,55.0,,,,6.9,,4
Fata Morgana,Bierstaat,IPA - American,2024-07-15,3.663,40.0,"Pacifica,Rakau",,,6.5,,4
Framework.gose(),Zavod,Sour - Traditional Gose,2024-05-07,3.942,10.0,,,,4.5,,4
Blanche A'la Citronnelle,"Panzer Brewery,Bierstaat",Wheat Beer - Witbier / Blanche,2024-05-21,3.879,10.0,,,,5.0,,4
Hasselt,Magistral Brewery,Wheat Beer - Witbier / Blanche,2023-12-10,3.084,,,,,4.9,,4
Tomatoni: Dill Aioli,Jungle Brewery,Sour - Tomato / Vegetable Gose,2024-08-26,4.053,10.0,,,"Dill,Garlic,Mustard,Onion,Parsley,Tomato",5.0,13.0,4
Tap Tap Tap… Hamster In Untappd,Midnight Project,Pale Ale - American,2024-07-19,3.9,40.0,"Hallertau Blanc,HBC 638",,,5.3,,4
Толстолобик,Sergacore Brewery,Sour - Smoothie / Pastry,2024-08-11,4.528,10.0,,,,5.0,,4
Егор в Руле (Egor in Rule),Zagovor Brewery,Stout - Russian Imperial,2024-08-09,4.145,,,,,6.8,,4
Quadruple Toe Loop,Midnight Project,IPA - Quadruple,2024-08-23,4.03,120.0,"Galaxy,Azacca,Wai-iti,Citra",,,6.8,,4
Hop Headshot: Motueka,Midnight Project,IPA - Triple,2024-08-23,4.037,111.0,,,,6.8,,4
Watchman,Stamm Brewing,IPA - Triple New England / Hazy,2024-08-12,4.206,,,,,6.8,,4
Blooper,Multtown Brew,IPA - American,2024-08-09,3.768,40.0,,,,6.5,,4
Prometheus,13 Litar,Porter - Imperial / Double,2022-09-21,,30.0,"Perle,Cascade","Pilsner,Vienna,Crystal,Roasted Barley",,6.8,19.8,4
Ostrovica Lezak 10 Years,Ostrovica,Pilsner - Czech / Bohemian,2024-07-13,3.722,,,,,4.0,,3
Kimchi Tomato Gose Version 2.0,Bad Balance Brew,Sour - Tomato / Vegetable Gose,2024-02-12,4.058,,,,,6.5,,4
Tinkerbell Effect 13,Delta Ksi,Porter - Baltic,2024-08-08,4.104,20.0,,,,6.9,20.0,4
Summer Time,Carousel Brewery,IPA - Session,2024-07-18,4.01,15.0,"Amarillo,Citra",,,5.0,,4
Yellow Dragon,Midnight Project,IPA - Triple New England / Hazy,2022-11-04,4.176,25.0,,,,6.8,,5
Sweet Dreams: Blackberry,Bierstaat,Mead - Other,2024-07-22,3.912,,,,Blackberry,5.0,,4
Special Bitter,Konix Brewery,Bitter - Best,2024-01-31,3.571,25.0,,,,4.7,,4
Днепро Стронг Черри (Dnepro Strong Cherry),Бабруйскі бровар,Fruit Beer,2024-07-03,3.08,,,,,6.4,,0
Lambic Kriek,Трёхсосенский,Fruit Beer,2022-04-12,2.913,,,,,5.0,,3
Stout,1516 Pub & Brewery,Stout - Other,2013-07-18,3.721,30.0,,,,5.6,,4
Рататоск Мудрая,Традиции предков,Mead - Metheglin,2023-02-06,3.966,,,,,6.0,,4
Leikeim Kellerbier,Brauhaus Leikeim,Kellerbier / Zwickelbier,2011-12-15,3.219,,,,,4.9,,4
Hoppy Diver,In Peccatum,IPA - American,2017-10-23,3.686,70.0,"Cascade,Citra",,,6.6,,4
Şalgam Spicy,Zavod,Sour - Other Gose,2024-06-24,4.107,,,,,4.5,,5
BRACKISH,Coven Brewery,Sour - Tomato / Vegetable Gose,2024-05-07,4.101,,,,,6.0,,4
Hop Headshot: Nelson Sauvin,Midnight Project,IPA - Triple,2024-07-26,4.199,111.0,Nelson Sauvin,,,6.8,,4
Simple,Пан Качын,Mead - Braggot,2024-03-05,3.85,,,,,6.0,,4
Pulse. Cherry Black Currant,Hops Brewery,Sour - Fruited,2024-07-29,4.225,,,,"Cherry Juice,Black Currant,Lactose",6.0,,4
Citra Station,Bierbank,IPA - Session,2024-07-23,3.889,30.0,Citra,,,5.0,,4
Kultura,Selfmade Brewery,Stout - Imperial / Double,2024-04-27,4.051,28.0,,,,6.9,,4
Жарко 2,Chibis Brewery,IPA - New England / Hazy,2024-06-24,4.025,,,,,6.7,,4
Cranberry And Hops Mead,Степь и ветер,Mead - Melomel,2022-09-20,4.167,,,,,6.0,,4
Deep Sea,Bierstaat,IPA - Imperial / Double,2024-07-08,3.743,55.0,"Amarillo,Sabro",,,6.9,,4
Спикиз,Magic Mess,Sour - Other Gose,2024-05-17,3.939,,,,,5.5,,4
Tomato Gose,Brew Balance,Sour - Tomato / Vegetable Gose,2023-04-25,3.569,3.0,Willamette,,,4.5,13.0,4
Rossy,Beaver,Red Ale - Other,2022-11-11,3.34,25.0,,,,5.8,,3
Danielsen & Krohn Lager,Pivkombinat Balakovsky (Пивкомбинат Балаковский),Lager - Amber / Red,2016-09-18,2.729,,,,,4.2,,4
Портер ореховый,Волковская пивоварня,Porter - Other,2024-05-28,3.246,,,,,5.8,,3
Banana Semi-sweet,Appleton Ciders,Cider - Other Fruit,2021-08-27,3.615,,,,,5.5,,3
Ultraviolence,"Time Bomb Brewery,White Stone Brewery",IPA - Triple New England / Hazy,2024-05-23,4.115,,,,,6.8,,4
Мешаешь: Писко Сауэр,Alaska Brewery,Sour - Fruited,2024-04-24,3.804,,,,,6.0,,4
Изумруд,Panzer Brewery,Mead - Melomel,2022-10-29,3.873,,,,,6.0,,4
Субтропики,Chibis Brewery,Sour - Fruited,2024-05-30,4.11,,,,,6.9,,4
Tomato Gose Light Chili,Brew Balance,Sour - Tomato / Vegetable Gose,2023-03-26,3.383,3.0,,,,4.5,,4
Сrop Сircles Lager,NONSense Brewery,Lager - Other,2023-03-13,3.719,30.0,,,,4.7,,4
Cidre Demi-Sec St. Vionnet,Soyuz-Vino (Союз-Вино),Cider - Traditional / Apfelwein,2023-03-13,3.201,,,,,5.5,,4
Banana Bubble,Magic Mess,Sour - Fruited Berliner Weisse,2022-05-17,4.018,,,,,3.0,,4
Секрет пивовара Светлое,Очаково,Lager - Helles,2021-05-08,2.559,,,,,4.7,,3
Vir: Višnia,Malanka,Wild Ale - Other,2024-04-16,4.317,,Saaz,"Pilsner,Wheat,Flaked Wheat",Cherry,6.9,13.0,4
Prorva,Malanka,Historical Beer - Other,2024-05-15,4.188,30.0,East Kent Golding,"Pilsner,Caramel",,6.8,14.0,4
Space Explorers,Carousel Brewery,IPA - Triple,2024-06-28,3.965,60.0,"El Dorado,Medusa",,,6.8,,4
Бэрримор,Plan B Brewery,Stout - Oatmeal,2015-03-21,3.739,,,,,6.5,,4
Brutiful,Valaduta,IPA - Brut,2024-06-18,4.244,30.0,Hallertau Blanc,,,6.5,,4
Fogin’ Frog,Midnight Project,IPA - Imperial / Double New England / Hazy,2023-02-17,4.126,25.0,"Talus,Mosaic",,,6.8,,4
Megahertz,Rock-n-Rolla’s,Shandy / Radler,2024-06-17,3.471,,,,Cornel,4.0,,4
Три Избы,Роян,Lager - Pale,2023-01-21,2.693,,,,,4.0,,4
Frankfurter Raspberry Radler,Frankfurter Brauhaus,Shandy / Radler,2022-02-02,3.35,,,,,2.5,,4
Bière Blanche,Brasserie Champigneulles,Wheat Beer - Witbier / Blanche,2018-08-26,3.141,,,,,4.9,,4
Frankfurter Pilsener,Frankfurter Brauhaus,Pilsner - German,2011-02-18,2.933,,,,,4.9,,3
Xenomorph Breakfast,Bierstaat,Stout - Other,2024-06-17,3.862,30.0,,,Chocolate,6.9,,4
РУБИН,Бакунин,Fruit Beer,2022-08-10,3.596,7.0,,,,6.9,,4
Cold Daze,Jungle Brewery,IPA - Cold,2024-06-10,4.242,50.0,"Warrior,Vista,Citra",,,5.6,,4
Bliskavica: Eclipse,Malanka,IPA - New England / Hazy,2024-06-05,4.424,40.0,Eclipse,"Pilsner,Wheat,Flaked Wheat,Flaked Oats",,6.8,17.0,4
Say Lore To the Black Cat,"Black Cat Brewery,Mitra",Sour - Fruited,2024-06-03,3.96,,,,,4.5,,4
Raven,Bierstaat,Porter - Baltic,2024-06-24,3.751,25.0,,,,6.9,,4
Endless Summer,Bierstaat,IPA - American,2024-06-03,3.825,40.0,"Strata,Pacifica",,,6.5,,4
Живое светлое,Pivkombinat Balakovsky (Пивкомбинат Балаковский),Lager - Pale,2017-08-16,2.577,,,,,4.0,,4
Цацки,Magic Mess,Sour - Berliner Weisse,2024-04-04,4.087,,,,,4.0,,4
Летний вайб : малина,Atmosphere Brewery,Sour - Fruited Berliner Weisse,2023-07-03,3.892,,,,,5.5,,4
Кислый движ,Atmosphere Brewery,Sour - Fruited,2021-11-11,3.835,,,,"Melon,Pineapple,Banana,Peach",6.5,,4
Night Thirsty Milkshake IPA With Raspberry,Black Cat Brewery,IPA - Milkshake,2023-10-25,3.842,5.0,,,,6.6,,4
Double Decker Ale,New Riga’s Brewery,Bitter - Session / Ordinary,2015-06-09,3.493,25.0,,,,5.0,,4
The Path,Jungle Brewery,IPA - Imperial / Double,2024-05-27,4.387,90.0,"Warrior,Citra,Mosaic",,,6.8,19.8,4
The Great Outdoors,Bierstaat,IPA - New England / Hazy,2024-06-03,3.721,30.0,"Zappa,Strata",,,6.7,,4
Dunwall,Bierstaat,IPA - Session,2024-06-17,3.871,35.0,Moutere,,,5.5,,4
Varka Blanche,New Riga’s Brewery,Wheat Beer - Witbier / Blanche,2021-04-27,3.272,12.0,,,,4.0,,4
Varka Psheno,New Riga’s Brewery,Wheat Beer - Hefeweizen,2014-06-06,3.295,,,,,5.5,,4
Мешаешь: Негрони,Alaska Brewery,Sour - Other,2023-11-23,3.57,,,,,6.0,,4
Juicy Squeeze,Jungle Brewery,IPA - New Zealand,2024-04-29,4.328,50.0,"Moutere,Motueka,Nectaron",,,6.8,17.3,4
Shiva,Bierstaat,Stout - Milk / Sweet,2024-05-06,4.086,,,,,6.2,,4
Гозе Томат Асызбал,Trigger,Sour - Other Gose,2023-09-04,,8.0,,,,4.0,,4
Friedenfelser Hefe-Weizen,Schlossbrauerei Friedenfels,Wheat Beer - Hefeweizen,2014-02-04,3.641,8.0,,,,5.2,,4
Münchner,Bierstaat,Lager - Helles,2024-01-08,3.712,15.0,,,,4.5,,4
Helldiver,Midnight Project,IPA - Imperial / Double,2024-05-18,3.818,80.0,"McKenzie,Citra",,,6.8,,4
Atomic Dream,Valaduta,Bock - Doppelbock,2024-05-21,4.307,25.0,,,,6.8,,4
Abšar: Vic Secret,Malanka,IPA - White / Wheat,2024-05-27,4.302,40.0,Vic Secret,"Pilsner,Wheat,Flaked Wheat",,6.8,18.0,4
Saĺsa: Verde,Malanka,Sour - Tomato / Vegetable Gose,2024-05-29,4.365,,,"Pilsner,Wheat","Tomato,Jalapeno,Coriander,Garlic,Chili,Lime,Allspice,Caraway,Black Pepper,Red Pepper,Ginger",4.0,12.0,4
Tomato Soul,Brewmen,Sour - Traditional Gose,2020-11-03,3.792,5.0,,,"Tomato,Red Currant",4.5,,4
Pilsner Cascade,HAS Brew,Pilsner - Other,2024-05-26,3.452,20.0,,,,5.2,,4
Seth & Riley's Garage Crafty Zero Drink Grapefruit,Аліварыя,Non-Alcoholic Beer - Shandy / Radler,2024-05-05,3.354,,,,,,,3
For All the Cats,Black Cat Brewery,Sour - Fruited,2023-08-23,4.16,,,,,5.5,,4
Sleeping Volcano,Jungle Brewery,IPA - Imperial / Double Black,2024-03-07,4.289,90.0,"Warrior,Chinook,Cashmere,Citra",,,6.8,19.3,4
GROWTH,Main Rule,IPA - Imperial / Double New England / Hazy,2023-10-05,3.841,40.0,,,,6.8,,4
Morning Bastard,Selfmade Brewery,Stout - Coffee,2024-04-05,4.025,34.0,,,,6.4,,4
Lost Reality,Bierstaat,Pilsner - Other,2024-05-06,3.819,,"Saaz,Perle",,,5.0,,4
Samco-1 (Самко-1),Самко,Lager - Pale,2012-10-26,2.655,,,,,5.0,,3
Alice,Panzer Brewery,Fruit Beer,2023-05-22,3.429,20.0,,,,4.5,,4
Cidre Royal Pear,Royal Fruit Garden,Cider - Sweet,2023-04-25,,,,,,5.0,,4
Фермерский Эль Манго,Волковская пивоварня,Farmhouse Ale - Other,2023-07-22,3.427,,,,,4.8,,4
Decontrol: Chocolate Wafer Bar,Zagovor Brewery,Porter - Imperial / Double,2024-04-12,4.043,,,,,6.8,,4
Remember Who You Are,"Rewort Brewery,Punchiller",IPA - Triple,2024-03-29,4.105,85.0,,,,6.8,,4
First Charge,Jungle Brewery,IPA - Imperial / Double,2024-04-22,4.366,90.0,"Chinook,Warrior,Citra,Centennial",,,6.8,17.5,4
Single Hop Player: Moutere,Midnight Project,IPA - New Zealand,2024-04-25,4.02,50.0,Moutere,,,6.8,,4
Tomatoni: Gyros,Jungle Brewery,Sour - Tomato / Vegetable Gose,2024-04-22,4.192,10.0,,,,5.0,13.0,4
U.F.O,Bierstaat,Pilsner - Other,2024-01-29,3.813,25.0,,,,5.4,,4
Gold Mine Beer,Anadolu Efes,Lager - Pale,,2.142,,,,,4.5,,2
J.Hardy Melon & Cheesecake,Бабруйскі бровар,Fruit Beer,2024-03-30,2.439,,,,,5.0,,3
СТЕПНОЙ торт,"Boozy Kitchen,Степь и ветер",Mead - Other,2023-11-13,4.006,,,,,6.0,,5
Ирландский стаут,Alaska Brewery,Stout - Irish Dry,2023-12-15,3.63,,,,,6.0,,4
Folded Hands,Zagovor Brewery,IPA - Imperial / Double New England / Hazy,2022-04-08,4.113,35.0,,,,6.8,,4
Конец квартиры №50,Brewlok,IPA - Other,2024-04-12,3.737,,,,,6.2,,4
Rose Mead,"Степь и ветер,Drink Craft",Mead - Melomel,2024-01-21,4.025,,,,,6.8,,4
TOMATOCALYPSE,"Panzer Brewery,Ganza Brewery",Sour - Other Gose,2024-04-22,3.902,12.0,,,,4.6,,4
Michael J.,Rewort Brewery,IPA - American,2022-10-03,3.889,39.0,,,,6.9,,4
Сергей Б.,Rewort Brewery,Porter - Baltic,2023-12-08,3.908,30.0,,,,6.8,,4
Watermelon Cider,Appleton Ciders,Cider - Other Fruit,2018-03-22,3.772,,,,,5.5,,4
Батончик (Арахис),White Stone Brewery,Stout - Imperial / Double Milk,2024-03-11,4.046,11.0,,,,6.8,,4
Wave Amarillo & Talus,Bierstaat,IPA - American,2024-03-25,3.768,40.0,"Amarillo,Talus",,,6.4,,4
Pils,Alpirsbacher Klosterbräu,Pilsner - German,2010-08-21,3.33,28.0,,,,4.9,,4
Wendigo,Selfmade Brewery,IPA - New England / Hazy,2024-02-27,4.041,46.0,,,,6.0,,4
Венское (Venskoe),Pivkombinat Balakovsky (Пивкомбинат Балаковский),Lager - Vienna,2017-08-26,2.64,,,,,4.0,,3
Nemetskoe (Немецкое),Pivkombinat Balakovsky (Пивкомбинат Балаковский),Lager - Pale,2022-06-25,3.025,,,,,4.4,,3
Zhigulevskoe (Жигулевское),Pivkombinat Balakovsky (Пивкомбинат Балаковский),Lager - Pale,2015-02-11,2.596,,,,,4.0,,3
Шампанское Асти,Хмельной фермер,Fruit Beer,2023-12-27,,,,,,4.9,,3
Cider Time: Яблочный с мятой,Cider Time,Cider - Other Fruit,2024-03-20,,,,,,5.5,,4
Love On the Peach,Selfmade Brewery,Sour - Fruited,2024-02-12,4.032,10.0,,,,6.9,,4
Blackstage,13 Litar,IPA - Black / Cascadian Dark Ale,2023-12-12,3.729,45.0,"Columbus,Centennial,Idaho 7","Pilsner,Vienna,Caramel,Roasted Barley",,6.8,16.0,2
Velociraptor,Bierstaat,IPA - Imperial / Double,2024-01-29,4.033,40.0,"Simcoe,Triumph",,,6.9,,4
Printemps De Provance,Пан Качын,Mead - Metheglin,2024-03-28,4.064,,,,,6.9,,4
New Dreams,Carousel Brewery,IPA - New England / Hazy,2024-03-29,4.071,30.0,"Azacca,Ahhhroma",,,6.5,,4
Vietraź: Hrejpfrut I Kardamon,Malanka,Wheat Beer - Witbier / Blanche,2024-03-27,4.004,15.0,Magnum,"Pilsner,Flaked Wheat,Wheat","Grapefruit,Cardamom",4.6,13.5,4
Садко,Brewlok,Lager - Helles,2022-07-29,3.638,,,,,5.2,,4
Peach Cider,Appleton Ciders,Cider - Other Fruit,2018-05-30,3.822,,,,,4.7,,4
Joy of Lollipopping: Pineapple ∙ Guava ∙ Lime,AF Brew,Sour - Fruited,2023-06-29,3.984,,,,,4.0,,4
Narcissism,Punchiller,IPA - Imperial / Double,2024-02-01,4.371,75.0,"Columbus,Galaxy,Amarillo",,,6.8,,4
Hekate,Bierstaat,Porter - American,2024-02-05,4.055,25.0,Cashmere,,,6.9,,4
Fata Morgana,Bierstaat,IPA - American,2024-07-15,3.663,40.0,"Pacifica,Rakau",,,6.5,,4
Stammgast Hefeweizen,Oettinger Brauerei,Wheat Beer - Hefeweizen,2012-09-23,3.326,,,,,5.0,,3
Munich Helles (Мюнхенский хеллес),Пенная мануфактура,Lager - Helles,2023-11-17,3.212,,,,,5.2,,3
Irish Ale,Boulevard Brewing Co.,Red Ale - Irish,2010-12-20,3.577,30.0,,,,5.8,,3
Hercules,Midnight Project,Stout - Imperial / Double Oatmeal,2024-02-23,3.942,40.0,,,,6.8,,4
Lichamanka: Talus,Malanka,IPA - Imperial / Double,2024-02-26,4.354,80.0,Talus,,,6.8,,4
Anna Pavlova In Japan,"Black Cat Brewery,Paradox",Sour - Fruited,2021-01-26,4.201,,,,,6.0,,4
Hardline,13 Litar,Bock - Weizenbock,2024-02-28,4.128,18.0,Premiant,"Pilsner,Wheat",,6.8,18.5,4
Bristle,Bierbank,Pilsner - Czech / Bohemian,2024-02-21,3.913,27.0,,,,5.2,,4
Ouroboros,4IT 6r3w3ry,Sour - Fruited Gose,2020-11-19,4.098,30.0,,,"Pineapple,Apricot,Lactose",4.5,,4
Old Times,"Jungle Brewery,Malanka",Stout - Imperial / Double,2024-01-15,4.186,40.0,,,,6.8,26.8,4
Rager: Vista,Valaduta,IPA - Imperial / Double,2024-01-04,4.266,70.0,Vista,,,6.8,,4
Your Freak Lordship,Stamm Brewing,Lager - Other,2023-07-25,3.977,,,,,4.7,,4
Golden Cut,Stamm Brewing,IPA - Imperial / Double New England / Hazy,2024-02-16,4.098,,,,,6.8,,4
If There's No Tomorrow,Bierbank,IPA - Imperial / Double New England / Hazy,2024-02-26,4.115,50.0,"Galaxy,Citra",,,6.8,,4
Your Quadruple Sour Right Hops Juice,Midnight Project,Sour - Fruited,2024-02-09,4.101,15.0,,,Feijoa,6.8,,4
Basic Principles,Jungle Brewery,IPA - Imperial / Double,2024-01-29,4.265,90.0,"Warrior,Sabro,Citra,Cascade",,,6.8,18.2,4
Neolith,Midnight Project,Wheat Beer - Wheat Wine,2024-02-02,3.98,30.0,,,Maple Syrup,6.8,,4
Бок Есть,Plan B Brewery,Bock - Doppelbock,2024-02-09,3.868,25.0,,,,6.8,,4
Pils After Work,Chibis Brewery,Pilsner - Other,2019-08-09,3.592,,,,,5.7,,4
Кухни мира: Владивосток,Alaska Brewery,Sour - Tomato / Vegetable Gose,2024-02-14,2.967,,,,,6.5,,3
Seth & Riley's Garage Hardcore Grape,Аліварыя,Shandy / Radler,2024-02-24,3.081,,,,,6.0,,4
Grimbergen Ambrée,Brouwerij Alken-Maes,Red Ale - Other,2016-08-13,3.338,22.0,,,,6.5,,4
Blackout,13 Litar,Stout - American,2017-01-20,3.974,40.0,"Magnum,Sladek,Kazbek,Pekko,El Dorado","Pilsner,Munich,Caramel,Caraaroma,Roasted Barley,Chocolate,Black",,5.5,15.0,4
Strange Light Phenomena,Rewort Brewery,IPA - New England / Hazy,2023-10-03,3.964,25.0,,,,6.8,,4
Lama No Drama,Bierstaat,IPA - American,2024-02-05,3.799,40.0,,,,6.6,,3
Огородишь: Хреновина,Alaska Brewery,Sour - Other Gose,2023-12-15,3.734,,,,,6.5,,3
Labyrinth,Bierstaat,Stout - Imperial / Double,2024-01-29,4.276,25.0,,,,6.8,,4
Слёзы KNLRa,Boozy Kitchen,Sour - Smoothie / Pastry,2023-06-05,4.104,,,,,6.8,,4
Afterparty,Bierstaat,Winter Ale,2024-01-22,3.425,13.0,,,"Raspberry,Cherry",4.3,,4
Black Void Whisper,Bierstaat,Porter - Other,2024-01-15,4.097,20.0,,,,6.9,,4
Hop Mirage,Bierstaat,IPA - Imperial / Double,2024-01-03,3.909,45.0,"Idaho 7,Talus",,,6.9,,4
Urban Jungle,Bierstaat,IPA - American,2024-01-08,3.864,40.0,"Citra,Simcoe,Sabro",,,6.6,,4
Копченая томатная дичь,"Atmosphere Brewery,Беру Выходной",Sour - Tomato / Vegetable Gose,2023-09-25,3.749,,,,,6.5,,4
Ticket To Köln,Zavod,Kölsch,2023-05-18,3.745,18.0,,,,4.3,,4
Winter Tangerine Ale,Bierstaat,Winter Ale,2024-01-15,3.753,14.0,,,,6.0,,3
Apricot Mead,Степь и ветер,Mead - Melomel,2022-09-20,3.972,,,,,6.8,,4
Балласт,Bierbank,Strong Ale - Other,2023-12-27,4.01,20.0,,,,6.8,,4
Slapshot,Rewort Brewery,IPA - Cold,2023-10-25,3.929,60.0,,,,6.8,,4
Nitro Oyster,Alaska Brewery,Stout - Irish Dry,2023-10-26,3.627,,,,,6.0,,4
Kurpfalzbräu Kellerbier,Welde Braumanufaktur,Kellerbier / Zwickelbier,2018-05-07,3.398,,,,,4.8,,3
The Method of Cognition,"Coma Brewery,Method Bottleshop",Sour - Smoothie / Pastry,2023-10-30,3.996,,,,,6.0,,4
130R x Peña Pack,Midnight Project,IPA - Triple New England / Hazy,2023-12-29,4.143,30.0,,,,6.8,,4
Marquis Warren,Hops Brewery,IPA - Black / Cascadian Dark Ale,2023-12-21,4.224,100.0,,,,6.8,,4
Silent Force,Jungle Brewery,IPA - Imperial / Double,2023-12-25,4.378,90.0,"Warrior,HBC630,Mosaic,Citra,Sabro",,,6.8,21.0,4
Smorgol,Пан Качын,Mead - Melomel,2023-12-21,4.138,,,,"Black Currant,Blueberry",5.8,,4
So Much Caffeine: Uganda,Bierstaat,Stout - Coffee,2024-01-08,4.195,16.0,,,,6.8,,4
Buschbrand,Jungle Brewery,Rauchbier,2024-01-08,4.108,25.0,"Magnum,Tettnanger",,,5.3,12.4,4
Honey Cooler,Sindrom Brewery,Mead - Other,2023-07-31,3.953,,,,,6.0,,4
Tajfun: Enigma & Simcoe Cryo,Malanka,IPA - Imperial / Double New England / Hazy,2023-12-29,4.384,40.0,"Enigma,Simcoe","Pilsner,Wheat,Flaked Oats,Flaked Wheat",,6.8,19.3,4
Kellerbier,Brauhaus Riegele,Kellerbier / Zwickelbier,2011-06-04,3.537,,,,,5.0,,4
Memories,13 Litar,Stout - Milk / Sweet,2022-01-31,4.014,25.0,"Centennial,East Kent Golding,Willamette","Pilsner,Crystal,Roasted Barley,Chocolate",Lactose,6.8,19.0,3
Sangre Fresca,AF Brew,Sour - Fruited Gose,2019-12-31,3.739,,,,,4.8,,4
Pražský Premium Czech Lager,Staropramen,Pilsner - Czech / Bohemian,2012-04-16,,,,,,4.2,,3
Konrad Classic Light Draft Beer,Konrad,Pilsner - Czech / Bohemian,,2.859,,,,,3.8,,3
Elbe,Magistral Brewery,Lager - Pale,2023-12-10,3.026,10.0,,,,4.5,,4
Coconut Bastard,Selfmade Brewery,Stout - Milk / Sweet,2021-12-28,3.933,10.0,,,Coconut,6.9,,4
Melon and Lemongrass Mead,Степь и ветер,Mead - Session / Short,2022-12-14,4.077,,,,,6.0,,4
Coconut Cookies Cider,Men's Company,Cider - Other Fruit,2023-03-23,3.695,,,,,4.6,,4
Jingle Bells,Bierstaat,Winter Ale,2024-01-03,3.689,14.0,,,,6.0,,3
Old Dublin Ale,Пенная мануфактура,Red Ale - Irish,2023-04-13,3.31,,,,,6.2,,4
Sourji Pineapple & Passion Fruit,Konix Brewery,Sour - Fruited Berliner Weisse,2023-06-07,3.741,6.0,,,,5.0,,4
Пина Колада,Хмельной фермер,Fruit Beer,2023-12-23,,,,,,4.9,,2
Plzensky Lezak (Пильзенский лежак),Пенная мануфактура,Lager - Pale,2023-04-13,3.235,,,,,5.4,,4
Carte Blanche,Sozhski Beer,Wheat Beer - Witbier / Blanche,2021-10-22,3.703,10.0,,,,5.2,,4
Blue Monkey Wheat Ale,Gletcher,Wheat Beer - Witbier / Blanche,2022-04-19,3.538,,,,,5.4,,4
Братья Стругали: Селедка под шубой,Alaska Brewery,Sour - Other Gose,2023-11-29,3.559,,,,,5.0,,4
3 Phase Switch,Chibis Brewery,IPA - Triple,2022-02-17,3.951,80.0,,,,6.8,,4
Tomatoni: Salami Chips,Jungle Brewery,Sour - Other Gose,2023-12-14,4.107,10.0,,,,5.0,13.0,4
Inside View,Jungle Brewery,IPA - Imperial / Double New England / Hazy,2023-12-14,4.299,30.0,"Cashmere,Mosaic",,,6.8,17.5,4
Elvis P.,Rewort Brewery,Sour - Smoothie / Pastry,2022-10-03,3.958,5.0,,,,6.9,,4
Imhla: Ahhhroma,Malanka,IPA - New England / Hazy,2023-12-13,4.241,30.0,Ahhhroma,"Pilsner,Wheat,Flaked Oats,Flaked Wheat",,6.5,17.0,4
EVERY YOU EVERY ME,Coven Brewery,Sour - Smoothie / Pastry,2022-09-09,4.161,,,,,6.0,,4
Capuccino Serenade,Rewort Brewery,Stout - Coffee,2023-11-22,3.849,10.0,,,,6.5,,4
Old Ale,Malanka,Old / Stock Ale,2023-12-15,3.916,40.0,"Saaz,Magnum","Pale Ale,Special B,Caraaroma,Crystal,Caramel,Biscuit,Chocolate",,6.3,14.5,4
Ambient Illusion,Jungle Brewery,IPA - American,2023-12-04,4.049,60.0,"Pahto,Chinook,Galaxy",,,6.4,14.0,4
Lowrider,Midnight Project,Brown Ale - Imperial / Double,2023-12-08,4.264,20.0,,,,6.8,,4
Mimesis. ξ-Edition,Delta Ksi,Stout - Other,2023-12-16,,19.0,,,"Red Pepper,Lactose",6.8,,4
Ядерный титбит,Nuclear Brewery,Sour - Fruited,2023-07-10,4.047,,,,,6.5,,4
Regenesis,Jungle Brewery,IPA - New England / Hazy,2023-12-21,4.325,35.0,"Ahhhroma,Sabro",,,6.8,16.3,4
Polotmavě,13 Litar,Lager - Amber / Red,2023-11-09,3.647,20.0,"Premiant,Saaz","Vienna,Pilsner,Caramel",,5.6,13.0,4
Mild Ale,Kvadrat,Mild - Other,2023-11-01,2.895,,,,,4.5,,1
Tropical Milkshake,Волковская пивоварня,Pale Ale - Milkshake,2022-08-31,3.282,35.0,,,,5.0,,3
Rise the Dark,"Bierbank,Spin Bar",Stout - Imperial / Double,2023-11-24,4.179,19.0,,,,6.8,,4
Dr.Stein лимон/мята,Салаир,Fruit Beer,2021-02-13,2.526,,,,,4.5,,3
Dreamcatcher,Bierstaat,Stout - Other,2023-11-20,4.091,,,,,6.6,,4
Tomato Soul,Brewmen,Sour - Traditional Gose,2020-11-03,3.792,5.0,,,"Tomato,Red Currant",4.5,,4
Sunset IPA Session (El Dorado),Чисто пивоварня,IPA - Session,2023-10-27,3.846,25.0,El Dorado,,,5.7,,4
Guava & Rhubarb Salt,Konix Brewery,Sour - Other Gose,2023-07-05,3.572,5.0,,,,5.0,,4
Замба ушёл к Риваке,Chibis Brewery,IPA - New England / Hazy,2023-10-25,3.959,,,,,6.7,,4
Velvet Dream,Panzer Brewery,Lager - Amber / Red,2023-10-23,3.591,7.0,,,,5.1,,3
Vienna Lager,Copper Head,Lager - Vienna,2022-12-15,3.826,15.0,,,,4.8,,4
This Is Blanche,Bierstaat,Wheat Beer - Witbier / Blanche,2023-12-04,3.659,,,,,5.0,,3
Potential Murderer,Jungle Brewery,IPA - Triple,2023-11-27,4.407,100.0,"Chinook,Pahto,Centennial,Citra,Simcoe",,,6.8,24.2,4
Triple Effect,Bierbank,IPA - Triple,2023-11-28,4.248,70.0,"Medusa,Ekuanot",,,6.8,,4
Black Currant Mead,Степь и ветер,Mead - Melomel,2018-03-13,4.111,,,,Black Currant,6.0,,4
Festbier,Arcobräu,Festbier,,3.252,6.0,,,,5.7,,4
Нектарон,Прамень,IPA - New Zealand,2023-10-16,3.534,25.0,Nectaron,,,6.2,,3
ID Jons Spicy Tomato,ID Jons,Sour - Other Gose,2022-11-02,4.025,10.0,,,,4.0,,4
Ingria Pale Ale,AF Brew,IPA - American,2012-08-29,3.823,75.0,Simcoe,,,5.8,,4
Boost: Galaxy & Cascade,Jungle Brewery,Pale Ale - New England / Hazy,2023-11-20,4.248,35.0,"Galaxy,Cascade",,,6.0,14.0,4
Late Checkout,Sindrom Brewery,Mead - Melomel,2023-03-03,3.503,,,,,4.5,,3
Machiavellismus,"Punchiller,Beer.by",IPA - Imperial / Double,2023-11-17,4.53,76.0,"Columbus,Citra,Amarillo",,,6.8,,4
Lichamanka: Sultana,Malanka,IPA - Imperial / Double,2023-11-15,4.168,90.0,Sultana,Pilsner,,6.8,18.4,4
Zubr Gold,Pivovar Zubr,Pilsner - Czech / Bohemian,,3.212,,,,,4.6,,3
Ананас,Хмельной фермер,Fruit Beer,2023-05-27,,,,,,4.9,,2
Mango,Antidot Ciders,Cider - Other Fruit,2020-04-21,3.748,,,,,5.5,,3
Backyard Series: Black Currant & Mint,Black Cat Brewery,Sour - Fruited,2023-05-04,4.151,1.0,,,,5.0,,4
Party Time: Sabro,Bierstaat,IPA - Imperial / Double,2023-10-30,3.825,50.0,Sabro,,,6.9,,4
Sunset IPA Session (Simcoe),Чисто пивоварня,IPA - Session,2023-10-03,3.853,25.0,Simcoe,,,5.7,13.0,4
огородишь: Маринованные помидорки,Alaska Brewery,Sour - Other Gose,2023-06-09,3.953,,,,,6.0,,4
Klášter Ležák 11°,Pivovar Klášter,Pilsner - Czech / Bohemian,2012-08-10,3.148,,,,,4.6,,4
Platan Desítka,Pivovar Protivín,Pilsner - Czech / Bohemian,2015-11-21,3.007,28.0,,,,4.0,10.0,4
Nightlife,13 Litar,Porter - Imperial / Double,2023-11-15,4.19,25.0,"Premiant,Golding","Pilsner,Vienna,Special B,Black",,6.8,21.0,4
Cyberpunk Shotgun,Midnight Project,IPA - Imperial / Double,2023-11-17,4.076,70.0,"Citra,Mosaic",,,6.8,,4
Zavieja: Enigma & Sabro,Malanka,IPA - Imperial / Double New England / Hazy,2023-11-17,4.407,40.0,"Enigma,Sabro","Pilsner,Wheat,Flaked Oats,Flaked Wheat",,6.8,18.8,4
Boost: Sabro & HBC 630,Jungle Brewery,Pale Ale - New England / Hazy,2023-09-18,4.271,35.0,"Sabro,HBC630",,,5.8,13.8,4
American Horror,Midnight Project,IPA - American,2023-11-11,4.017,50.0,"El Dorado,Cashmere,Galaxy",,,6.7,,4
Dog Friendly,Midnight Project,Sour - Fruited,2023-11-11,4.022,10.0,,,Blackberry,6.0,,4
Santa Cruz,Sozhski Beer,IPA - American,2023-11-03,3.872,36.0,"Citra,Idaho 7",,,6.0,,4
Есенин. Том 3 \ Esenin. Volume 3,Brewlok,Stout - Russian Imperial,2023-11-03,4.282,,,,,6.8,,4
It's A Bat Time,Selfmade Brewery,Sour - Fruited,2022-03-16,4.086,10.0,,,,6.8,,4
Nosferatu,Selfmade Brewery,Porter - Baltic,2023-10-23,3.985,35.0,,,,6.8,,4
Northern Lights,Bierbank,IPA - American,2023-11-08,4.145,50.0,"Mosaic,Ekuanot",,,6.8,,4
Dark Pattern,Bierstaat,Lager - Dark,2023-11-14,3.63,,,,,5.5,,4
Seth & Riley’s Garage Hardcore Grapefruit,Аліварыя,Shandy / Radler,2022-04-15,3.154,,,,,6.0,,4
Гуава-маракуйа,Салаир,Fruit Beer,2023-11-05,,,,,,5.0,,4
Enter the Game,Bierstaat,IPA - Imperial / Double,2023-10-16,3.689,50.0,"Sabro,Vista",,,6.9,,4
Secrets of the Bernardine Monastery,"13 Litar,Punchiller",Belgian Strong Dark Ale,2023-10-18,4.298,25.0,,,,6.8,22.5,4
Juicy Pear,Салаир,Mead - Melomel,2019-03-12,2.526,,,,,5.0,,4
Hell's Kitchen - Borscht,Selfmade Brewery,Sour - Other Gose,2023-09-08,4.043,10.0,,,,6.9,,4
Sour Raspberry,ID Jons,Fruit Beer,2023-04-25,3.675,16.0,,,,4.4,,4
Наступны прыпынак Кастрычніцкая,"Bierstaat,Panzer Brewery",Festbier,2023-10-17,3.649,,,,,5.5,,4
Purple,Bierstaat,IPA - American,2023-10-23,3.879,40.0,"Citra,Sabro",,,6.5,,4
Pavaloka: Galaxy,Malanka,IPA - Triple New England / Hazy,2020-09-05,4.415,,Galaxy,"Pilsner,Flaked Oats",,6.8,21.0,4
Switch OFF,Chibis Brewery,IPA - Imperial / Double,2019-12-19,3.754,50.0,,,,6.8,,4
Dark Lotus,13 Litar,Stout - American,2023-10-03,3.984,50.0,Lotus,"Pilsner,Vienna,Roasted Barley",,6.3,15.5,3
Mango Crash,Jungle Brewery,Sour - Smoothie / Pastry,2023-10-16,4.268,10.0,,,"Mango,Lactose",5.0,14.0,4
Boost: Vista & Mosaic,Jungle Brewery,Pale Ale - New England / Hazy,2023-10-27,4.276,35.0,"Vista,Mosaic",,,6.0,14.0,4
Tomato Factory: Sriracha,Valaduta,Sour - Other Gose,2023-11-06,4.438,10.0,,,,5.0,,4
#6,Sozhski Beer,Wheat Beer - Hefeweizen,2021-04-09,3.732,10.0,,,,5.2,,4
Fürst Chlodwig Weizen,Fürstenberg,Wheat Beer - Hefeweizen,2018-02-11,3.159,,,,,5.2,,4
Coconut Cider,Men's Company,Cider - Other Fruit,2023-03-23,3.603,,,,,4.6,,4
What Is Nelson Sauvin?..,13 Litar,IPA - Imperial / Double,2023-09-28,4.057,65.0,Nelson Sauvin,Pilsner,,6.8,18.5,4
Deimos Anomaly,Selfmade Brewery,Stout - Other,2023-09-08,3.929,18.0,,,,6.9,,4
Shifter,Selfmade Brewery,IPA - Black / Cascadian Dark Ale,2023-08-07,3.969,60.0,,,,6.2,,4
Outline,Bierstaat,Pale Ale - Belgian,2023-09-18,3.764,35.0,Hallertau Blanc,,,6.5,,4
Dryness,Konix Brewery,Stout - Irish Dry,2016-02-06,,,,,,3.9,,4
No Music No Life,Bierstaat,Pilsner - Other,2023-09-19,3.862,,,,,5.0,,3
Hobgoblin Legendary Ruby Beer,Wychwood Brewery,Brown Ale - English,,3.399,32.0,,,,5.2,,4
Litovel Premium,Litovel,Pilsner - Czech / Bohemian,,3.097,22.0,,,,5.0,,4
VitaBeer Coconut Donut,Men's Company,Fruit Beer,2023-02-04,3.175,,,,,5.1,,4
Iron Abyss,Plan B Brewery,Stout - Russian Imperial,2021-01-26,4.036,50.0,,,,6.8,,4
Island Cream,Jungle Brewery,Stout - Imperial / Double,2023-10-09,4.209,25.0,,,,6.8,23.8,4
Zavieja: Galaxy & Vic Secret,Malanka,IPA - Imperial / Double New England / Hazy,2023-09-29,4.285,30.0,"Galaxy,Vic Secret","Pilsner,Wheat,Flaked Oats,Flaked Wheat",,6.8,18.8,4
Cones & Bones,"Time Bomb Brewery,Black Cat Brewery",Sour - Smoothie / Pastry,2023-09-03,4.186,,,,,4.5,,4
Ciemra: Simcoe & Sorachi Ace,Malanka,IPA - Imperial / Double Black,2023-10-09,4.261,100.0,"Simcoe,Sorachi Ace","Pilsner,Black",,6.8,18.4,4
Symbiosis,13 Litar,IPA - White / Wheat,2021-11-01,3.961,60.0,"Columbus,Citra","Pale Ale,Pilsner,Wheat",,6.8,18.5,4
Еgoism,Bierstaat,Strong Ale - American,2023-10-09,4.149,40.0,El Dorado,,,6.9,,4
Sunflowers,Bierstaat,Belgian Blonde,2023-10-09,3.931,,,,,6.2,,3
Hoppy Corn,Sozhski Beer,Lager - American,2023-10-06,3.47,10.0,,,,4.8,,4
Груша,Хмельной фермер,Fruit Beer,2023-03-10,,,,,,4.9,,3
Маргарита-Клубника,Хмельной фермер,Fruit Beer,2023-04-11,,,,,,4.9,,3
Aquilon,13 Litar,Porter - Baltic,2023-09-14,4.249,20.0,"Premiant,Golding","Pilsner,Vienna,Caramel,Black",,6.8,21.5,4
Anacos Cider,Men's Company,Cider - Other Fruit,2023-03-17,3.26,,,,,4.6,,4
Summerend,Bierstaat,IPA - Imperial / Double,2023-08-29,4.023,55.0,"Talus,Lemondrop",,,6.9,,4
Travincal,Selfmade Brewery,Sour - Smoothie / Pastry,2023-06-09,4.011,8.0,,,,6.2,,4
Нектар 1320,Chibis Brewery,IPA - Imperial / Double New England / Hazy,2023-08-23,3.989,,,,,6.8,,4
Грибочек,Selfmade Brewery,Sour - Other Gose,2023-08-07,4.114,10.0,,,,5.2,,4
Paulaner Oktoberfest Bier,Paulaner Brauerei,Festbier,,3.547,,"Herkules,Hallertauer Tradition,Taurus","Pilsner,Munich",,6.0,,4
Faxe Premium,Royal Unibrew,Lager - Pale,2011-07-30,2.979,,,,,5.0,,3
Podkováň Karamel 10°,Podkováň,Lager - Dark,2012-12-19,3.077,,,,,4.0,,4
Complementary,Delta Ksi,Stout - Milk / Sweet,2023-09-05,3.838,10.0,,,"Lactose,Cherry,Vanilla,Chili",6.9,18.0,4
Zähringer German Premium Hefeweizen,Frankenthaler Brauhaus,Wheat Beer - Hefeweizen,,3.114,,,,,5.0,,3
Черная смородина,Хмельной фермер,Fruit Beer,2023-04-10,,,,,,4.9,,1
Клубника Банан,Хмельной фермер,Fruit Beer,2023-04-04,2.545,,,,,4.9,,3
Cherry Dream,Bierstaat,Fruit Beer,2023-08-21,3.841,,,,Cherry,6.5,,3
Urban Pulse,Bierstaat,IPA - American,2023-08-21,3.947,30.0,"Azacca,Ekuanot",,,6.5,,4
Гранат Малина,Хмельной фермер,Fruit Beer,2023-04-04,2.613,,,,,4.9,,2
HBC 630 One Love,Jungle Brewery,IPA - Session,2023-07-10,4.231,35.0,HBC630,,,4.9,,4
British Brown Ale,Sozhski Beer,Brown Ale - English,2023-06-16,3.563,30.0,,,,5.5,,3
Californian IPA,Староместный пивовар,IPA - American,2020-07-15,3.399,40.0,,,,5.5,14.0,4
Bavik Super Pils Unfiltered,Brouwerij De Brabandere,Pilsner - Other,2023-04-24,3.915,22.0,,,,5.2,,4
Russian Imperial Stout #Chocolate,Konix Brewery,Stout - Russian Imperial,2019-04-18,3.87,40.0,,,,6.8,,4
Russian Imperial Stout (barrel #3),Konix Brewery,Stout - Russian Imperial,2016-12-13,4.063,60.0,,,,6.8,,4
Russian Imperial Stout (barrel #2),Konix Brewery,Stout - Russian Imperial,2016-09-28,4.034,40.0,,,,6.8,,4
Russian Imperial Stout #Biscuit,Konix Brewery,Stout - Russian Imperial,2021-12-13,3.977,40.0,,,,6.8,,4
Marbin,Plague Brew,Stout - Russian Imperial,2023-07-05,3.577,60.0,,,,6.8,,3
Dark Pretence,GAS Brew,Porter - Baltic,2023-04-19,3.94,,,,,6.8,,4
Maple Giant,"Plague Brew,Ganza Brewery",Stout - Imperial / Double Milk,2021-12-20,4.001,,,,,6.8,,4
B.I.G. DUCK,Magic Mess,Stout - Russian Imperial,2022-11-02,3.879,,,,,6.8,,4
Viscum,Brewlok,Wild Ale - Other,2023-05-19,3.952,,,,,6.8,,4
Camaraderie #2,"GAS Brew,Khoffner,Saliwa Brew",IPA - Imperial / Double New England / Hazy,2023-07-12,3.9,50.0,,,,6.8,,4
Citra Supremacy,Midnight Project,IPA - Imperial / Double New England / Hazy,2023-08-11,4.055,25.0,Citra,,,6.8,,4
Phantom,Jungle Brewery,Sour - Fruited,2021-06-11,4.121,11.0,,,"Grapefruit,Orange,Lemon,Lactose,Basil",5.5,,4
Gingerol Sea Buckthorn,Plague Brew,Mead - Melomel,2022-08-22,3.896,,,,,6.8,,3
Ice Cream Porter Hazelnut,Konix Brewery,Porter - Baltic,2021-12-13,3.808,19.0,,,,6.8,,3
UMEK,Magic Mess,Sour - Other Gose,2022-10-17,3.929,,,,,6.5,,4
Бензак,"Sabotage,Red Rocket Brewery",IPA - Sour,2023-06-28,3.983,,,,,6.0,,4
Food Flood (50/50),Red Button Brewery,Sour - Smoothie / Pastry,2023-05-18,4.241,,,,,6.0,,4
Minerva,Coven Brewery,Sour - Smoothie / Pastry,2022-02-17,4.233,,,,,6.0,,4
Basil Forester,Plague Brew,Sour - Other Gose,2022-10-28,4.043,7.0,,,,5.2,,4
Pamela Lagerson Ver.5 2023,Khoffner,Lager - American,2023-07-03,3.712,21.0,,,,5.1,,4
Top Shelf,Selfmade Brewery,Sour - Fruited Gose,2023-07-31,4.078,10.0,,,,5.0,,4
Tribe,Zagovor Brewery,Pale Ale - New England / Hazy,2023-08-11,4.033,25.0,,,,5.0,,4
Warm Hands,Midnight Project,Sour - Berliner Weisse,2023-08-11,3.932,12.0,,,"Raspberry,Blueberry",4.6,,4
Your Quadruple Sour Raspberry Juice,Midnight Project,Sour - Fruited,2023-08-18,4.191,15.0,,,,6.8,,4
Sinisterism,Jungle Brewery,IPA - Imperial / Double,2023-08-21,4.292,90.0,"Chinook,Centennial,Citra,Mosaic",,,6.8,19.5,4
Summer Pilsner: Lime Edition,Bierstaat,Pilsner - Other,2023-08-21,3.756,,"Saaz,Crystal",,Lime,5.0,,4
Freak Show: She’s Kerosene,Sabotage,Sour - Fruited,2021-11-19,4.054,,,,,6.8,,4
Painapple,Plague Brew,Sour - Fruited,2023-07-21,4.091,,,,,5.6,,4
Strawberry & Cream,Burning Brewery,Sour - Smoothie / Pastry,2023-07-26,4.135,,,,,5.5,,4
Cynic / Green Edition,Jaws,Sour - Flanders Oud Bruin,2022-05-06,3.876,7.0,,,,5.5,,4
Джин-Тоник,Мозырьпиво,Cocktails,2023-07-14,,,,,,5.0,,3
Baltic Porter,Bierstadt Lagerhaus,Porter - Baltic,2016-11-19,,,,,,6.8,,4
Moonlight,Bierstaat,IPA - American,2023-08-07,3.897,30.0,"Azacca,Amarillo",,,6.5,,4
Adult Star,Selfmade Brewery,Sour - Fruited,2023-05-26,4.083,10.0,,,,4.8,,4
McKenzie,Sozhski Beer,IPA - American,2023-08-13,3.703,34.0,McKenzie,,,6.4,,3
Crossover Milk,AF Brew,Pale Ale - American,2017-11-30,3.939,20.0,,,,5.5,,4
Maisel & Friends Pale Ale,Brauerei Gebr. Maisel,Pale Ale - American,2014-02-22,3.556,32.0,"Herkules,Chinook,Amarillo,Simcoe,Citra",,,5.2,,4
Кёльшик,Black Cat Brewery,Kölsch,2023-07-11,3.467,5.0,,,,4.7,,4
IPL,AlternativeBrewery,Lager - IPL (India Pale Lager),2021-09-21,3.689,45.0,,,,5.5,,4
Чешский Замок Белое,Самко,Kellerbier / Zwickelbier,2017-09-24,2.603,,,,,4.0,,4
Meteor Dust,Bierstaat,Stout - Milk / Sweet,2023-08-07,4.113,,,,,6.5,,4
Косоухофф Ржаное,Косоухофф,Rye Beer,,2.674,,,,,4.4,,2
Pale Wheat,Gilde Brauerei,Wheat Beer - Other,2022-06-12,3.195,,,,,5.0,,3
Шабаны,"Chibis Brewery,Bierstaat",Lager - Helles,2023-07-20,3.664,,,,,4.7,,4
Party Time,Bierstaat,IPA - Imperial / Double,2023-08-14,3.889,50.0,"Vista,Talus",,,6.9,,4
Косоухофф IPA,Косоухофф,IPA - Other,2023-02-25,3.055,,,,,4.9,,3
Spotted,Midnight Project,IPA - New England / Hazy,2023-07-21,3.953,25.0,,,,6.3,,4
Aronia And Honey,Пан Качын,Mead - Melomel,2023-06-03,3.717,,,,Aronia,6.8,,4
Baltic Cupping,Midnight Project,Porter - Imperial / Double Baltic,2023-08-04,4.15,55.0,,,,6.8,,4
Dryness,Konix Brewery,Stout - Irish Dry,2016-02-06,,,,,,3.9,,4
Banana Bastard,Selfmade Brewery,Stout - Other,2023-05-25,3.901,18.0,,,,6.9,,4
Night Thirsty,Black Cat Brewery,IPA - Milkshake,2023-03-10,3.773,5.0,,,,6.0,,4
Boost: Azacca & Citra,Jungle Brewery,Pale Ale - New England / Hazy,2023-07-25,4.316,35.0,"Azacca,Citra",,,5.5,13.3,4
Жарко,Chibis Brewery,IPA - New England / Hazy,2023-06-15,4.061,,,,,6.5,,4
Gilde Pale Wheat - Charlotte,Gilde USA,Wheat Beer - Hefeweizen,2018-10-02,3.502,,,,,5.0,,4
Posh Premium Melon-Mint,Cider House,Mead - Melomel,2020-08-18,3.443,,,,,5.5,,4
Max&Jack’s Cherry Almond,Московская пивоваренная компания,Flavored Malt Beverage,2022-11-09,3.366,,,,,4.7,,3
Harvest Caramel Porter,Česká pinta,Porter - English,2023-02-09,2.976,,,,,5.9,,3
Pécsi APA,Pécsi Sörfőzde,Pale Ale - American,2018-08-14,3.024,,,,,5.0,,3
Oettinger Hefeweißbier Naturtrüb / Weissbier,Oettinger Brauerei,Wheat Beer - Hefeweizen,2011-03-26,3.245,11.0,,,,4.9,,3
Reeper B. Blondes Weissbier,Reepbana,Wheat Beer - Hefeweizen,2018-02-11,3.233,15.0,,,,5.4,12.8,4
Pražan Světlý Ležák,Konrad,Pilsner - Czech / Bohemian,2021-10-24,3.222,,,,,4.8,,3
Milk Flow,Midnight Project,Stout - Imperial / Double Milk,2022-06-17,4.126,25.0,,,Lactose,6.8,,4
Lichamanka: Columbus,Malanka,IPA - Imperial / Double,2023-07-12,4.244,80.0,Columbus,"Pilsner,Cara Clair",,6.8,18.0,4
Foretaste,Valaduta,Farmhouse Ale - Saison,2023-07-17,4.16,20.0,,,,6.0,,4
Zolak: Sabro & YQH-1320,Malanka,Farmhouse Ale - Grisette,2023-07-18,3.956,35.0,"Sabro,Elani","Pilsner,Flaked Wheat",,5.3,11.0,4
Apricot Crush,Bierstaat,IPA - Triple,2023-07-17,3.835,50.0,Idaho Gem,,Apricot,6.9,,4
Breeder Reactor,AF Brew,IPA - New England / Hazy,2018-01-24,3.86,,"Idaho 7,Citra,Simcoe",,,6.7,,4
Sourrealism,Bierstaat,Sour - Fruited,2023-07-03,4.02,,,,"Raspberry,Lingonberry,Black Currant",4.7,,4
Escapism,Bierstaat,Strong Ale - American,2023-07-10,4.133,45.0,"Idaho Gem,El Dorado",,,6.9,,3
Ricing Sun,Sindrom Brewery,Stout - Milk / Sweet,2022-12-30,3.623,20.0,,,,5.5,,4
Lonely Raccoon Party,Bierstaat,IPA - American,2023-06-23,3.853,35.0,"Ekuanot,Lotus",,,6.8,,4
Abbot Ale,Greene King,Bitter - Extra Special / Strong (ESB),2010-08-21,3.295,,,,,5.0,,2
Lager Hell,Privatbrauerei Hösl,Lager - Helles,2017-05-27,3.16,,,,,4.9,,4
Косоухофф Ячменное,Косоухофф,Lager - Euro Pale,2018-03-23,2.75,,,,,4.5,,3
Литрушка,Варница,Lager - Pale,2014-02-11,2.571,,,,,4.7,,4
Imhla: McKenzie,Malanka,IPA - New England / Hazy,2023-06-27,4.298,30.0,McKenzie,"Pilsner,Wheat,Flaked Oats,Flaked Wheat",,6.9,17.0,4
Tomatoni: Garam Masala,Jungle Brewery,Sour - Other Gose,2023-06-12,4.069,10.0,,,"Tomato,Cumin,Coriander,Cinnamon,Black Pepper,Red Pepper,Cloves,Nutmeg,Cardamom",5.0,13.0,4
Disintegrator,Mythmaker Brewing,Bock - Doppelbock,2022-11-25,3.733,75.0,,,,6.8,,4
Milk River,13 Litar,Stout - Milk / Sweet,2019-10-05,3.907,20.0,,,,6.7,,4
Fusion,Bierstaat,IPA - Imperial / Double,2023-06-19,3.926,50.0,Nectaron,,,6.9,,4
Oodles of Labradoodles,AF Brew,IPA - New England / Hazy,2017-10-31,3.931,,"Ella,Galaxy",,,6.7,,4
Молоко убежало,Konix Brewery,Stout - Milk / Sweet,2023-04-20,3.621,10.0,,,,5.0,,4
Браггот ржаной,Trigger,Mead - Braggot,2021-11-02,3.932,,,,,5.0,,4
Браггот медовый,Мозырьпиво,Mead - Braggot,2023-06-26,3.419,,,,,5.0,,4
Black Sheep Irish Stout,Heineken,Stout - Irish Dry,2022-07-15,3.558,,,,,4.0,,4
Bruler Blonde,Belgian Brew Factory,Belgian Blonde,2021-03-15,3.573,,,,,6.8,,4
Song Cider Semi-sweet,Вежа,Cider - Sweet,2020-10-19,3.549,,,,,5.0,,4
Taste of Nature: Pineapple & Banana,Dudar Brewery,Sour - Fruited,2023-05-26,3.928,,,,"Lactose,Pineapple,Banana",5.6,13.5,4
Thor Raspberry Ed.,Midnight Project,Mead - Braggot,2023-06-16,4.056,20.0,,,,6.8,,4
Kriek,Belle-Vue,Lambic - Kriek,,3.204,10.0,,,,5.1,,3
Sabro,Hausmann Brewery,IPA - New England / Hazy,2019-09-28,3.59,65.0,Sabro,,,5.0,,4
Octopus: Vista,Bierstaat,Lager - IPL (India Pale Lager),2023-05-29,3.825,25.0,Vista,,,5.5,,4
American Pils,Sozhski Beer,Pilsner - Other,2023-05-22,3.679,20.0,Centennial,,,6.0,,4
Massive,13 Litar,IPA - Imperial / Double,2023-06-07,3.817,75.0,"Chinook,Centennial,Idaho 7","Pale Ale,Pilsner",,6.8,18.5,4
Slim Summer,Selfmade Brewery,Sour - Fruited,2023-04-04,4.11,10.0,,,,6.8,,4
Odin,Sozhski Beer,IPA - American,2023-04-21,3.279,29.0,"Sabro,Cashmere",,,6.7,,3
Mango Blast,Bierstaat,IPA - Milkshake,2023-05-09,3.906,35.0,BRU-1,,Mango,6.5,,4
Вишня,Cider Time,Cider - Other Fruit,2023-06-11,,,,,,5.0,,3
Браггот (ржаной с мёдом),Мозырьпиво,Mead - Braggot,2023-04-07,3.623,,,,,5.0,,4
Pucker Up: Sea Buckthorn,Bierstaat,Sour - Other,2023-06-12,3.923,,,,Sea buckthorn,4.7,,4
Octopus: McKenzie,Bierstaat,Lager - IPL (India Pale Lager),2023-06-06,3.776,25.0,McKenzie,,,5.5,,4
Blanc,Volfas Engelman,Wheat Beer - Witbier / Blanche,2020-05-08,3.428,14.0,,,,5.0,,4
Лихое время,Khoffner,IPA - Imperial / Double New England / Hazy,2023-05-18,3.694,58.0,,,,6.8,,4
"Hoegaarden Cherry 0,0",Anadolu Efes,Non-Alcoholic Beer - Wheat Beer,2023-04-02,3.157,,,,,,,4
"Hoegaarden Grapefruit 0,0%",Anadolu Efes,Non-Alcoholic Beer - Shandy / Radler,2022-03-05,3.277,,,,,,,3
Ламбруско,Хмельной фермер,Fruit Beer,2023-05-05,2.592,,,,,4.9,,3
Ballantine Ale,Московская пивоваренная компания,Red Ale - American Amber / Red,2022-04-22,3.457,,,,,4.7,,4
Weizen,1516 Pub & Brewery,Wheat Beer - Hefeweizen,2013-07-18,3.537,,,,,4.9,,3
Solyanka Fantasy,Пан Качын,Sour - Other Gose,2023-06-03,3.63,,,,,5.2,,3
Generation P: Pain Hunter,Punchiller,Chilli / Chile Beer,2023-03-25,4.693,,,,,5.0,,5
Werewolf Kisses,Mad Frog Brewery,Mead - Melomel,2023-02-16,4.242,,,,,6.8,,4
Аліварыя Пітнае,Аліварыя,Lager - Pale,2023-04-08,2.829,11.0,,,,4.4,,4
Meadowmatic Blueberry X Passionfruit X Oak,GAS Brew,Mead - Melomel,2022-08-23,4.218,,,,,6.8,,4
34°59′20″N,Blur Meadery,Mead - Melomel,2023-04-24,3.894,,,,,5.2,,4
Quintessence Four Roses Bourbon Edition,Valaduta,Barleywine - English,2020-12-29,4.569,70.0,,,,6.8,,4
Tomattoro: Eggscellent,Mad Frog Brewery,Sour - Other Gose,2023-05-13,4.327,,,,,5.0,,5
Apricot Soot,Valaduta,Smoked Beer,2023-06-04,4.068,25.0,,,,5.7,,4
Reincarnation,Valaduta,Belgian Dubbel,2023-06-04,3.995,20.0,,,,6.8,,4
Tomato Gose Black Pepper Ed,Salden’s Brewery,Sour - Other Gose,2023-01-30,3.861,,,,,5.0,,4
Tomattoro: Smoked Moruga,Mad Frog Brewery,Sour - Other Gose,2023-05-31,4.365,,,,,4.8,,5
Hungry For Apples?,Mad Frog Brewery,Mead - Cyser,2022-08-26,4.358,,,,,6.8,,4
Simple Raspberry Life,Mad Frog Brewery,Mead - Traditional,2023-01-29,4.398,,,,,6.8,,5
106°36′52″W,Blur Meadery,Mead - Melomel,2023-04-24,3.876,,,,,5.2,,5
Cold Double IPA,Salden’s Brewery,IPA - Cold,2023-03-15,3.97,100.0,,,,6.8,,4
Whisky Barrel Aged Suburban Poison,"Jungle Brewery,Blood Brothers Brewery,Verden Brewery",Belgian Strong Dark Ale,2022-02-05,4.32,30.0,,,,6.8,,4
Розовые Очки,Coma Brewery,Sour - Smoothie / Pastry,2023-04-18,4.126,,,,,6.1,,4
100 Рентген,Волковская пивоварня,IPA - Imperial / Double,2017-06-29,3.549,100.0,,,,6.8,,4
Grimoire,Bierbank,Stout - Russian Imperial,2022-12-19,4.165,40.0,,,,6.8,,4
Black Pool #3,GAS Brew,Stout - Oatmeal,2022-11-17,3.662,30.0,,,,6.5,,4
Luchstreet NEIPA,"Bierbank,Valaduta",IPA - New England / Hazy,2023-05-30,3.862,,,,,5.3,,4
Belgian Pale Ale / Бельгийский Светлый Эль,Волковская пивоварня,Pale Ale - Belgian,2020-05-15,3.324,,,,,6.5,,4
White IPA,Blue Moon Brewing Company,IPA - White / Wheat,2014-08-09,3.276,45.0,"Simcoe,Cascade,Citra,Huell Melon",,,5.9,,3
Фермерский Эль,Волковская пивоварня,Farmhouse Ale - Other,2023-01-25,3.492,,,,,6.5,,4
Roma,Dr. Piwo,Belgian Blonde,2023-04-26,,29.0,,,,6.2,,4
БлонДимка,Dr. Piwo,Blonde Ale,2023-05-22,,24.0,Centennial,"Pale Ale,Munich,Vienna",,5.0,,4
Belgian Ale,WA Brewery,Brown Ale - Belgian,2023-03-23,,16.0,,,,6.0,16.0,4
Albino,WA Brewery,Wheat Beer - Witbier / Blanche,2023-03-19,,12.0,,,,4.0,12.0,4
Балтиец,Hophead Brewery,Porter - Baltic,2018-09-22,4.068,40.0,,,,6.8,,4
Mini Bar Moscow Mule,Московская пивоваренная компания,Fruit Beer,2023-04-05,2.935,,,,,6.0,,3
Mini Bar Negroni,Московская пивоваренная компания,Fruit Beer,2023-04-05,3.045,,,,,6.0,,4
ESSA Cocolada,Anadolu Efes,Shandy / Radler,2023-03-18,2.792,,,,,6.5,,3
Hanky Panky,Bierbank,IPA - American,2023-04-26,4.113,40.0,"Mosaic,Citra",,,6.3,,4
Special Request,Jungle Brewery,IPA - Imperial / Double,2023-05-15,4.316,100.0,"Topaz,Simcoe,Centennial,Citra,Mosaic",,,6.8,,4
Cat Sidhe,Dark Hills,Stout - Milk / Sweet,2020-11-20,3.757,33.0,,,,6.8,,4
Catch the Wave,Midnight Project,Pale Ale - Australian,2023-04-21,3.892,40.0,"Galaxy,Vic Secret",,,5.0,,4
Blonde,Hops Brewery,Lager - Pale,2018-06-14,3.402,17.0,Saaz,"Pilsner,Caramel",,5.0,12.0,4
Baltika #0 Non-Alcoholic Granat / Балтика #0 Безалкогольное Гранат,Балтика,Non-Alcoholic Beer - Shandy / Radler,2023-04-05,3.117,,,,,0.5,,4
Apostel Weissbier Hell,Privatbrauerei Eichbaum,Wheat Beer - Hefeweizen,2017-04-20,3.189,,,,,5.3,,3
Tomatoni: Mechoui,Jungle Brewery,Sour - Other Gose,2023-05-02,4.187,10.0,,,"Tomato,Salt,Garlic,Black Pepper,Cumin,Saffron,Curcuma",5.0,13.0,4
Шпала,Chibis Brewery,Stout - Russian Imperial,2023-03-24,3.976,,,,,6.8,,4
Dark Spin: Oatmeal,Carousel Brewery,Stout - Oatmeal,2023-04-25,3.915,40.0,,,,6.5,,4
Арбуз-Дыня,Медоварня B-side,Mead - Cyser,2020-12-29,3.996,,,,,5.5,,3
Foggy Morning In Idaho,Bierstaat,IPA - New England / Hazy,2023-03-06,3.904,30.0,"Idaho 7,Idaho Gem",,,6.8,,4
Cenosillicaphobia,TAKE AWAY,Sour - Other Gose,2022-07-11,3.203,10.0,,,,4.5,,4
Rinktinis,Volfas Engelman,Lager - Euro Pale,,3.102,,,,,5.2,,3
Zavieja: Galaxy & Nelson,Malanka,IPA - Imperial / Double New England / Hazy,2023-04-28,4.308,30.0,"Galaxy,Nelson Sauvin","Pilsner,Wheat,Flaked Oats,Flaked Wheat",,6.8,18.4,4
Cidre Royal With Black Currant,Royal Fruit Garden,Cider - Other Fruit,2016-08-22,3.444,,,,,6.9,,4
Mitrenha: Citra & Sabro,Malanka,IPA - Imperial / Double,2023-04-14,4.253,80.0,"Citra,Sabro",Pilsner,,6.8,18.0,4
Spacetime,Bierstaat,Stout - Milk / Sweet,2023-05-01,4.065,,,,Lactose,6.5,,4
Shadowcaster,Bierstaat,IPA - Black / Cascadian Dark Ale,2023-05-01,3.953,40.0,"Galaxy,Idaho Gem",,,6.8,,4
Du Soleil Dans Un Verre,Midnight Project,Belgian Tripel,2023-04-27,3.978,30.0,,,Candy Sugar,6.8,,4
Yard Cat,Midnight Project,IPA - Imperial / Double,2023-04-21,4.02,50.0,,,,6.8,,4
Passion Blast,Bierstaat,IPA - Milkshake,2023-04-24,3.93,35.0,BRU-1,,"Passion fruit,Lactose",6.5,,4
Popiel: Saaz,Malanka,Lager - Dark,2023-04-14,4.04,45.0,Saaz,"Pilsner,Chocolate,Smoked Wheat Malt",,5.5,14.0,4
Buggel Grapefruit,Варница,Fruit Beer,2022-11-02,2.898,,,,,4.7,,3
Чёрная вишня,Злынковский завод Каскад,Cider - Other Fruit,2020-08-30,3.367,,,,Cherry,6.0,,4
Enamour,Jungle Brewery,Pale Ale - American,2023-04-03,4.188,50.0,"Simcoe,Idaho 7,Citra,HBC630",,,5.3,13.0,4
Avenue 77 Sabro & Mosaic,Chibis Brewery,IPA - American,2020-02-19,3.82,40.0,"Sabro,Mosaic",,,6.8,,4
Mittelalter,Plague Brew,Kellerbier / Zwickelbier,2022-06-04,3.967,17.0,,,,5.0,,4
Punks on Office,Sindrom Brewery,Lager - Helles,2023-01-16,3.083,20.0,,,,4.4,,2
Spin Vibe: Melon Quince,"Plague Brew,Carousel Brewery",Sour - Fruited Berliner Weisse,2022-03-09,4.232,5.0,,,"Melon,Quince",5.3,,4
Сладкоежка,"Chibis Brewery,Konix Brewery,Samovar Brew",Sour - Smoothie / Pastry,2023-03-24,4.132,,,,,6.5,,4
Ballsy,Dudar Brewery,IPA - Session,2023-04-13,3.973,20.0,"Sabro,Galaxy",,,5.6,13.5,4
J-Rock,Plague Brew,Koji / Ginjo Beer,2022-11-07,4.151,45.0,,,,6.8,,4
Doom Metal,Plague Brew,Bock - Doppelbock,2023-03-02,4.095,30.0,,,,6.8,,4
Big Bad Wolf,Selfmade Brewery,Stout - Imperial / Double,2023-03-17,4.093,58.0,,,,6.8,,4
Bastet,Midnight Project,Stout - Imperial / Double,2023-04-01,4.125,60.0,,,,6.8,,4
Old World Rhapsody,Plague Brew,Old / Stock Ale,2021-03-24,3.935,60.0,,,,6.8,,3
La Tomatina MAXIMA,Rewort Brewery,Spiced / Herbed Beer,2021-06-26,4.063,,,,,6.5,,3
Six Years Anniversary Triple NEIPA,Midnight Project,IPA - Triple New England / Hazy,2023-04-01,4.24,40.0,"Mosaic,Citra,Galaxy",,,6.8,,4
Desert Snake,Midnight Project,IPA - Imperial / Double New England / Hazy,2023-04-14,,26.0,"Sabro,Citra",,,6.8,,4
Logger,Rewort Brewery,IPA - Imperial / Double,2022-12-01,3.936,50.0,,,,6.8,20.0,4
Diego M.,Rewort Brewery,Stout - Milk / Sweet,2022-10-03,3.964,15.0,,,,6.9,,4
Sourface: Cherry Raspberry Blackberry,Plague Brew,Sour - Fruited,2022-03-10,3.811,,,,,6.8,,4
Liquid Lunch Cherry Pomegranate Vanilla,Plague Brew,Sour - Smoothie / Pastry,2023-04-02,4.107,,,,,5.5,,4
Garagulya,Zagovor Brewery,IPA - New England / Hazy,2023-04-07,4.024,30.0,,,,6.0,,4
Vibe Shift,Zagovor Brewery,IPA - American,2022-12-07,3.979,55.0,,,,6.7,,4
Suppai Ni,Plague Brew,Happoshu,2022-10-26,3.907,7.0,,,,6.0,,4
Peaco,Plague Brew,Sour - Fruited,2021-08-31,4.076,8.0,,,,5.5,,4
Something Old & Something New,Hop Logic,Lager - IPL (India Pale Lager),2022-10-10,3.642,15.0,,,,5.6,,3
Calamansi Pilsner,"Dieta,Пивная диета",Pilsner - Other,2022-06-21,3.929,,,,,4.5,,4
Murquell Pilsner,Plan B Brewery,Pilsner - Czech / Bohemian,2022-08-26,3.853,30.0,,,,4.8,,4
Happy Pilsner Cashmere,Bierstaat,Pilsner - Other,2023-04-11,3.731,21.0,Cashmere,,,5.2,,4
Hop Headshot: Idaho7,Midnight Project,IPA - Triple,2023-04-14,4.18,111.0,Idaho 7,,,6.8,,4
Smuha: Nectaron,Malanka,IPA - Imperial / Double New England / Hazy,2023-03-31,4.325,40.0,Nectaron,"Pilsner,Wheat,Flaked Oats,Flaked Wheat",,6.8,18.0,4
Sourroundings,Jungle Brewery,Sour - Fruited,2023-04-13,4.059,13.0,,,"Banana,Strawberry,Lactose",5.2,14.0,4
Бабл Гам,Хмельной фермер,Hard Seltzer,2023-04-02,,,,,,4.9,,3
Smoked Up,Bierstaat,Smoked Beer,2023-04-04,4.12,28.0,,,,6.6,,4
Wheat Harvester,Hops Brewery,IPA - White / Wheat,2019-04-01,3.82,50.0,"Warrior,Mosaic,Citra",,,6.8,,4
Стаут,Chester Brewery,Stout - Milk / Sweet,2020-11-24,3.244,23.0,,,,5.5,,2
Urstein Weizen,Двинский бровар,Wheat Beer - Hefeweizen,2017-12-07,2.705,,,,,4.2,,4
Лысый Шарлатан,Brewlok,IPA - Black / Cascadian Dark Ale,2023-02-17,3.792,,,,,6.0,,4
Your Quadruple Sour Peach Juice,Midnight Project,Sour - Fruited,2020-01-17,4.243,15.0,,,Peach,6.8,,4
Призрак у дороги,Brewlok,Porter - Other,2023-02-17,3.783,,,,,6.3,,4
Move Around,Jungle Brewery,IPA - Imperial / Double,2023-03-27,4.213,90.0,"Pahto,Idaho 7,Simcoe",,,6.8,19.0,4
Strict Attention,Jungle Brewery,Stout - Imperial / Double,2023-03-23,4.306,50.0,,,,6.8,26.8,4
Muson: Piersik & Kivi & Limon,Malanka,Sour - Fruited,2023-03-29,4.217,,,"Pilsner,Wheat","Peach,Kiwi,Lemon",5.0,16.0,4
Зависимость [Мята],4BREWERS,Sour - Other Gose,2023-03-21,3.954,,,,,4.5,,4
Karahod: Galaxy & Simcoe Cryo,"Malanka,Spin Bar",IPA - Imperial / Double New England / Hazy,2023-03-25,4.339,40.0,"Galaxy,Simcoe","Pilsner,Wheat,Flaked Wheat,Flaked Oats",,6.8,18.0,4
Balta Pinta,Volfas Engelman,Wheat Beer - Hefeweizen,2014-04-16,3.389,,,,,5.0,12.0,4
Combi Nation #62 [Banana+Coconut+Strawberry+Apricot+Vanilla+Marshmallow],Sindrom Brewery,Sour - Smoothie / Pastry,2022-11-28,4.158,,,,,6.0,,4
Goseline Pump: Sea Buckthorn,AF Brew,Sour - Traditional Gose,2016-06-30,3.94,,,,,4.8,,2
Melomel: Mojito,Punchiller,Mead - Melomel,2022-05-31,4.281,,,,"Mint,Lime",6.8,,4
Cucu Drip,Sindrom Brewery,Sour - Other Gose,2022-11-08,3.787,,,,,5.5,,4
ESB,Fuller’s,Bitter - Extra Special / Strong (ESB),,3.552,40.0,,,,5.9,,4
Harvest,Bierstaat,Bock - Weizenbock,2023-03-20,4.088,,,,,6.7,,4
Holy Cow!,Bierstaat,Stout - Milk / Sweet,2023-03-28,4.067,,,,,6.3,,4
Тропическая Медовуха,Салаир,Mead - Melomel,2023-04-05,,,,,,5.4,,4
#4,Sozhski Beer,Märzen,2021-03-05,3.609,15.0,,,,5.7,,3
Seth & Riley's Garage Hard Peach,Балтика,Shandy / Radler,2022-07-13,3.103,,,,,4.6,,3
Stimulant,Jungle Brewery,IPA - American,2023-03-16,4.152,70.0,"Pahto,Simcoe,Idaho 7,Citra",,,6.4,14.0,4
Chaliera: Mosaic,Malanka,IPA - American,2023-03-15,4.216,60.0,Mosaic,Pilsner,,6.6,15.0,4
Red Grapevine,Салаир,Mead - Pyment,2019-03-12,2.644,,,,,5.0,,3
Поворот не туда,White Stone Brewery,IPA - Imperial / Double,2020-10-08,3.91,90.0,,,,6.8,,4
Brownstorm,13 Litar,Brown Ale - Imperial / Double,2023-01-25,4.002,40.0,"Centennial,Sabro","Vienna,Pilsner,Crystal,Roasted Barley",,6.8,19.5,4
King Crimson,Bierstaat,Stout - Imperial / Double,2023-03-13,4.183,25.0,,,,6.9,25.0,4
Гуава-арбуз,Хмельной фермер,Fruit Beer,2023-03-21,,,,,,4.9,,3
Sanddorn,Zavod,Sour - Fruited Berliner Weisse,2022-06-21,3.474,8.0,,,Sea buckthorn,4.3,,4
Bavarskoe (Баварское),Самко,Lager - Pale,2016-05-11,2.771,,,,,4.8,,3
Ice Siberia Berry,Салаир,Mead - Melomel,2019-05-21,3.441,,,,,5.0,,4
Сибирская тьма,Brewlok,Stout - Milk / Sweet,2022-01-24,3.971,,,,,6.8,,3
What Is Vista?..,13 Litar,IPA - White / Wheat,2023-02-06,4.052,60.0,Vista,"Pilsner,Wheat",,6.8,18.5,4
Cyklon: Citra & Idaho 7,Malanka,IPA - Imperial / Double,2023-03-03,4.256,40.0,"Citra,Idaho 7","Pilsner,Wheat,Flaked Wheat",,6.8,18.0,4
Lörts,Zavod,Porter - Baltic,2022-12-16,3.862,30.0,,,,6.8,,4
Достоевский. Том 8,Brewlok,Porter - Imperial / Double Baltic,2022-12-08,4.25,,,,,6.8,,4
#2,Sozhski Beer,Pilsner - German,2021-02-26,3.529,20.0,,,,4.0,,4
Прастора: Zappa & Idaho Gem,Прамень,IPA - American,2023-01-31,3.713,40.0,"Zappa,Idaho Gem",,,6.7,,4
Black Wheat,Magnify Brewing Company,Dark Ale,2015-05-16,3.768,,,,,5.0,,3
Синяя пчела.Клубника.,Салаир,Mead - Melomel,2022-09-21,,,,,,5.0,,0
Cherry Label,Chibis Brewery,Fruit Beer,2022-11-11,3.859,,,,,6.9,,4
Duality: Idaho Gem & Bru 1,Bierstaat,IPA - Imperial / Double,2023-02-28,3.835,55.0,"Idaho Gem,BRU-1",,,6.9,,4
Future Forms,Jungle Brewery,IPA - New England / Hazy,2023-02-16,4.076,40.0,"Sabro,Idaho 7,HBC630",,,6.7,17.7,4
Калекцыя майстра Hoppy Lager,Лідскае піва,Lager - IPL (India Pale Lager),2023-02-28,3.529,25.0,"Sabro,Ella,Perle",,,5.0,,4
Highlighter (Alloha),Chibis Brewery,IPA - New England / Hazy,2022-12-21,3.679,,,,,6.8,,3
Cherie Cheri Lady,Bierstaat,Belgian Blonde,2023-02-28,3.854,,,,Cherry,6.5,,4
Target: Renegade,Midnight Project,IPA - Imperial / Double,2023-02-10,3.964,65.0,"Amarillo,Simcoe",,,6.8,,4
Tomatoni: BBQ,Jungle Brewery,Sour - Other Gose,2023-02-21,4.285,10.0,,,,5.0,13.0,4
So Much Caffeine: Cuba Serrano,Bierstaat,Stout - Coffee,2023-02-14,4.19,16.0,,,Coffee,6.8,,4
Белое,Коломенская пивоварня,Wheat Beer - Other,2021-11-20,2.905,,,,,4.7,,3
Ride the Wave,Valaduta,IPA - American,2023-01-09,4.042,35.0,"Cascade,Centennial,Simcoe",,,6.8,,4
Lichamanka: Medusa,Malanka,IPA - Imperial / Double,2023-02-01,4.225,100.0,Medusa,Pilsner,,6.8,18.0,4
Belgian Blonde Ale,Bierstaat,Belgian Blonde,2023-02-07,3.75,14.0,,,,6.5,,4
Не Кричи На Кимчи,4BREWERS,Sour - Other Gose,2022-12-22,4.247,,,,,5.0,,4
Red Liquid,Chibis Brewery,Sour - Other Gose,2022-09-26,3.777,,,,,5.2,,4
Break Dancer,"Midnight Project,Бакунин",Stout - Pastry,2019-09-01,4.046,30.0,,,,6.8,30.0,4
Trip To Grandma,Brewlok,Sour - Other,2022-08-09,3.672,,,,,6.2,,4
Smuha: Riwaka,Malanka,IPA - Imperial / Double New England / Hazy,2023-02-03,4.257,40.0,,"Pilsner,Flaked Oats,Flaked Wheat,Wheat",,6.8,19.3,4
Зуброўскі,Hops Brewery,Pilsner - Imperial / Double,2023-01-26,3.755,30.0,,,,6.8,,4
ODIN,Midnight Project,Porter - Imperial / Double Baltic,2023-02-03,4.134,56.0,,,,6.8,,4
Doom Spell,Jungle Brewery,Lager - Dark,2023-01-05,3.85,20.0,,,,5.4,13.0,4
Cherry Mead,Степь и ветер,Mead - Melomel,2018-04-04,4.038,,,,,6.0,,4
Старая Пигалица (Old Chibis) Ver.5 Cherry,Chibis Brewery,Stout - Russian Imperial,2022-11-11,4.005,,,,,6.8,,4
Hefeweizen,Bierstaat,Wheat Beer - Hefeweizen,2023-01-23,3.659,8.0,,,,5.3,,4
Vivid Vibe: Red Currant,Plague Brew,Sour - Fruited Berliner Weisse,2022-10-30,4.09,5.0,,,,5.3,,4
Hop Headshot: El Dorado,Midnight Project,IPA - Triple,2021-12-24,4.152,111.0,El Dorado,,,6.8,,4
Rager: CTZ,Valaduta,IPA - Imperial / Double,2023-01-16,4.158,70.0,Columbus,,,6.8,,4
Tajfun: Citra & Mosaic,Malanka,IPA - Imperial / Double New England / Hazy,2023-01-18,4.399,60.0,"Citra,Mosaic","Pilsner,Flaked Oats",,6.8,19.3,4
Slodyč: Kakos i Mindaĺ,Malanka,Stout - Imperial / Double Pastry,2023-01-20,4.416,,,"Biscuit,Cara Clair,Chocolate,Pale Ale","Coconut,Almonds",6.8,30.0,5
Светлое,Craft,Lager - Pale,2018-09-15,2.503,,,,,4.2,12.0,3
Хорошая девочка,Česky Lev,Fruit Beer,2023-01-28,2.65,,,,,5.2,,3
Китайский император,Česky Lev,Fruit Beer,2022-12-26,2.675,,,,,5.2,,3
Gummi [Raspberries+Cherries+Marshmallows],Sindrom Brewery,Mead - Melomel,2022-08-18,4.176,,,,,6.0,,4
Beer Harbor,Chibis Brewery,Belgian Strong Golden Ale,2022-11-07,3.927,,,,,6.8,,4
Nightglow,13 Litar,Porter - Baltic,2022-12-14,4.234,25.0,Centennial,"Vienna,Crystal,Roasted Barley",,6.8,20.0,4
Утопия,Brewlok,IPA - Imperial / Double New England / Hazy,2022-04-08,3.678,,,,,6.8,,4
Village Lyrics,Konix Brewery,Farmhouse Ale - Saison,2022-07-13,3.439,9.0,,,,6.5,,4
Принеси Подай,4BREWERS,Sour - Other Gose,2022-12-19,4.102,,,,,5.0,,4
Suchaviej: Rosé,Malanka,IPA - Brut,2022-12-30,4.083,40.0,Hallertau Blanc,Pilsner,"Red Currant,Chokeberry",6.8,17.0,4
Metropolis,Bierstaat,Stout - Milk / Sweet,2023-01-17,4.026,14.0,,,,6.5,,4
Hell Man: Kimchi,Chibis Brewery,Sour - Tomato / Vegetable Gose,2022-04-12,4.112,,,,,4.5,,4
Slurm,Burning Brewery,Sour - Fruited,2022-09-15,2.741,11.0,,,,5.5,,3
WUF,Zagovor Brewery,Kölsch,2021-06-12,3.874,,"Spalter Select,Motueka",,,5.0,12.0,4
Vivid Vibe: Pomegranate,Plague Brew,Sour - Fruited Berliner Weisse,2021-10-19,4.162,5.0,,,,5.3,,4
Sahti,LaBEERint Brewery,Farmhouse Ale - Sahti,2016-08-27,3.843,25.0,,,,6.8,,4
Ореховый эль,Роян,Brown Ale - Other,2021-03-09,2.868,,,,,5.0,,2
Cidre Royal With Pear,Royal Fruit Garden,Cider - Other Fruit,2020-10-27,3.583,,,,,5.0,,4
Cidre Royal With Cranberry,Royal Fruit Garden,Cider - Other Fruit,2015-02-01,3.364,,,,,5.0,,3
Tomato Gose v.2 (BBQ Bourbon Whiskey),LaBEERint Brewery,Sour - Fruited Gose,2020-09-12,3.963,40.0,,,,6.0,,4
Reason,Robim Good Brewery,Red Ale - Other,2022-11-03,3.603,14.0,,,,5.4,14.4,3
Доза [Mango + Pineapple + Grapefruit],4BREWERS,Sour - Smoothie / Pastry,2022-08-23,4.276,,,,,6.0,,4
Apelsikha (Апельсиха),LaBEERint Brewery,Sour - Fruited,2022-08-18,3.972,,,,,5.0,,4
Чижик,Midnight Project,Stout - Milk / Sweet,2022-12-30,3.976,34.0,,,,6.9,,4
FOREVER PUNK,Rock’n’Beer,IPA - Other,2022-09-27,3.64,60.0,,,,6.0,,4
Hard To Say No,Chibis Brewery,Stout - Oatmeal,2017-06-21,3.554,15.0,,,,6.5,,4
So Much Caffeine: Santos,Bierstaat,Stout - Coffee,2023-01-03,4.183,16.0,,,"Coffee,Lactose",6.8,,4
Сheers! Enigma & Bru 1,Bierstaat,IPA - Imperial / Double,2022-12-26,3.84,60.0,"Enigma,BRU-1",,,6.8,,4
American Gothic,Bierstaat,IPA - New England / Hazy,2022-12-13,4.046,40.0,Sabro,,,6.8,,4
Хельмут,Panzer Brewery,Lager - Helles,2022-08-29,3.654,9.0,,,,4.9,,4
Сливовица,Česky Lev,Fruit Beer,2022-12-26,2.959,,,,,5.2,,4
Finish Him!,Bierstaat,Porter - Baltic,2022-12-26,3.997,19.0,,,,6.9,,4
Značka (Значка),Самко,Lager - Pale,2014-04-08,2.734,,,,,4.8,,2
Самко Чешское (Samko Cheshskoe),Самко,Lager - Pale,2016-04-12,,,,,,4.5,,3
Sherst,Zavod,Barleywine - Other,2021-10-31,3.871,40.0,,,,6.8,,4
Enigma,13 Litar,IPA - Imperial / Double,2021-05-13,3.968,70.0,Enigma,"Pale Ale,Pilsner",,6.8,18.7,4
Взлом,4BREWERS,Stout - Imperial / Double Pastry,2022-07-05,3.993,,,,"Coconut,Chocolate,Vanilla",6.9,,4
СЕЗОННЫЕ ОСАДКИ,"Knightberg,TBP",Farmhouse Ale - Saison,2022-10-08,3.815,,,,,5.0,,4
Tales of Power,Stamm Brewing,IPA - American,2022-07-25,3.827,,,,,6.5,,4
Playground Twist,Plan B Brewery,Pale Ale - American,2022-07-26,3.833,35.0,,,,5.5,,4
Вброс [Triumph],4BREWERS,Pale Ale - American,2022-11-01,3.651,,,,,5.5,,3
Вброс [Vista],4BREWERS,Pale Ale - American,2022-10-06,3.628,,,,,5.5,,4
Hoppy Mead,Степь и ветер,Mead - Traditional,2022-04-14,3.743,,,,,4.5,,4
Play Twice,Jungle Brewery,IPA - Imperial / Double,2022-12-12,4.202,90.0,"Simcoe,Centennial,El Dorado",,,6.8,18.9,4
Доза [Orange Pulp + Mango + Pineapple],4BREWERS,Sour - Fruited,2020-10-26,4.244,,,,"Orange,Mango,Pineapple",6.0,,4
Near & Far,Zagovor Brewery,Bitter - Best,2022-11-16,3.742,12.0,,,,4.2,,4
Over Shadow,Jungle Brewery,Stout - Imperial / Double Milk,2022-12-12,4.167,30.0,Citra,,,6.8,26.8,4
Чертополох,"Knightberg,BiberBräu",Historical Beer - Gruit / Ancient Herbed Ale,2014-10-14,3.836,30.0,,,,4.1,,4
Dance,Robim Good Brewery,IPA - Imperial / Double,2022-12-09,3.764,19.0,Medusa,,,6.9,18.9,4
Milkshake DIPA Coconut & Ice-Cream,Salden’s Brewery,IPA - Imperial / Double Milkshake,2018-11-07,3.77,70.0,,,,6.8,,4
Vitasid Apple (Semi-Dry),Men's Company,Cider - Traditional / Apfelwein,2022-03-28,3.103,,,,,4.6,,3
Pineapple Shake,Sozhski Beer,IPA - Milkshake,2023-08-25,3.832,32.0,,,,6.5,,4
Hofer,Самко,Pilsner - German,2014-02-11,2.752,,,,,4.5,,2
Your Quadruple Sour Cranberry Juice,Midnight Project,Sour - Fruited,2022-11-25,4.118,15.0,,,,6.8,,4
Relax,Robim Good Brewery,Stout - Imperial / Double,2022-12-09,3.797,21.0,,,,6.9,20.9,4
Mlosć: Simcoe,Malanka,Pale Ale - American,2022-12-02,4.17,77.0,Simcoe,Pilsner,,5.5,13.0,4
Belle Blanche,Bierstaat,Wheat Beer - Witbier / Blanche,2022-12-13,3.834,8.0,,,"Orange zest,Coriander",5.3,,4
Hop Headshot: Amarillo,Midnight Project,IPA - Triple,2022-11-17,4.14,111.0,Amarillo,,,6.8,,4
Ruby On Top,Zavod,Fruit Beer,2022-10-05,3.635,10.0,,,,6.8,,4
Rager: BRU-1,Valaduta,IPA - Imperial / Double,2022-10-23,4.104,70.0,BRU-1,,,6.8,,4
Kikimora Coconut Story | Кикимора с кокосом,Brewlok,Stout - Milk / Sweet,2022-11-11,3.826,,,,,6.5,,4
Заправское,ПЗ Канцлеръ,Lager - Pale,2017-02-22,2.858,,,,,4.0,,3
Бархатное Светлое,ПЗ Канцлеръ,Lager - Pale,2015-08-19,2.763,,,,,4.5,,4
Road Movie,Bierstaat,IPA - American,2022-11-29,3.678,40.0,Azacca,,,6.8,,4
Tomatoni,Jungle Brewery,Sour - Other Gose,2022-10-06,3.826,10.0,,,"Tomato,Salt,Black Pepper",5.7,13.6,4
Cherry Cordial,Zavod,Stout - Imperial / Double Pastry,2022-10-17,4.122,40.0,,,,6.8,,4
Прастора Talus,Прамень,IPA - American,2022-10-25,3.668,35.0,Talus,,,6.3,,4
Паўночнае ззянне,Прамень,Stout - Oatmeal,2022-11-01,3.964,20.0,,,,6.6,,4
Баварское,Варница,Lager - Pale,2015-09-24,2.509,,,,,6.5,,4
NePilsner,Sozhski Beer,Kellerbier / Zwickelbier,2022-06-09,3.313,20.0,,,,4.7,,4
Schrödinger,Zavod,Barleywine - English,2022-11-07,3.899,35.0,,,,6.8,,4
Beast Mode,Main Rule,IPA - Imperial / Double New England / Hazy,2022-09-14,3.87,40.0,,,,6.8,,4
Puzzle: Azacca,Bierstaat,Porter - American,2022-11-22,3.996,25.0,Azacca,,,6.8,,4
Eclipse,13 Litar,IPA - American,2022-01-26,3.794,55.0,"Simcoe,Sabro",Pilsner,,6.3,15.0,4
Lay Low,Bierstaat,IPA - Belgian,2022-11-15,3.82,37.0,"Cashmere,Ekuanot",,,6.5,,4
HOLA! PEÑO!,Бакунин,Sour - Fruited,2022-05-19,3.821,5.0,,,,6.5,,4
Tomatoni: Ajika,Jungle Brewery,Sour - Other Gose,2022-10-24,4.154,10.0,,,,5.0,13.0,5
Dark Velvet,Sozhski Beer,Lager - Euro Dark,2022-03-18,3.521,12.0,,,,5.6,,4
J Pils,Jungle Brewery,Pilsner - Czech / Bohemian,2022-05-18,4.08,35.0,,,,4.9,14.0,3
Hop Headshot: Cashmere,Midnight Project,IPA - Triple,2022-11-04,4.122,111.0,Cashmere,,,6.8,,4
Reversion,Jungle Brewery,IPA - Imperial / Double,2022-10-24,4.23,80.0,"Columbus,Topaz,Centennial,Citra,Simcoe,Idaho 7",,,6.8,20.2,4
Poklič: Spalter Select,Malanka,Farmhouse Ale - Saison,2022-11-04,4.114,35.0,Spalter Select,Pilsner,,5.0,13.8,4
Stary Melnik iz Bochonka Temnoye Barhatnoe (Старый Мельник из Бочонка Тёмное Бархатное),Anadolu Efes,Lager - Munich Dunkel,2012-04-28,2.897,,,,,4.2,,3
Секрет Пивовара Светлое Мягкое,Очаково,Lager - Pale,2021-05-08,2.561,,,,,4.3,,1
Scarecrow,Bierbank,Pumpkin / Yam Beer,2020-10-22,3.67,17.0,,,"Cinnamon,Pumpkin",6.8,,4
Medusa,13 Litar,IPA - American,2021-10-27,3.834,50.0,Medusa,"Pale Ale,Pilsner",,6.4,15.0,4
Пилснер,Plan B Brewery,Pilsner - Czech / Bohemian,2019-07-15,3.724,30.0,,,,4.8,,3
Кухни мира: Узбекистан,Alaska Brewery,Sour - Other Gose,2022-08-28,3.247,,,,,5.0,,4
Duality: Citra & Lemondrop,Bierstaat,IPA - Imperial / Double,2022-11-01,3.942,60.0,"Citra,Lemondrop",,,6.9,,4
Rager: Pekko,Valaduta,IPA - Imperial / Double,2022-10-30,4.063,70.0,Pekko,,,6.8,,4
Stay Crazy,Valdsam Bjorn Brewery,IPA - American,2022-10-03,3.936,40.0,,,,6.4,,3
Unexpected,Valdsam Bjorn Brewery,Porter - Imperial / Double,2022-10-11,4.236,40.0,,,,6.8,,4
Talus,Bierstaat,IPA - Imperial / Double,2022-10-25,3.936,60.0,Talus,,,6.9,,4
Smuha: Pink Boots,Malanka,IPA - Imperial / Double New England / Hazy,2022-10-14,4.27,,Pink Boots,"Pilsner,Flaked Oats",,6.8,18.7,4
Pavietra: Medusa,Malanka,Pale Ale - New England / Hazy,2022-10-07,4.199,,Medusa,"Pilsner,Flaked Oats",,4.7,12.0,4
Berry Tale,"Panzer Brewery,Bierstaat",Sour - Fruited,2022-10-03,4.058,12.0,,,,6.5,,4
Blacklist,13 Litar,IPA - Black / Cascadian Dark Ale,2022-07-25,3.807,45.0,Amarillo,"Pilsner,Black",,6.3,15.5,3
Prohodnoe,Hops Brewery,Lager - Pale,2022-09-20,3.403,12.0,,,,3.6,,3
Blanc Select,Kalnapilio-Tauro,Wheat Beer - Other,2020-08-29,3.31,,,,,4.7,,3
Moonstone: Black Almond,Midnight Project,Stout - Imperial / Double Pastry,2021-10-08,4.271,40.0,,,Almonds,6.8,,5
Hiraeth,Bierbank,Belgian Tripel,2022-09-30,4.05,25.0,,,,6.9,,4
Chill-N-Cheers,Midnight Project,IPA - Imperial / Double New England / Hazy,2022-09-30,4.114,20.0,"Citra,Mosaic,Pink Boots",,,6.8,,4
Dream Sequence,Jungle Brewery,Porter - Other,2022-09-19,4.049,25.0,,,,6.8,17.0,4
Burning Fox,"Midnight Project,Hophead Brewery",Sour - Other Gose,2022-09-22,3.906,15.0,,,"Mushrooms,Coriander,Black Pepper,Allspice,Oregano,Parsley,Salt",6.5,,4
Dream,Robim Good Brewery,Lager - Dark,2022-10-12,3.545,8.0,,,,4.5,12.0,3
Amber Bock,Староместный пивовар,Bock - Single / Traditional,2018-08-31,3.469,21.0,,,,6.5,15.5,3
Vibing,Sindrom Brewery,Sour - Fruited,2022-07-11,3.888,20.0,,,Passion fruit,6.0,,4
Cashmere,13 Litar,IPA - American,2021-06-17,3.861,40.0,Cashmere,Pilsner,,5.9,15.0,4
Blanche Ma Cherie,Konix Brewery,Wheat Beer - Witbier / Blanche,2016-02-19,3.511,8.0,,,,4.5,,4
Dark Outcast,Midnight Project,Stout - Imperial / Double,2022-10-01,4.188,20.0,,,,6.8,,4
Heavy Traffic,Jungle Brewery,IPA - White / Wheat,2022-09-19,4.105,45.0,"Simcoe,Citra,Mosaic,Medusa",,,6.0,14.0,4
Delirium Red,Brouwerij Huyghe,Fruit Beer,,3.582,10.0,,,Cherry,6.8,,4
Monk's Café Flemish Sour Ale,Brouwerij Van Steenberge,Sour - Flanders Oud Bruin,,3.839,,,,,5.5,,4
Ballantine,Московская пивоваренная компания,Stout - Other,2018-10-18,3.071,,,,,4.1,,4
Facepalm,White Stone Brewery,Stout - Milk / Sweet,2022-08-08,4.012,13.0,,,,6.0,,4
Beech Soot,Valaduta,Smoked Beer,2022-08-23,4.348,25.0,,,,5.7,,4
Saltence,13 Litar,Sour - Traditional Gose,2022-08-02,3.484,15.0,Loral,"Pilsner,Wheat",Salt,5.0,12.5,3
Your Quadruple Sour Purple Juice,Midnight Project,Sour - Fruited,2020-04-18,4.225,15.0,,,Blueberry,6.8,,5
Vinyl: Sabro & Zappa,Bierstaat,Pale Ale - American,2022-08-30,3.79,30.0,"Sabro,Zappa",,,4.8,,3
Есенин,Brewlok,Stout - Russian Imperial,2019-11-21,4.237,,,,Tonka Beans,6.8,,2
Salty Vibe: Cherry,Plague Brew,Sour - Fruited Gose,2022-06-08,3.95,5.0,,,,5.3,,4
Fruits Attack!,Selfmade Brewery,Sour - Smoothie / Pastry,2022-07-19,4.044,10.0,,,"Pineapple,Apple,Feijoa",5.8,,4
Wildberries And Herbs,Brewmen,Sour - Fruited,2021-06-24,3.952,5.0,,,,5.5,,4
Vivid Vibe: Lime,Plague Brew,Sour - Fruited Berliner Weisse,2022-05-09,3.99,6.0,,,,5.3,,2
Hard Feelings,Jungle Brewery,IPA - Imperial / Double,2022-08-22,4.218,80.0,"Simcoe,Azacca,Mosaic,Chinook",,,6.8,18.9,4
Sweet Flava,Jungle Brewery,Sour - Fruited,2022-08-22,3.976,10.0,,,"Banana,Melon,Pineapple",5.5,14.7,4
Sound Wave,Bierstaat,Stout - Milk / Sweet,2022-09-12,4.109,17.0,,,,6.8,,4
Le Voyage,Midnight Project,Farmhouse Ale - Saison,2022-09-01,3.818,18.0,Mandarina Bavaria,,,6.8,,4
Divine Fog: Cashmere,Midnight Project,Pale Ale - New England / Hazy,2022-08-11,3.951,,Cashmere,,,5.5,,4
Pošasć: El Dorado,Malanka,IPA - Quadruple,2022-09-07,4.191,175.0,El Dorado,Pilsner,,6.8,24.0,4
Нетипичная вечеринка,White Stone Brewery,Sour - Other Gose,2022-06-06,3.939,7.0,,,,6.0,,4
Rager: Cascade,Valaduta,IPA - Imperial / Double,2022-08-04,4.318,70.0,Cascade,,,6.8,,4
Seed Bead,Bierbank,IPA - American,2022-08-09,4.168,45.0,"Simcoe,El Dorado",,,6.3,,4
Mist Around,Jungle Brewery,Pale Ale - New England / Hazy,2022-08-08,4.025,40.0,"Sabro,Amarillo,Mosaic,Citra",,,5.2,12.4,4
Rager: El Dorado,Valaduta,IPA - Imperial / Double,2022-08-29,4.137,70.0,El Dorado,,,6.8,,4
Sunset: Zappa,Bierstaat,IPA - Session,2022-08-02,3.844,30.0,Zappa,,,4.6,,3
Summer Pilsner: Evergreen,Bierstaat,Pilsner - Other,2022-08-16,3.714,20.0,Evergreen,,,5.0,,4
Pink Boots,Atmosphere Brewery,IPA - American,2021-12-08,3.457,60.0,,,,6.8,,4
Belgian Dubbel,Salden’s Brewery,Belgian Dubbel,2014-05-05,3.359,,,,,6.8,,4
Belgian Blond Ale,Konix Brewery,Belgian Blonde,2017-01-22,3.351,20.0,,,,6.1,,4
Zenki Cranberry Spritz,Двинский бровар,Fruit Beer,2021-03-13,2.326,,,,,6.5,,0
Citra & Mosaic Double IPA,Salden’s Brewery,IPA - Imperial / Double,2015-05-07,3.975,100.0,,,,6.8,,4
TRIANGULATION,Big Village Brewery,Sour - Fruited Gose,2022-05-26,3.786,,,,,6.0,,4
Forester,Green Man Brewery,Stout - American,2013-11-27,3.642,,,,,6.0,,4
Tahiti Brunch,Stamm Brewing,Stout - Milk / Sweet,2022-05-19,3.606,,,,,5.0,,4
Hop Rider,Sabotage,IPA - American,2018-09-15,3.833,,"Mosaic,Citra,Simcoe,Falconer’s Flight",,,5.7,,4
La Paloma,Rewort Brewery,Sour - Fruited Gose,2022-04-16,3.875,,,,,6.2,,4
Hopshot Simcoe,Plague Brew,IPA - New England / Hazy,2022-02-17,3.634,,,,,6.5,,4
Equilibre,Stamm Brewing,IPA - Imperial / Double New England / Hazy,2022-07-25,3.743,,,,,6.8,,4
Silence & Ataraxy,Rewort Brewery,Stout - Russian Imperial,2022-04-25,4.0,31.0,,,,6.8,,4
I Want To Break Free,Hophead Brewery,IPA - Imperial / Double,2022-05-18,3.825,60.0,,,,6.8,,4
Fusion Colada,Stamm Brewing,IPA - Sour,2022-07-25,3.75,,,,,6.0,,4
Insomnia,13 Litar,Porter - American,2021-01-12,4.06,40.0,"Galaxy,Ekuanot,Cascade","Pale Ale,Pilsner,Munich,Vienna,Chocolate,Caramunich,Roasted Barley",,6.8,21.0,4
White Squall,Hops Brewery,IPA - White / Wheat,2022-08-08,3.868,50.0,"Mosaic,Citra,Warrior",,,6.6,,4
Lager,13 Litar,Pilsner - Czech / Bohemian,2015-12-18,3.424,,,,,4.5,,4
Vinyl: Sabro & Triumph,Bierstaat,Pale Ale - American,2022-08-16,3.683,30.0,"Sabro,Triumph",,,4.8,,4
Summer Pilsner: Ella,Bierstaat,Pale Ale - Other,2022-08-09,3.803,20.0,Ella,,,5.0,,4
Sunshine,13 Litar,IPA - Session,2018-05-24,3.735,30.0,"Perle,Cascade,Amarillo","Pale Ale,Munich,Pilsner,Melanoidin",,5.0,12.0,4
American Pale Ale,13 Litar,Pale Ale - American,2016-08-17,3.891,35.0,,,,5.0,,4
Rager: Centennial,Valaduta,IPA - Imperial / Double,2022-07-28,4.229,70.0,Centennial,,,6.8,,4
Breaking Codes,Jungle Brewery,IPA - Imperial / Double,2022-07-18,4.278,85.0,"El Dorado,Amarillo,Galaxy",,,6.8,18.2,4
Expression,Bierstaat,Stout - Milk / Sweet,2022-08-02,3.858,15.0,,,,5.5,,4
Hack,Anonymous Crew,Stout - Oatmeal,2022-07-29,3.792,,,,,4.4,,4
Maisel's Weisse Original,Brauerei Gebr. Maisel,Wheat Beer - Hefeweizen,,3.599,12.0,Hallertau,,,5.2,,4
Summer Meadow,Valaduta,IPA - American,2022-08-02,4.089,45.0,"Cascade,Centennial",,,5.5,,4
Divine Fog: Vista,Midnight Project,Pale Ale - New England / Hazy,2022-07-29,3.969,,Vista,,,5.5,,4
VitaSid Berry,Men's Company,Cider - Other Fruit,2022-03-30,3.185,,,,,4.6,,4
Sunflower,13 Litar,IPA - Imperial / Double,2022-07-06,3.844,60.0,"Loral,Centennial","Pale Ale,Pilsner",,6.8,17.5,4
Mon Cher Cassis,Konix Brewery,Fruit Beer,2017-04-17,3.68,10.0,,,,4.9,,4
Emotion,Bierstaat,Stout - Milk / Sweet,2022-08-02,3.899,16.0,,,Lactose,6.5,,4
Lighthouse,13 Litar,IPA - Session,2022-05-30,3.768,35.0,"Simcoe,Sabro","Pilsner,Wheat",,4.9,12.0,4
Tomato Gose Cilantro,Brewlok,Sour - Other Gose,2022-07-01,3.202,,,,"Coriander,Salt,Red Pepper,Tomato",4.5,,4
Айдаха Medusa Ed.,Прамень,Pale Ale - American,2022-07-07,3.514,30.0,"Idaho Gem,Medusa",,,6.0,,4
Western,Robim Good Brewery,Wheat Beer - American Pale Wheat,2022-06-21,3.499,24.0,"Topaz,Citra,Galaxy",,,4.3,11.5,3
Way of Hero,Selfmade Brewery,Stout - Other,2021-07-08,4.04,34.0,,,,6.8,,4
Calm Down,Hops Brewery,Pale Ale - New England / Hazy,2022-07-22,3.954,25.0,,,,4.8,,4
Sunset: Citra & Triumph,Bierstaat,IPA - Session,2022-07-18,3.953,30.0,"Citra,Triumph",,,4.6,,4
Urstein Dunkel,Двинский бровар,Lager - Munich Dunkel,2013-03-09,2.956,,,,,4.8,,2
Skyline,Robim Good Brewery,Stout - Milk / Sweet,2022-07-18,3.778,24.0,,,Lactose,6.3,17.4,3
Pils,Alpirsbacher Klosterbräu,Pilsner - German,2010-08-21,3.33,28.0,,,,4.9,,4
Grodziskie,Bierstaat,Grodziskie / Grätzer,2022-07-18,3.693,9.0,Hallertau Blanc,,,3.5,,4
Redneck Rampage,Selfmade Brewery,Sour - Other Gose,2022-06-29,3.805,10.0,,,,5.4,,4
Ape King,Selfmade Brewery,Sour - Other Gose,2022-05-18,3.706,10.0,,,,6.2,,4
Zhigulikkeller,"Midnight Project,Mikkeller,Selfmade Brewery",Lager - IPL (India Pale Lager),2019-02-12,3.914,37.0,"Citra,Simcoe",,,4.2,,4
Alder Soot,Valaduta,Smoked Beer,2022-07-11,4.305,25.0,,,,6.0,,4
Obscurrant,Zavod,Chilli / Chile Beer,2022-02-18,4.036,17.0,,,"Apple,Black Currant,Red Pepper",6.0,,4
MANGO,Горьковская пивоварня,Fruit Beer,2020-11-14,2.83,8.0,,,,5.0,,2
Rager: Azacca,Valaduta,IPA - Imperial / Double,2022-07-14,4.14,70.0,Azacca,,,6.8,,4
Sacred Duality,Rewort Brewery,Stout - Imperial / Double Milk,2020-01-10,4.074,27.0,,,Chocolate,6.8,,4
La Pénitence,Midnight Project,Belgian Dubbel,2022-07-01,3.87,24.0,,,,6.8,,4
Forever MA,Rewort Brewery,Pale Ale - American,2021-11-23,3.826,27.0,"Mosaic,Citra",,,5.5,,4
Song Cider Semi-dry,Вежа,Cider - Other Fruit,2020-10-07,3.562,,,,,5.0,,4
Smoked Pineapple,Plague Brew,Historical Beer - Lichtenhainer,2022-05-27,3.894,8.0,,,,5.8,,4
Blackened Crust,Plague Brew,Porter - Imperial / Double,2022-05-31,4.342,40.0,,,,6.8,,4
Falkenstein,Plague Brew,Historical Beer - Dampfbier,2021-10-25,3.795,35.0,,,,6.8,,4
Кухни мира: Индия,Alaska Brewery,Sour - Other Gose,2022-06-29,3.779,,,,,5.0,,4
Antares'22,Velka Morava,Stout - Russian Imperial,2021-12-13,3.946,,,,,6.8,,4
Queen Anne III,Velka Morava,Barleywine - English,2022-04-11,3.823,,,,,6.8,,4
Iron Woods Milk Stout,Gletcher,Stout - Milk / Sweet,2020-02-25,3.599,15.0,,,,5.5,,4
Against Double Milk!,Zagovor Brewery,IPA - Milkshake,2018-09-24,4.111,40.0,"Citra,Mosaic",,,6.8,19.0,4
D-Beet,Sabotage,Sour - Fruited,2022-03-13,3.959,,,,,6.0,,4
Working Class Hero: Loral,13 Litar,Porter - English,2022-05-26,4.005,25.0,Loral,"Pilsner,Vienna,Crystal,Black",,5.6,14.5,4
Brownwood,13 Litar,Brown Ale - American,2022-05-11,3.468,30.0,,,,5.0,,3
Champ De Fleurs,Midnight Project,Farmhouse Ale - Saison,2022-01-21,3.807,35.0,,,"Chamomile,Cornflower",6.8,,4
ESB,Fuller’s,Bitter - Extra Special / Strong (ESB),,3.552,40.0,,,,5.9,,3
Hop Headshot: Galaxy,Midnight Project,IPA - Triple,2020-12-28,4.123,111.0,Galaxy,,,6.8,,4
Barley Winegradoff: Heaven Hill BA,Midnight Project,Barleywine - English,2022-07-01,4.209,50.0,,,,6.8,,4
Durak из бочки,Jaws,Porter - Imperial / Double,2022-01-28,4.032,46.0,,,,6.8,,4
Enigma One Love,Jungle Brewery,IPA - Session,2022-07-14,4.186,40.0,Enigma,,,5.0,12.9,4
Lobotomy X,AF Brew,Stout - Imperial / Double,2022-06-25,4.232,50.0,,,,6.8,,4
Mind In Motion,Jungle Brewery,Stout - Milk / Sweet,2022-06-14,4.137,20.0,"Chinook,Simcoe",,Lactose,6.3,18.2,4
Это другое,Atmosphere Brewery,Sour - Fruited,2022-04-19,3.681,,,,,5.5,,4
Wake Up! Waimea & Ahtanum,Bierstaat,IPA - American,2022-07-12,3.625,40.0,"Waimea,Ahtanum",,,6.8,,4
Witch Doctor,Selfmade Brewery,IPA - Imperial / Double,2022-04-19,3.961,58.0,,,,6.8,,4
Idol,4IT 6r3w3ry,Sour - Fruited,2020-07-21,4.112,20.0,,,Strawberry,4.5,,4
Inflection Point,Jungle Brewery,IPA - American,2022-06-06,4.183,50.0,"Chinook,Simcoe,Idaho 7",,,5.7,13.8,3
Chocolate Porter,Põhjala,Porter - Imperial / Double,2023-10-11,3.845,35.0,,,,6.8,,4
Pshenichnoe (Пшеничное),Кроп-Пиво,Wheat Beer - Hefeweizen,2014-04-23,3.164,,,,,4.5,,4
Chérie Cherry,Konix Brewery,Fruit Beer,2016-02-09,3.609,10.0,,,,5.0,,4
Bohemian Pilsener,Brewlok,Pilsner - Other,2022-05-13,3.54,,,,,5.1,,2
To TBP with love: Ясно. Без осадков,Knightberg,Wheat Beer - Kristallweizen,2021-09-22,3.474,,,,,4.0,,4
VitaSid Pear,Men's Company,Cider - Perry / Poiré,2022-03-30,3.554,,,,,4.6,,4
Empathy,13 Litar,IPA - Imperial / Double Black,2022-04-05,4.103,70.0,Galaxy,"Pale Ale,Pilsner,Roasted Barley",,6.8,18.0,4
Чудини,"Bottle Share,Ostrovica",Sour - Fruited Berliner Weisse,2020-07-06,3.722,,,,"Grapefruit,Blood orange,Cocoa,Chili",6.0,,3
Wake Up! Sequoia & Bru1,Bierstaat,IPA - American,2022-06-28,3.848,40.0,"Sequoia,BRU-1",,,6.8,,4
Black Color: White Coffee,Bierstaat,Stout - Milk / Sweet,2021-12-20,4.051,18.0,,,Coffee,6.7,,4
Crystal Method,Rewort Brewery,Sour - Traditional Gose,2018-10-19,3.815,35.0,Denali,,,5.7,16.0,4
Жигулёвское,Крыніца,Lager - Pale,2012-09-30,2.596,,,,,4.6,,3
Sky Beyond Sky,Jungle Brewery,IPA - Imperial / Double,2022-06-30,4.288,90.0,"Simcoe,Citra,Amarillo",,,6.8,18.2,4
Single Hop Player: Enigma,Midnight Project,IPA - American,2022-07-01,3.913,50.0,Enigma,,,6.8,,4
Mičelada: Hrejpfrut & Habanera,Malanka,Sour - Other Gose,2022-06-14,4.347,,,"Pilsner,Flaked Wheat","Tomato,Grapefruit,Red Pepper,Salt",4.0,12.0,4
Смага Бельгийская,Hops Brewery,Wheat Beer - Witbier / Blanche,2022-04-08,3.595,15.0,Cascade,,"Coriander,Peach",4.8,,4
Blanche Dè LION,Česky Lev,Wheat Beer - Witbier / Blanche,2021-06-09,2.989,,,,,4.7,,2
1664 Rosé,Kronenbourg,Fruit Beer,2013-08-02,2.831,15.0,,,,4.5,,3
Duality: Lupulin Ekuanot & Medusa,Bierstaat,IPA - Imperial / Double,2022-06-07,4.021,55.0,"Ekuanot,Medusa",,,6.9,,4
Hammer of Light,Selfmade Brewery,Belgian Blonde,2022-04-01,3.813,20.0,,,,6.9,,4
Blanche,Belgica,Wheat Beer - Witbier / Blanche,2022-01-17,,,,,,,,4
Рыжскае Нефiльтраванае,Прамень,Lager - Pale,2022-06-07,3.393,14.0,,,,5.0,,4
Dr. Diesel Wild Mix Манго-Красный Апельсин,Heineken,Fruit Beer,2020-03-19,2.69,,,,,6.0,,3
Red Grape,Zabava Ciders,Cider - Other Fruit,2021-01-14,3.498,,,,,4.5,,2
Lichamanka: Hallertau Blanc,Malanka,IPA - Imperial / Double,2022-04-08,4.186,80.0,Hallertau Blanc,Pilsner,,6.8,18.5,4
Nelson M.,Rewort Brewery,Porter - Other,2017-11-01,3.622,35.0,,,,6.2,16.0,4
Restles Hamsters,Bierbank,Lager - IPL (India Pale Lager),2022-05-04,4.265,30.0,"Mosaic,Citra",,,5.4,,4
VitaSid Cherry,Men's Company,Cider - Other Fruit,2022-03-30,3.119,,,,,4.6,,3
Higher Sense,Jungle Brewery,IPA - New England / Hazy,2022-04-14,4.326,40.0,"Citra,Medusa",,,6.7,16.6,4
Mako APA,Selfmade Brewery,Pale Ale - American,2018-07-18,3.798,40.0,"Warrior,Cascade,Wai-iti",,,5.3,,4
Манговое смузи,Česky Lev,Fruit Beer,2022-03-12,2.532,,,,Mango,5.2,,3
Carlsberg,Carlsberg Group,Lager - Euro Pale,,3.017,8.0,,,,5.0,,3
What Is Loral?..,13 Litar,IPA - Imperial / Double,2022-02-08,4.138,65.0,Loral,"Pilsner,Wheat",,6.8,19.0,4
Rest In Pieces,Selfmade Brewery,Sour - Smoothie / Pastry,2021-12-03,4.064,10.0,,,"Passion fruit,Raspberry",6.8,,4
Popcorn Head,Selfmade Brewery,Stout - Other,2022-03-09,3.804,26.0,,,,6.9,,4
Wake Up! Sitiva,Bierstaat,IPA - American,2022-05-23,3.834,40.0,Sitiva,,,6.8,,4
VitaSid Currant,Men's Company,Cider - Other Fruit,2022-03-26,2.941,,,,,4.6,,4
Aloha,Bierstaat,Stout - Milk / Sweet,2022-05-23,4.004,16.0,BRU-1,,Lactose,6.5,,4
Spring Pilsner: Ahtanum,Bierstaat,Pilsner - Other,2022-05-17,3.918,25.0,Ahtanum,,,5.0,,4
Rager: Vic Secret,Valaduta,IPA - Imperial / Double,2022-05-10,4.116,70.0,Vic Secret,,,6.8,,4
Квас Дончак Бочковой,Солнечный,Kvass,2022-05-27,3.346,,,,,0.5,,3
New Identity,Jungle Brewery,IPA - New England / Hazy,2022-04-18,4.315,40.0,"Citra,Medusa,Mosaic",,,6.3,16.0,4
Crocodiles Don't Cry,Selfmade Brewery,IPA - Imperial / Double,2022-03-03,3.863,58.0,,,,6.8,,4
Вока Лондана,Прамень,Brown Ale - English,2022-05-02,3.74,16.0,,,,6.5,,4
Distant Stars,Selfmade Brewery,IPA - New England / Hazy,2021-09-28,3.861,45.0,"Idaho 7,Citra",,,6.8,,4
Sidra Extra (Palacio de la Guera 1675),Don Simón,Cider - Traditional / Apfelwein,2014-01-10,3.63,,,,,5.0,,4
Currant Mood,Rewort Brewery,Sour - Fruited,2018-09-11,3.842,13.0,,,,5.8,15.5,4
Mary's Friend,Konix Brewery,Sour - Other Gose,2021-12-21,4.078,,,,,4.0,,4
MR. SHELDON,Ostrovica,Stout - Imperial / Double Milk,2022-03-09,3.825,,,,,6.8,,4
PARADOXITY,Paradox,Stout - Russian Imperial,2022-02-16,4.06,55.0,,,,6.8,,4
Random,Zagovor Brewery,IPA - Triple,2022-01-13,3.941,35.0,"Motueka,Mosaic",,,6.8,24.0,4
Saule Dunkel,Valaduta,Wheat Beer - Dunkelweizen,2022-04-26,4.033,10.0,,,,5.0,,4
Rank: Amarillo,Midnight Project,IPA - Imperial / Double,2022-04-29,4.009,70.0,,,,6.8,,4
Rusty Blob Orange,Plague Brew,Historical Beer - Adambier,2021-12-20,3.974,28.0,,,,6.8,,4
Affluenza,"Beast from the Yeast,Plague Brew",Historical Beer - Adambier,2020-07-18,3.868,35.0,,,,6.8,,4
Poklič: Saaz,Malanka,Farmhouse Ale - Saison,2022-05-11,4.102,,Saaz,Pilsner,,6.0,13.5,4
Gnosis,"Selfmade Brewery,Plague Brew",Pilsner - Imperial / Double,2022-03-30,3.821,38.0,,,,6.8,,4
The Shade,Jungle Brewery,Sour - Fruited,2022-04-06,4.12,13.0,,,Black Currant,6.0,14.0,4
Heaven’s Carousel,"Midnight Project,Carousel Brewery",Stout - Imperial / Double Pastry,2022-03-26,4.366,40.0,,,,6.8,,4
Black Is the New Black,Paradox,IPA - Imperial / Double Black,2021-04-12,3.935,95.0,,,,6.8,25.0,4
Victim,Plague Brew,Porter - Other,2022-03-10,3.972,25.0,,,,6.8,,4
So Much Caffeine: Lamdong,Bierstaat,Stout - Coffee,2022-04-26,4.256,16.0,,,"Lactose,Coffee",6.8,,4
Vir: Kalina,Malanka,Wild Ale - Other,2022-05-11,4.135,,,"Pilsner,Flaked Wheat",,6.9,13.0,4
Pramień: Abliapicha,Malanka,Farmhouse Ale - Saison,2022-05-11,4.196,,,"Pilsner,Flaked Wheat",Sea buckthorn,6.3,13.0,4
Pramień: Cuvée 2020,Malanka,Farmhouse Ale - Saison,2022-05-11,4.34,,,"Pilsner,Flaked Wheat",,6.9,13.0,4
Mur: Piersik,Malanka,Sour - Fruited Berliner Weisse,2022-05-11,4.111,,,"Pilsner,Flaked Wheat",Peach,3.0,9.0,4
West Wave: Centennial & Chinook,Midnight Project,IPA - American,2022-04-29,4.005,50.0,,,,6.5,,3
Seth & Riley’s Garage Hardcore Pineapple,Аліварыя,Shandy / Radler,2022-04-16,2.675,,,,,6.0,,2
Ultraviolent Junglist,Coma Brewery,Sour - Fruited,2021-06-28,4.288,,,,,6.4,24.0,4
Mind Maze,Rewort Brewery,Sour - Other,2019-07-16,3.965,35.0,,,,6.9,18.5,4
Gueuze,Brouwerij Lindemans,Lambic - Gueuze,1978-01-01,3.408,,,,,5.0,,4
Passiflora,Zavod,Fruit Beer,2023-06-10,3.985,,,,,5.2,,5
Daydream,Red Rocket Brewery,IPA - American,2022-02-16,3.788,35.0,,,,6.5,,4
Banana,Antidot Ciders,Cider - Other Fruit,2020-06-18,3.677,,,,,5.5,,4
Shoegaze & Beyond,Zagovor Brewery,IPA - Triple New England / Hazy,2021-01-26,4.151,40.0,Citra,,,6.8,22.0,4
Hop Headshot: Mosaic,Midnight Project,IPA - Triple,2018-04-13,4.256,111.0,Mosaic,,,6.8,,4
Night Walker,Jungle Brewery,Stout - Imperial / Double Coffee,2022-03-28,4.257,50.0,,,Coffee,6.8,25.7,4
Rager: Wakatu,Valaduta,IPA - Imperial / Double,2022-03-18,4.149,70.0,Wakatu,,,6.8,,4
False Times,Bierbank,Brown Ale - Other,2022-03-10,3.869,22.0,,,,5.8,,4
Zuppa Del Duca,Rewort Brewery,Stout - Other,2022-02-17,4.094,14.0,,,,6.9,,4
Blooming Rabbits,Bierbank,IPA - American,2022-03-29,4.11,40.0,"Sabro,Mosaic,Chinook",,,6.5,,4
Метэор,Прамень,Stout - Oatmeal,2021-09-18,3.97,15.0,,,,6.3,,4
На чиле,Atmosphere Brewery,Sour - Fruited Gose,2021-11-11,3.819,,,,"Raspberry,Orange,Chili",6.9,,4
Збожжа,Прамень,Bock - Weizenbock,2022-04-18,3.645,13.0,,,,6.6,,4
Contrast,Bierstaat,Belgian Dubbel,2022-04-18,3.738,17.0,,,,6.5,,4
Рыжскае,Прамень,Lager - Pale,2022-03-28,3.46,14.0,,,,5.0,,4
Abstract APA,Bierstaat,Pale Ale - American,2022-04-11,3.713,30.0,"Waimea,Citra",,,6.5,,4
Devil's Tongue,Selfmade Brewery,Sour - Other Gose,2022-01-10,3.933,10.0,,,,6.0,,4
Raspberry & Blueberry Bochet,Степь и ветер,Mead - Bochet,2021-11-11,4.171,,,,"Raspberry,Blueberry",6.0,,4
Pinagra,Plague Brew,Sour - Fruited,2021-12-08,4.031,8.0,,,,5.5,,4
Hop Headshot: Citra,Midnight Project,IPA - Triple,2018-09-29,4.216,111.0,Citra,,,6.8,,4
Black Mass,"Bierbank,Carousel Brewery",Stout - Milk / Sweet,2021-11-24,4.029,10.0,,,Lactose,6.0,,4
Figure 1,Red Rocket Brewery,IPA - American,2021-02-18,3.918,32.0,"Citra,Sabro",,,6.5,,4
String Theory,"Coma Brewery,Malanka",Sour - Smoothie / Pastry,2022-03-15,4.164,,,,"Cranberry,Ginger,Orange",5.5,,4
Shorthair Wisdom,Midnight Project,IPA - New England / Hazy,2022-04-08,3.932,,"Mosaic,Idaho 7",,,6.8,,4
Zona Tropica,Valaduta,IPA - American,2022-02-19,4.044,45.0,"Mosaic,Sitiva,Sequoia",,,6.0,,4
Oculus,Selfmade Brewery,IPA - Sour,2022-02-04,3.914,52.0,"Waimea,Talus",,Calamansi,6.7,,4
Madness : Mosaic Citra,Bierstaat,Stout - Milk / Sweet,2022-03-21,4.183,16.0,"Mosaic,Citra",,,6.5,,4
Equilibrium,Bierstaat,IPA - Imperial / Double,2022-03-21,4.093,55.0,"Citra,BRU-1",,,6.9,,4
Premium Lager,Alpaca Wellbeing,Lager - Pale,2021-05-19,3.277,,,,,5.0,,4
Easy Cat,Bierstaat,Blonde Ale,2022-04-04,3.926,20.0,"Mosaic,Triumph",,,6.6,,3
Пражскi град,Прамень,Pilsner - Czech / Bohemian,2022-03-15,,10.0,,,,5.0,,4
Rager: Kohatu,Valaduta,IPA - Imperial / Double,2022-03-25,4.25,70.0,Kohatu,,,6.8,,4
Helles,Bierstaat,Lager - Helles,2019-09-16,3.378,,,,,5.3,12.0,4
Secret Room,Midnight Project,Lager - IPL (India Pale Lager),2022-02-01,3.947,37.0,"Cryo Pop,Amarillo",,,4.5,,4
Medieval Times,"Valaduta,Carousel Brewery",Grape Ale - Other,2022-03-24,4.229,10.0,,,,6.8,,4
Hazy Shade of Winter,Rewort Brewery,IPA - New England / Hazy,2022-02-17,3.785,28.0,,,,6.4,,4
West Wave: Cascade & Simcoe,Midnight Project,IPA - American,2022-03-18,4.03,50.0,"Simcoe,Cascade",,,6.5,,4
Stoner,Zagovor Brewery,Stout - Milk / Sweet,2014-11-10,3.853,23.0,,,,6.0,,4
Twisted Reality,"Coma Brewery,GAS Brew",Hard Seltzer,2021-11-23,4.061,,,,"Banana,Cherry,Strawberry,Vanilla,Lactose",6.1,,4
Summer Caprese,Rewort Brewery,Sour - Fruited Gose,2022-02-11,4.043,,,,,5.0,,4
Pancho Villa,Coma Brewery,Sour - Smoothie / Pastry,2022-02-01,3.972,,,,,6.1,,4
Caramel Delight,Rewort Brewery,Porter - Other,2022-02-17,3.956,27.0,,,,6.9,19.5,4
S.P.I.N.,"Malanka,Carousel Brewery",IPA - Imperial / Double New England / Hazy,2022-03-26,4.259,,"Strata,Idaho 7,Nelson Sauvin","Pilsner,Flaked Oats",,6.8,17.5,4
Maniac,"Coma Brewery,Valaduta",Sour - Smoothie / Pastry,2022-03-15,4.133,,,,"Blackberry,Banana,Strawberry",5.5,,4
Mushroom Carousel,"Bierbank,Carousel Brewery",Sour - Other Gose,2022-03-26,4.211,7.0,,,,4.1,,4
Курлык,Midnight Project,Stout - Other,2022-03-12,3.805,30.0,,,,6.9,,4
Vedzma Mango,Крыніца,Hard Seltzer,2021-04-23,1.987,,,,,4.5,,1
Regatta,Rewort Brewery × BorMAN BREW,Sour - Traditional Gose,2022-01-18,4.019,5.0,,,,5.5,,4
Chveni Mze,"Red Rocket Brewery,Megobrebi Brewery",Sour - Fruited Gose,2021-05-21,4.101,,,,"Raspberry,Pomegranate",6.0,,4
So Much Caffeine: Ecuador,Bierstaat,Stout - Coffee,2022-03-15,4.23,16.0,,,Coffee,6.8,,4
Blackberry & Black Currant Bochet,Степь и ветер,Mead - Other,2021-06-22,4.295,,,,"Blackberry,Black Currant",6.0,,5
Smoothie Mead: Kiwi & Lime,Степь и ветер,Mead - Other,2021-11-11,4.212,,,,,6.0,,4
Draft Mead,Степь и ветер,Mead - Traditional,2021-05-18,4.02,10.0,,,,6.0,,4
Tonic Mead,Степь и ветер,Mead - Traditional,2022-02-24,3.726,,,,,4.5,,3
India Pale Ale,Alaryk,IPA - English,2016-12-17,3.398,65.0,,,,6.0,,4
Karol Jan Sparkling Pineapple,Аліварыя,Fruit Beer,2022-03-04,2.892,10.0,,,,5.6,,3
Квадратура круга,"Brewmen,GAS Brew",Pilsner - Other,2021-08-30,3.747,20.0,Hallertau,,,5.2,,4
Peaceful Triple IPA,"Double Xanna,Carousel Brewery",IPA - Triple,2022-03-16,4.28,75.0,"Simcoe,Wakatu,Kohatu",,,6.8,,4
Seth & Riley's Garage Hard Black Cherry Drink,Балтика,Shandy / Radler,2019-03-19,3.052,,,,,4.6,,2
Robert Burns Brown Ale,Belhaven Brewery,Brown Ale - English,2011-01-27,3.492,,,,,4.2,,3
Rager: Sabro,Valaduta,IPA - Imperial / Double,2022-02-16,4.332,70.0,Sabro,,,6.8,,4
Rager: Sequoia,Valaduta,IPA - Imperial / Double,2022-02-08,4.231,70.0,Sequoia,,,6.8,,4
Focus Shift,Panzer Brewery,Sour - Fruited,2021-12-17,4.046,,,,,6.9,,4
Abšar: Citra & Mosaic,Malanka,IPA - White / Wheat,2022-02-11,4.397,,"Citra,Mosaic","Pilsner,Wheat,Flaked Wheat",,6.8,17.5,5
Sacred Beast,Selfmade Brewery,Sour - Fruited Berliner Weisse,2021-06-02,3.833,10.0,,,"Grapefruit,Rosemary,Cardamom",5.2,,4
Solar Nomad,Selfmade Brewery,Mead - Other,2021-11-29,3.946,,,,"Ginger,Lemon",6.8,,4
Children of the Hops,Selfmade Brewery,IPA - Imperial / Double,2021-12-23,3.807,62.0,,,,6.8,,4
The Source,Jungle Brewery,IPA - American,2022-01-03,4.123,45.0,"Zamba,Sitiva",,Lactose,5.6,15.7,4
Shadow,Bierstaat,Smoked Beer,2022-03-01,4.033,23.0,,,,6.7,,4
Bohemian Pils,Горьковская пивоварня,Pilsner - Other,2019-08-20,3.055,30.0,,,,5.2,,3
Symbol,Jungle Brewery,Sour - Fruited Gose,2022-01-12,4.051,15.0,,,Black Currant,5.2,11.7,4
Спектр: Citra & Lemondrop,Прамень,Pale Ale - American,2022-02-22,3.81,30.0,"Citra,Lemondrop",,,6.2,,4
Шард,Прамень,Brown Ale - English,2022-02-07,3.603,15.0,,,,6.2,,4
Tonka Overdose,"Midnight Project,Spin Bar",Stout - Imperial / Double Pastry,2021-11-26,4.31,40.0,,,Tonka Beans,6.8,,4
Duchesse de Bourgogne,Brouwerij Verhaeghe,Sour - Flanders Red Ale,,3.66,11.0,,,,6.0,,5
Tranquility,Bierbank,IPA - American,2022-01-18,4.074,40.0,"Amarillo,Citra,Mosaic",,,5.8,,4
Fruited Things,"Rewort Brewery,Coma Brewery",Sour - Smoothie / Pastry,2021-11-10,4.204,10.0,,,"Peach,Tangerine",5.9,24.0,4
Atmosfear,Jungle Brewery,IPA - American,2021-12-23,3.999,65.0,"Citra,Sabro",,,5.8,14.0,4
Rager: Zamba,Valaduta,IPA - Imperial / Double,2021-12-20,4.18,70.0,Zamba,,,6.8,,4
God of Destruction,Valdsam Bjorn Brewery,Belgian Strong Golden Ale,2021-12-20,3.979,15.0,,,,6.8,,4
Cascade One Love,Jungle Brewery,IPA - Session,2022-01-25,4.073,40.0,Cascade,,,5.0,12.9,4
Baron,Robim Good Brewery,Blonde Ale,2022-01-10,3.609,15.0,"Columbus,Cascade,Citra",,,6.6,15.5,4
Виски Кола,Volksbräu,Fruit Beer,2020-08-30,,,,,,6.9,,1
Negroni,Zavod,Hard Seltzer,2021-12-05,3.287,,,,,6.8,,4
Октябрьский эль 2021 (Fresh Hop Brown Ale),LaBEERint Brewery,Brown Ale - English,2021-10-29,3.763,25.0,,,,6.3,,4
Trasca: Enigma,Malanka,IPA - Triple,2022-01-18,4.132,90.0,Enigma,Pilsner,,6.8,22.0,4
Mimic Chest,Selfmade Brewery,Stout - Milk / Sweet,2021-12-21,3.937,22.0,,,"Vanilla,Tonka Beans",6.8,,4
Disco 80s,Bierstaat,Lager - American Amber / Red,2022-01-24,3.537,17.0,"Citra,Mandarina Bavaria",,,6.5,,4
Яшма,Panzer Brewery,Mead - Melomel,2021-12-03,3.896,,,,,6.0,,4
Blackberry Mead,Степь и ветер,Mead - Melomel,2018-03-13,4.115,,,,Blackberry,6.0,,4
Lukken,"Main Rule,Lux in Tenebris",Stout - Pastry,2021-10-26,3.763,,,,,6.8,,4
Black Color: Tonka Beans,Bierstaat,Stout - Milk / Sweet,2022-01-05,4.064,18.0,,,Tonka Beans,6.4,,4
Oak Smoked Tomato Gose Light Chili Edition,Salden’s Brewery,Chilli / Chile Beer,2019-03-12,3.97,,,,,5.0,,4
Vietraź: Apieĺsin i miata,Malanka,Wheat Beer - Witbier / Blanche,2021-12-17,4.091,,,"Pilsner,Flaked Wheat,Wheat","Orange,Orange Peel,Mint",6.8,17.5,4
Machete Pesto,Rising Moon Brewery,Sour - Traditional Gose,2021-06-30,3.795,,,,,4.0,,2
Пшеничное,13 Litar,Wheat Beer - Hefeweizen,2016-02-19,3.577,18.0,,,,4.2,,3
Grape Shard,Hops Brewery,Grape Ale - Italian,2021-12-24,3.979,,,,Grape,6.8,,4
Трёхлинейка,Brewlok,Porter - Other,2016-02-29,3.827,,,,,6.8,18.0,4
Тигррр | Tigerrr,Brewlok,Bock - Doppelbock,2021-12-09,3.785,,,,,6.8,,4
Great Smog,Zavod,Smoked Beer,2021-12-08,3.838,,,,,4.2,,4
Blanche de Namur Apple,Brasserie du Bocq,Fruit Beer,2017-03-13,3.243,,,,,3.1,,4
Blastberry,Rewort Brewery,Sour - Fruited,2021-04-21,4.361,6.0,,,"Raspberry,Blueberry,Strawberry",5.8,,4
Blasphemy,Valaduta,Barleywine - English,2021-12-21,4.591,70.0,,,,6.8,,5
Grapefruit Mead,Степь и ветер,Mead - Melomel,2019-10-07,4.111,,,,Grapefruit,6.7,,4
Рижское,Афанасий,Lager - Pale,2017-07-26,2.663,,,,,4.1,,2
Острая зависимость,4BREWERS,Sour - Other Gose,2018-12-27,4.145,3.0,,,,6.9,,4
Catwalk Star,Red Rocket Brewery,Sour - Fruited,2021-11-16,3.914,,,,,6.0,,3
Antihero,Valdsam Bjorn Brewery,IPA - Belgian,2021-11-01,3.838,40.0,"Simcoe,Mosaic,Ella",,,5.5,,4
Basic,Red Button Brewery,Pale Ale - New England / Hazy,2020-12-11,3.832,20.0,"Centennial,Cascade",,,6.0,,4
Oatmeal Cafe: Blueberry,Ostrovica,Stout - Imperial / Double,2018-05-12,3.994,21.0,Fuggle,,,6.8,21.0,4
Black Color: Milk Chocolate,Bierstaat,Stout - Milk / Sweet,2021-12-13,4.056,18.0,,,,6.7,,4
Nottingham,13 Litar,Porter - Imperial / Double,2021-10-20,4.065,25.0,"Centennial,Hallertau Blanc","Pale Ale,Pilsner,Biscuit,Caramunich,Abbey,Special B,Chocolate",,6.8,22.0,4
Iguana,Robim Good Brewery,IPA - American,2021-11-12,3.504,40.0,Idaho Gem,,,5.7,14.0,4
Mlosć: Mosaic,Malanka,Pale Ale - American,2021-12-01,4.304,50.0,Mosaic,Pilsner,,5.3,13.5,4
Diocort Lager,Diocort,Lager - Pale,2019-02-13,3.373,,,,,4.5,,4
Your Quintuple Eternals Juice,Midnight Project,Sour - Fruited,2021-11-26,4.246,10.0,,,Black Currant,6.8,,4
Kwaremont,Brouwerij De Brabandere,Belgian Blonde,,3.494,25.0,,,,6.6,,3
Corsendonk Grand Hops (2021),Brouwerij Corsendonk,IPA - Belgian,2021-04-18,3.477,30.0,,,,6.9,,4
Petrus Blond,Brouwerij De Brabandere,Belgian Blonde,2010-08-21,3.347,,,,,6.5,,4
Bavik Super Pils,Brouwerij De Brabandere,Pilsner - Other,,3.322,22.0,,,,5.2,,3
Fidel C.,Rewort Brewery,IPA - Imperial / Double,2018-03-30,3.842,60.0,,,,6.8,20.5,4
Petrus Red,Brouwerij De Brabandere,Sour - Fruited,2013-02-16,3.602,18.0,,,,6.8,,4
Rager: Citra,Valaduta,IPA - Imperial / Double,2021-11-16,4.207,70.0,Citra,,,6.8,,4
Hop Adventure Series Strata,O’Hara’s Brewery,IPA - American,2020-12-01,3.626,,Strata,,,5.0,,4
Crispy Droplets,Rewort Brewery,IPA - New England / Hazy,2021-07-28,3.814,31.0,"Citra,Amarillo,Talus",,,6.3,16.5,4
Duchesse Chocolate Cherry,Brouwerij Verhaeghe,Sour - Flanders Red Ale,2018-10-21,3.896,,,,"Cherry,Chocolate",6.8,,4
Oatmeal Stout,13 Litar,Stout - Oatmeal,2016-10-26,3.645,30.0,"Warrior,Sladek,Kazbek,Fuggle","Pilsner,Munich,Caraaroma,Chocolate,Oats",,5.8,,4
Dym: Smurodzina,Malanka,Historical Beer - Lichtenhainer,2021-09-03,4.032,,,"Peated,Wheat",Black Currant,4.0,11.0,4
Death Dealer,Jungle Brewery,IPA - Imperial / Double,2021-11-25,4.259,90.0,"Chinook,Sabro,Citra",,,6.8,,4
War Totem,Selfmade Brewery,Stout - American,2021-10-11,3.863,65.0,Talus,,,6.8,,4
Mirage,13 Litar,IPA - American,2021-11-09,3.867,40.0,"El Dorado,Medusa,Mosaic","Pale Ale,Pilsner",,6.2,15.0,2
Смага,Hops Brewery,Lager - Pale,2021-12-06,3.51,12.0,,,,4.8,,4
Янтарь,Panzer Brewery,Mead - Melomel,2021-06-15,4.011,,,,"Apple,Cinnamon",6.0,,4
Coco Loco,Munich Brew Mafia,Stout - Imperial / Double,2023-03-17,3.627,50.0,,,,6.8,,4
Blackwind,13 Litar,IPA - Imperial / Double Black,2021-11-09,4.11,50.0,Chinook,"Pale Ale,Pilsner,Carafa",,6.8,18.5,4
The Thing,Taler,IPA - American,2021-10-26,3.257,45.0,"Idaho Gem,Citra",,,5.7,14.0,4
Psychosis Smoked Ed.,Bierstaat,Porter - American,2021-12-07,4.075,25.0,,,,6.8,17.0,4
Old-School Double IPA,Salden’s Brewery,IPA - Imperial / Double,2016-05-25,3.956,110.0,"Cascade,Horizon,Columbus,Chinook",,,6.8,,4
Bang!,"Dugges Bryggeri,The Five Points Brewing Company",Barleywine - Other,2020-07-10,3.713,,,,,6.8,,2
Velvet,Robim Good Brewery,Lager - Vienna,2021-11-12,3.488,18.0,,,,5.8,15.0,3
Koronet Pub Draught,Лідскае піва,Lager - Euro Pale,2021-03-28,2.726,5.0,,,,4.7,10.6,1
Piece By Piece,Rewort Brewery,IPA - New England / Hazy,2021-02-26,3.756,32.0,"Strata,Mosaic",,,6.8,,4
Total Mosaic,Plan B Brewery,IPA - New England / Hazy,2021-09-03,3.777,30.0,,,,6.0,,4
Oficina,Red Button Brewery,Pale Ale - New England / Hazy,2021-10-12,3.837,40.0,"Lemondrop,HBC472",,,6.0,,4
Takamba,Velka Morava,IPA - New England / Hazy,2021-09-07,3.945,,"Nelson Sauvin,Simcoe,Mosaic",,,6.4,,4
Analog Dream,Rewort Brewery,Sour - Fruited,2019-09-02,3.993,15.0,,,"Rose,Raspberry,Lychee",6.9,23.1,4
Black Mass Is My Cassis,AF Brew,Sour - Berliner Weisse,2017-09-01,3.842,,,,,5.3,,4
ReSOURrection,Pike Season Brewery,Sour - Other,2019-06-30,3.908,45.0,Citra,,Passion fruit,6.2,,4
Kiki & Bouba,4BREWERS,Sour - Other,2021-09-10,3.502,,,,Lime,6.9,18.0,4
Broken Pattern,4BREWERS,Sour - Fruited,2019-09-11,4.055,,,,,6.5,,4
Santa Muerte,Volta Brewery,Stout - Imperial / Double,2020-11-27,4.065,60.0,,,,6.8,,4
Cherry & Chocolate Mead,Степь и ветер,Mead - Melomel,2019-06-20,,,,,,6.8,,4
Схватка,White Stone Brewery,Pale Ale - American,2019-07-06,3.771,50.0,,,,5.4,,4
Walk Together,"Jungle Brewery,13 Litar",Sour - Fruited,2021-10-19,4.163,13.0,,,"Banana,Black Currant,Lactose",5.7,,5
Mitrenha: Talus & Sabro,Malanka,IPA - Imperial / Double,2021-10-12,4.236,70.0,"Talus,Sabro",Pilsner,,6.8,17.0,4
Heavy Armor,Selfmade Brewery,IPA - Imperial / Double,2021-09-07,3.768,51.0,"Simcoe,Citra,Centennial",,,6.8,,4
Spirit Vessel,Selfmade Brewery,Sour - Fruited,2021-09-08,3.754,14.0,,,Tangerine,6.8,,4
Heart Ov Fog: Bear-Cub,"White Stone Brewery,Rewort Brewery",Mead - Melomel,2021-09-28,3.798,9.0,,,,6.9,,4
Maple Brunch,Rewort Brewery,Porter - Imperial / Double,2019-06-12,3.978,33.0,,,,6.9,,4
All Right All Night,Jungle Brewery,IPA - Session,2021-10-14,4.3,45.0,"Centennial,Mosaic,Idaho 7,Idaho Gem",,,4.9,,4
Grand Escape,Jungle Brewery,IPA - New England / Hazy,2021-11-09,4.157,40.0,"Idaho Gem,Mosaic,Medusa",,,6.9,,4
Sunset Charm,Rewort Brewery,IPA - Milkshake,2019-03-01,3.974,18.0,,,,6.9,18.0,2
Krumkake,"Lux in Tenebris,Main Rule",Stout - Pastry,2021-10-28,3.807,20.0,,,"Lactose,Waffles",6.8,,4
Rager: Talus,Valaduta,IPA - Imperial / Double,2021-11-08,4.294,70.0,Talus,,,6.8,,4
Oh My North,Valaduta,Sour - Traditional Gose,2019-10-05,4.1,10.0,,,"Blueberry,Cowberry,Cloudberry",6.8,,4
Bad Beat: Citra & Sabro,Midnight Project,IPA - Imperial / Double,2021-11-05,4.079,70.0,"Citra,Sabro",,,6.8,,4
Plastic Dreams,Coma Brewery,Sour - Fruited,2021-06-28,4.02,,,,,5.5,22.0,4
Hikikomori,"Coma Brewery,TBP",Sour - Fruited,2021-09-02,4.118,,,,"Banana,Strawberry",5.4,,4
Passion Mood,Rewort Brewery,Sour - Fruited,2019-09-02,3.837,10.0,,,Passion fruit,5.0,,4
Cactus Mood,Rewort Brewery,Sour - Fruited,2019-06-13,3.917,16.0,,,"Cactus,Pomegranate",4.0,,4
Way of Life,Rewort Brewery,IPA - Milkshake,2020-04-08,3.82,28.0,,,"Mango,Lychee",6.9,,3
Fridtjof N.,Rewort Brewery,IPA - American,2018-08-28,3.817,50.0,Mosaic,,,6.0,17.0,4
Milky Sea,Landau Beerlab,Stout - Milk / Sweet,2017-08-26,3.619,25.0,,,,6.8,,4
El Chupacabra,Rewort Brewery,Sour - Other Gose,2021-09-16,4.202,,,,,6.3,,5
Stroppy IPA,Bierbank,IPA - American,2021-11-15,4.155,50.0,"Simcoe,Citra,Chinook",,,6.3,,4
Heart Ov Fog: Hedgehog,"Rewort Brewery,White Stone Brewery",Sour - Fruited,2021-09-28,4.127,,,,,5.3,,5
El Dorado One Love,Jungle Brewery,IPA - Session,2021-10-25,4.19,40.0,El Dorado,,,5.0,,4
Leader,Robim Good Brewery,Lager - Pale,2021-10-29,3.292,19.0,,,,5.5,14.0,3
G.see Beam,XP Brew,IPA - Imperial / Double New England / Hazy,2020-10-30,4.06,40.0,,,,6.8,,4
So Much Caffeine: Dalat,Bierstaat,Stout - Coffee,2021-10-30,4.202,16.0,,,,6.8,,4
Холодное пламя,Brewlok,Stout - Milk / Sweet,2021-10-05,3.889,,,,,6.8,,4
Goodbye Summer,Odd Brew,IPA - New England / Hazy,2020-09-01,3.675,30.0,,,,6.2,,3
Bogeyman,Bierbank,Pumpkin / Yam Beer,2021-10-26,3.836,5.0,,,,6.0,,4
Spitfire Amber Kentish Ale,Shepherd Neame,Bitter - Session / Ordinary,,3.252,,,,,4.5,,3
Пир во время чумы,Alaska Brewery,Stout - Milk / Sweet,2021-05-22,3.709,,,,,6.8,,4
G.see Point,XP Brew,IPA - Imperial / Double New England / Hazy,2021-02-12,4.012,40.0,"Vic Secret,Galaxy",,,6.8,,4
Конфитюр,Brewlok,Sour - Fruited,2021-05-04,3.728,,,,"Black Currant,Raspberry",6.8,,3
G.see Match,XP Brew,IPA - Imperial / Double New England / Hazy,2021-03-15,3.98,40.0,,,,6.8,,4
Огни над Воронежем | Lights Over Voronezh,Brewlok,Stout - Milk / Sweet,2021-10-04,3.941,,,,,6.8,,4
Aura,Browar Cztery Ściany,Sour - Fruited,2022-10-01,3.806,,,,,4.6,,3
Dark Tasty,Taler,Lager - Dark,2021-10-22,3.462,10.0,,,,4.8,13.0,3
Carte Blanche,Sozhski Beer,Wheat Beer - Witbier / Blanche,2021-10-22,3.703,10.0,,,,5.2,,4
Epicentre,Jungle Brewery,IPA - New England / Hazy,2021-10-05,4.43,40.0,"Sabro,Nectaron",,,6.5,16.8,4
Black Hole,Valaduta,Stout - Oatmeal,2021-10-20,3.796,25.0,,,,6.0,,4
Saule,Valaduta,Wheat Beer - Hefeweizen,2020-05-14,4.049,5.0,,,,5.2,,4
Sabbath Pumpkin Sabbath,Sozhski Beer,Pumpkin / Yam Beer,2021-10-23,3.377,12.0,,,,6.9,,4
Lichamanka: Strata,Malanka,IPA - Imperial / Double,2021-10-01,4.214,70.0,Strata,Pilsner,,6.8,18.0,4
Highway,13 Litar,IPA - Imperial / Double,2021-10-06,4.021,70.0,"Citra,Enigma","Pale Ale,Pilsner",,6.8,19.0,4
Cave Robber,Selfmade Brewery,Spiced / Herbed Beer,2021-08-30,3.602,10.0,,,,6.8,,4
Aspiration Fever,Selfmade Brewery,IPA - New England / Hazy,2021-08-16,3.841,54.0,,,,6.8,,4
Похищение человеков инопланетянами,4BREWERS,IPA - White / Wheat,2016-10-23,3.882,67.0,"Citra,Chinook",,,6.8,,4
Summer End,13 Litar,Stout - Irish Dry,2021-08-26,4.016,25.0,"Perle,Ekuanot","Pilsner,Munich,Crystal,Biscuit,Special B,Roasted Barley",,6.0,14.5,4
Rush,Main Rule,IPA - New England / Hazy,2023-02-20,3.786,40.0,,,,6.2,,4
Stamp of Approval,Zagovor Brewery,IPA - Imperial / Double New England / Hazy,2019-08-18,4.136,40.0,Citra,,,6.8,18.5,4
Utsukushiki Hitobito No Uta,Coven Brewery,Sour - Fruited Gose,2021-04-22,4.01,,,,,6.9,,4
Smoothie Bomb,Atmosphere Brewery,Sour - Other,2021-07-16,3.671,,,,,5.7,,4
The Welder Mask,Selfmade Brewery,IPA - Imperial / Double,2021-08-16,3.83,52.0,"El Dorado,Chinook",,,6.8,,4
Bahna: Extra Peated,"Malanka,Jungle Brewery",Stout - Imperial / Double,2021-10-06,4.327,,,"Peated,Pilsner,Chocolate,Biscuit,Flaked Oats,Whisky,Munich,Roasted Barley",,6.8,31.0,4
HURT And VIRTUE,Coven Brewery,IPA - Sour,2019-07-12,3.804,,,,,6.0,,4
G. See Party,XP Brew,IPA - Imperial / Double New England / Hazy,2020-09-16,4.016,40.0,,,,6.8,,4
G.see Toy,XP Brew,IPA - New England / Hazy,2021-07-23,3.938,25.0,,,,5.0,,4
Jolly Roger,Green Street Brewery,Stout - Imperial / Double,2017-09-19,3.802,48.0,,,,6.8,23.0,4
Венскае,Прамень,Lager - Vienna,2021-10-05,3.561,16.0,,,,4.4,,2
Indian Summer,Bierbank,IPA - American,2020-10-08,3.983,55.0,"Simcoe,Mosaic",,,6.7,,2
Стратасфера,Прамень,Pale Ale - American,2021-09-26,3.712,35.0,"Mosaic,Strata",,,5.5,,4
Bruler Brune,Belgian Brew Factory,Brown Ale - Belgian,2021-03-13,3.585,,,,,6.8,,3
Slota: Cascade,Malanka,IPA - Belgian,2021-09-07,4.143,70.0,Cascade,Pilsner,,6.8,16.0,4
G.see Boost,XP Brew,IPA - Imperial / Double New England / Hazy,2020-03-10,4.005,40.0,"Citra,Idaho 7",,,6.8,,4
Ахтанум,Прамень,IPA - American,2021-09-18,3.502,40.0,Ahtanum,,,6.6,,4
Peanut Bastard,Selfmade Brewery,Stout - Other,2021-08-24,3.922,24.0,,,"Peanut,Vanilla,Caramel",6.8,,4
Актобэрфэст,Прамень,Festbier,2021-09-18,3.54,15.0,Mandarina Bavaria,,,6.0,,4
Cidre Royal With Cherry,Royal Fruit Garden,Cider - Other Fruit,2024-05-25,,,,,,5.0,,4
Local Action,Rewort Brewery,Stout - Imperial / Double,2020-01-10,3.979,37.0,,,"Coconut,Hazelnut",6.8,,4
Nutty Nut,Rewort Brewery,Porter - Other,2018-12-07,4.003,30.0,,,,6.9,19.8,4
Aloha,Bierstaat,Stout - Milk / Sweet,2022-05-23,4.004,16.0,BRU-1,,Lactose,6.5,,4
Backyard Boogie,Rewort Brewery,Sour - Fruited Gose,2021-08-10,3.996,,,,"Tomato,Pineapple",6.2,21.0,4
Salty Swing,Rewort Brewery,Sour - Fruited Gose,2020-11-24,4.029,11.0,,,"Passion fruit,Red Pepper",6.3,,4
Bird of Passion,Rewort Brewery,Sour - Fruited,2021-04-27,4.114,7.0,,,"Kiwi,Passion fruit",6.3,,4
Конёк-Горбунок / NEIPA,Jaws,IPA - New England / Hazy,2021-05-14,3.421,80.0,,,,6.8,,4
Ковёр задавал стиль всей комнате,Midnight Project,Stout - White / Golden,2021-09-16,4.001,15.0,,,,6.8,,4
IPA Fest,Robim Good Brewery,IPA - American,2021-09-20,3.689,40.0,,,,5.7,14.0,4
Sour Fest,Robim Good Brewery,Sour - Other,2021-09-20,3.96,3.0,,,,4.5,13.0,4
Trappistes Rochefort 10 (2021),Trappistes Rochefort,Belgian Quadrupel,2021-02-04,,27.0,,,,6.8,,4
Nevermont Magic Dust,Stamm Brewing,IPA - New England / Hazy,2017-10-18,4.079,50.0,,,,6.8,,4
Juice & Juice Blood Orange,Stamm Brewing,IPA - New England / Hazy,2018-03-11,4.028,,,,,6.0,,4
Dame De Cœur,"Midnight Project,Sever Meadery",Mead - Melomel,2021-08-13,4.362,,,,"Blueberry,Black Currant,Chokeberry",6.8,,5
Отметы Сути Вещей,Chibis Brewery,IPA - New England / Hazy,2021-09-13,3.053,,,,,6.9,,3
Довга,Hophead Brewery,Sour - Traditional Gose,2020-08-01,3.898,5.0,,,,6.5,,4
Томатка,Hophead Brewery,Sour - Traditional Gose,2021-08-04,3.879,5.0,,,,6.0,,4
Straffe Hendrik Brugs Tripel Bier Wild (2021),Brouwerij De Halve Maan,Belgian Tripel,2021-04-09,3.368,,,,,6.8,,4
Sweet Fat Kiss,Mad Frog Brewery,IPA - Triple,2021-07-31,4.165,66.0,,,,6.8,,4
Real Cool Mango,Valdsam Bjorn Brewery,IPA - American,2021-09-22,3.686,40.0,,,Mango,6.1,,4
Malum Granatum,Valdsam Bjorn Brewery,IPA - American,2021-09-22,3.93,20.0,,,Pomegranate,5.8,,4
Straffe Hendrik Brugs Quadrupel Bier 11°,Brouwerij De Halve Maan,Belgian Quadrupel,,3.888,35.0,,,,6.8,,4
Hedgehog In the Fog. Idaho Gem,Hops Brewery,IPA - New England / Hazy,2021-09-14,3.885,25.0,Idaho Gem,,,6.6,,4
Pulse. Raspberry Banana,Hops Brewery,Sour - Fruited,2021-09-07,4.287,,,,"Raspberry,Banana",6.0,,4
Cashmere,13 Litar,IPA - American,2021-06-17,3.861,40.0,Cashmere,Pilsner,,5.9,15.0,4
Brown Buckwheat APA,Столбцовский бровар,Pale Ale - American,2021-07-21,3.512,40.0,"Citra,Centennial",,,6.9,17.0,4
#7,Sozhski Beer,Stout - Milk / Sweet,2021-05-05,3.901,16.0,,,,6.9,,4
Your Quintuple Symbiote Juice,Midnight Project,Sour - Fruited,2021-07-23,4.276,10.0,,,,6.8,,5
Milkshake APA,Волковская пивоварня,Pale Ale - Milkshake,2020-07-25,3.367,,,,,5.0,,3
Foggy Misty Vague,Dieta,IPA - New England / Hazy,2021-09-10,4.062,,,,,6.8,,4
Dust Storm,Jungle Brewery,IPA - New England / Hazy,2021-08-26,4.347,40.0,"Sabro,Strata,Medusa",,,6.8,16.5,4
Busy Signal,Jungle Brewery,IPA - American,2021-09-06,4.286,60.0,"Warrior,Mosaic,Simcoe",,,6.6,14.7,4
FFFiga Tonka!,"AF Brew,FFF Brew",Sour - Fruited,2021-07-23,4.234,,,,"Raspberry,Blueberry,Tonka Beans",6.0,,4
Breeze,Chibis Brewery,IPA - Imperial / Double New England / Hazy,2018-10-24,3.852,30.0,,,,6.8,,3
Cidre Royal Apple Cidre Demi-Sweet,Royal Fruit Garden,Cider - Sweet,2013-07-06,3.366,,,,,5.0,,4
Castra Regina,"Red Rocket Brewery,Plague Brew",Roggenbier,2021-04-06,3.867,30.0,,,,6.8,,4
Вишня в дубе,Трёхсосенский,Fruit Beer,2019-08-07,3.056,,,,,5.0,,3
Avenue,Robim Good Brewery,Pale Ale - American,2021-08-25,3.661,26.0,Idaho 7,,,5.2,13.0,2
Populism Zappa Edition,Jaws,IPA - New England / Hazy,2020-07-03,3.785,20.0,Zappa,,,6.5,,2
Red Widow,Jaws,Belgian Strong Dark Ale,2020-01-21,3.919,,,,,6.8,,4
Emergency Exit,4BREWERS,IPA - Quadruple,2021-02-15,4.026,100.0,,,,6.8,,4
Here Comes the Hops!,Brewlok,IPA - Imperial / Double New England / Hazy,2021-08-26,3.745,,"Citra,Sabro,HBC630",,,6.8,,4
Chester's Original Apple Sweet,Chester's,Cider - Sweet,2015-08-22,3.377,,,,,5.5,,3
Макиавелли / Machiavelli,Alaska Brewery,Stout - Imperial / Double,2021-08-26,3.442,,,,,6.8,,2
Wasteland Radio,Selfmade Brewery,IPA - Imperial / Double New England / Hazy,2021-08-03,3.84,51.0,"Ekuanot,Amarillo,Idaho 7",,,6.8,,4
Jazz Up,Bierstaat,IPA - American,2021-09-07,3.664,35.0,"Talus,Citra",,,6.5,,4
Black Vector,Jungle Brewery,Stout - Other,2021-08-20,4.017,25.0,,,Tonka Beans,5.9,14.8,4
Chronicle,13 Litar,IPA - Session,2021-07-07,3.393,35.0,Ekuanot,"Pilsner,Wheat",,4.8,12.0,3
Fire Hazard,Selfmade Brewery,Sour - Other,2021-08-23,4.07,10.0,,,,6.2,,4
Домашнее,Варница,Lager - Euro Pale,2015-08-15,2.5,,,,,4.3,,2
Chester's Original Apple Semi Dry,Chester's,Cider - Dry,2015-08-30,3.28,,,,,5.5,,4
Like Triumph,Robim Good Brewery,Lager - Euro Pale,2021-08-17,3.293,12.0,Triumph,,,5.0,12.2,4
Marshmallow Banana Temptation,Hops Brewery,IPA - Imperial / Double Milkshake,2021-08-25,3.919,25.0,"Citra,Mosaic",,"Marshmallow,Banana",6.8,,4
Апошні пацалунак,Прамень,Belgian Blonde,2021-08-30,3.559,14.0,,,,6.7,,4
Кругаварот,Прамень,Farmhouse Ale - Saison,2021-08-23,3.606,18.0,,,,4.8,,4
The Devil Inside,Selfmade Brewery,Sour - Fruited,2021-08-10,4.045,8.0,,,"Pineapple,Passion fruit,Guava",6.2,,4
Extra Smooth Ale,John Smith's,Bitter - Session / Ordinary,2015-03-14,2.817,,,,,3.6,,4
Сидр Вишня,Custom Brewery,Cider - Other Fruit,2018-11-20,,,,,,4.5,,4
Sour Swing,Jaws,Sour - Fruited,2020-01-19,3.789,10.0,Podvyazny,"Pilsner,Wheat",Cherry,4.5,11.0,4
Trigger Spritz,Trigger,Cider - Herbed / Spiced / Hopped,2020-08-04,3.38,,,,,4.5,,3
Truck Fighter,Selfmade Brewery,IPA - Imperial / Double,2020-06-29,3.94,50.0,Azacca,,,6.8,,4
Ogorod Peach & Yuzu,Pivot Point,Sour - Berliner Weisse,2020-04-19,3.772,8.0,,,"Peach,Yuzu",4.7,,4
Ogorod Black Currant,Pivot Point,Sour - Berliner Weisse,2019-06-06,3.756,8.0,,,Black Currant,4.7,,4
Shock Wave,Landau Beerlab,Sour - Other,2019-07-13,3.673,30.0,,,,6.0,,4
Scarlet Juice,Landau Beerlab,Sour - Fruited Berliner Weisse,2021-08-17,3.843,,,,,4.5,,4
Veganism,White Stone Brewery,Sour - Traditional Gose,2021-07-30,4.039,7.0,,,,5.3,,4
ГрИПАедов,Anadolu Efes,IPA - American,2018-07-19,2.938,40.0,,,,6.5,,3
ДостоЭЛЬский,Anadolu Efes,Wheat Beer - American Pale Wheat,2018-08-10,3.134,30.0,,,,5.0,,3
Foggy Ten Realms,Plan B Brewery,IPA - New England / Hazy,2020-08-14,3.964,40.0,"Simcoe,Citra,Idaho 7",,,6.2,,4
Goose IPA,Goose Island,IPA - English,,3.509,55.0,"Pilgrim,Celeia,Cascade,Centennial","Pale Ale,Munich,Caramel",,5.9,,3
Game Maker,Jungle Brewery,IPA - Imperial / Double,2021-08-11,4.17,65.0,"Chinook,Warrior,Mosaic,Amarillo",,,6.8,20.0,4
Citrate,13 Litar,IPA - Imperial / Double,2021-07-20,4.033,60.0,Citra,Pilsner,,6.8,18.5,4
Sacrament,Coven Brewery,IPA - New England / Hazy,2019-09-16,3.683,,"Mosaic,Citra,El Dorado",,,6.8,,3
The Dog Days of Summer,Bierstaat,IPA - Belgian,2021-08-23,3.852,37.0,"Triumph,Lemondrop",,,6.5,,4
Aerials,Coven Brewery,Sour - Fruited Gose,2021-07-08,3.943,10.0,,,"Plum,Spices",6.9,,4
The Gender Bender,Atmosphere Brewery,IPA - New England / Hazy,2021-06-16,3.735,,,,,6.8,,4
Milkshake IPA Mango & Lychee & Pink Guava,Brewlok,IPA - Milkshake,2021-06-25,3.701,,,,"Mango,Lychee,Guava",6.9,,4
Mad Notion,Selfmade Brewery,Sour - Fruited,2019-11-11,4.023,,"Galaxy,Motueka",,"Mango,Pineapple,Passion fruit,Lime",6.7,,4
Lucha Libre,Selfmade Brewery,Sour - Other,2021-07-15,3.993,10.0,,,,6.6,,4
Spot,13 Litar,IPA - American,2021-07-29,3.568,45.0,"Mosaic,El Dorado","Pale Ale,Pilsner",,5.8,14.5,2
MeadLine,Selfmade Brewery,Mead - Other,2021-05-18,4.111,,,,"Orange,Mango,Apricot",6.5,,4
Sour Ale Mango & Passion Fruit & Pear,Brewlok,Sour - Fruited,2021-06-03,3.717,,,,,6.9,,4
Zenki Santo Domingo Chocolate,Двинский бровар,Fruit Beer,2021-03-13,2.807,,,,,6.5,,2
American Dream : Triumph & Citra,Bierstaat,IPA - American,2021-08-19,3.769,50.0,"Triumph,Citra",,,6.5,,4
Milkshake IPA Blackcurrant,Discovery Brewing,IPA - Milkshake,2020-06-18,3.593,40.0,,,Black Currant,5.5,,4
Citrus Ale,Чисто пивоварня,Pale Ale - Other,2021-06-26,3.661,22.0,,,,4.7,14.0,3
Проба 005: Roggenbier,"Proba Project,Valaduta",Roggenbier,2021-06-16,4.002,,,,,5.0,,4
Amulet,Robim Good Brewery,Pale Ale - American,2021-07-19,,25.0,Triumph,,,5.2,13.0,3
Like Cascade,Robim Good Brewery,Lager - Euro Pale,2021-08-09,3.552,11.0,Cascade,,,5.0,12.2,4
Solar Superstorm: Apricot,Bierstaat,Sour - Fruited,2021-08-09,3.467,5.0,,,Apricot,4.5,,3
Vanilla,Brewlok,IPA - Imperial / Double New England / Hazy,2021-04-16,3.482,35.0,,,,6.8,,4
Orange & Passionfruit,Mr. Tree,Mead - Other,2019-05-23,3.159,,,,"Bitter orange,Passion fruit",5.9,,3
Asylum,Left Coast Brewing,Belgian Tripel,2010-11-13,3.613,27.0,,,,6.8,,4
Забава,Прамень,Wheat Beer - Witbier / Blanche,2021-08-09,3.707,9.0,,,"Orange,Coriander",5.5,,4
Darkplace,13 Litar,Brown Ale - Other,2021-06-30,3.492,30.0,"Columbus,Cashmere","Pilsner,Amber,Carared,Crystal,Roasted Barley",,5.0,12.0,3
Инквизитор,Alaska Brewery,Sour - Traditional Gose,2020-06-23,3.522,,,,"Tomato,Chili",6.0,,4
Soft Fog Dystopia,Jungle Brewery,IPA - Sour,2021-07-15,4.212,30.0,"Sabro,Mosaic",,Lactose,5.5,14.5,4
Паветра: Sorachi,Прамень,IPA - American,2021-08-09,3.687,40.0,Sorachi Ace,,,6.7,,3
Ocean Keeper,Valdsam Bjorn Brewery,Sour - Traditional Gose,2021-07-07,3.867,10.0,,,,6.5,,4
Чешский Эль Светлый,Česky Lev,Lager - Pale,2016-06-17,2.642,,,,,4.7,,2
Shaker: Blackcurrant,Jungle Brewery,IPA - Milkshake,2018-04-06,4.157,,"Mosaic,Amarillo",,,6.5,17.5,4
American Dream : Talus & Mosaic,Bierstaat,IPA - American,2021-08-02,3.849,50.0,"Talus,Mosaic",,,6.5,,4
Under the Sun,Bierstaat,Smoked Beer,2021-07-22,3.63,16.0,,,,4.0,,4
Пілснер,Odd Brew,Pilsner - Czech / Bohemian,2023-06-01,3.724,35.0,,,,4.8,,4
Alchemy,13 Litar,Belgian Strong Dark Ale,2021-06-09,4.178,25.0,Triumph,"Pale Ale,Pilsner,Abbey,Biscuit,Chocolate,Crystal",,6.8,22.0,4
DOS Chocolate Edition,Brewlok,Stout - Imperial / Double Oatmeal,2018-05-09,3.977,,,,,6.8,,4
Fruit Dozer,Atmosphere Brewery,Fruit Beer,2021-05-14,3.212,30.0,,,,5.0,,2
Cashmere,13 Litar,IPA - American,2021-06-17,3.861,40.0,Cashmere,Pilsner,,5.9,15.0,4
Danish Pilsner,Carlsberg Group,Pilsner - Other,2019-03-09,2.778,,,,,3.8,,2
IPA,13 Litar,IPA - American,2016-03-24,3.901,50.0,"Premiant,Simcoe,Kazbek,Jarrylo","Pale Ale,Pilsner,Munich,Caraaroma,Carared",,5.1,15.0,4
Erdinger Dunkel,Erdinger Weissbräu,Wheat Beer - Dunkelweizen,,3.571,14.0,,,,5.3,12.8,4
PILS,Lervig,Pilsner - German,2018-09-05,3.233,15.0,,,,4.7,,4
Caramel Melon Temptation,Hops Brewery,IPA - Imperial / Double Milkshake,2021-06-10,4.182,25.0,"Mosaic,Citra",,Melon,6.8,,4
СССР,Кроп-Пиво,Lager - Euro Pale,2014-04-23,2.673,,,,,4.0,11.0,0
Маналіт: Cashmere,Прамень,Pale Ale - American,2021-07-06,3.634,33.0,Cashmere,,,5.8,,4
Зорапад,Прамень,Stout - Milk / Sweet,2021-07-16,3.851,15.0,,,,6.4,,4
Mosaic One Love,Jungle Brewery,IPA - Session,2021-07-02,4.179,40.0,Mosaic,,,5.0,,4
Индульгенция,Alaska Brewery,Sour - Traditional Gose,2021-02-23,3.742,,,,,6.3,,4
Berliner Weisse Pomegranate & Blueberry,Brewlok,Sour - Fruited Berliner Weisse,2021-06-04,3.845,,,,"Pomegranate,Blueberry",5.0,,4
Hedgehog In the Fog. Pink Boots,Hops Brewery,IPA - New England / Hazy,2021-07-07,4.192,10.0,,,,6.6,,4
Shake Your Mango,Landau Beerlab,IPA - Milkshake,2021-03-04,3.984,,,,,6.0,,4
Mr. Peanut,White Stone Brewery,Stout - Milk / Sweet,2021-04-18,3.94,11.0,,,Peanut,6.0,,4
Emotional Distress,Selfmade Brewery,Sour - Fruited,2021-06-21,4.123,10.0,,,"Cherry,Strawberry,Mint",5.8,,5
Прогресс,Rocket City Brewery,IPA - Triple,2021-01-25,3.935,80.0,,,,6.8,,5
Acid Grenade,Selfmade Brewery,Sour - Fruited Berliner Weisse,2021-06-22,3.712,10.0,,,"Pomegranate,Lemon",5.3,,4
Citrus Single Hop IPA,White Stone Brewery,IPA - American,2018-11-17,3.833,67.0,Citra,,,6.0,,4
Mosaic,First Wave Brewery,IPA - American,2020-01-19,3.461,34.0,,,,4.7,,4
Tomato Gose,Brew Balance,Sour - Tomato / Vegetable Gose,2023-04-25,3.569,3.0,Willamette,,,4.5,13.0,4
Луна-16,Rocket City Brewery,IPA - Imperial / Double New England / Hazy,2021-05-28,3.847,45.0,"Talus,Strata",,,6.8,,4
Yuzu,MNENIE Brewery,Sour - Fruited,2021-05-19,4.116,5.0,,,,6.8,,4
1380,White Stone Brewery,Pale Ale - American,2019-09-21,3.834,37.0,"Galaxy,Cascade",,,5.5,,3
No Fear,Sabotage,IPA - New England / Hazy,2021-04-23,3.651,,"Azacca,Simcoe,Citra",,,6.8,,4
40 Градусов по IBU,MNENIE Brewery,IPA - American,2021-05-19,3.638,40.0,,,,6.0,,4
Turbo Knight,Selfmade Brewery,IPA - New England / Hazy,2021-06-02,3.842,42.0,,,,6.8,,4
Last Slice,Selfmade Brewery,Sour - Other,2021-04-18,3.653,14.0,,,,6.3,,2
Cake Is A Lie,Selfmade Brewery,Stout - Imperial / Double,2020-01-23,3.855,,,,,6.8,,4
Raspberry & Mint,Mr. Tree,Mead - Other,2020-12-30,3.14,,,,"Raspberry,Mint",5.9,,4
Double IPA Ella & Galaxy,Brewlok,IPA - Imperial / Double,2021-05-11,,100.0,,,,6.8,,4
Somersby Watermelon,Carlsberg Group,Cider - Other Fruit,2018-04-05,3.087,,,,,4.5,,1
Secret,13 Litar,IPA - Imperial / Double,2021-05-27,3.941,75.0,"Vic Secret,Citra","Pale Ale,Pilsner",,6.8,18.5,4
Big Black Mash,AF Brew,Stout - Imperial / Double,2018-04-06,4.139,30.0,,,,6.8,30.0,4
Mindaug,Carousel Brewery,Porter - Baltic,2020-11-27,3.964,29.0,,,,6.8,,4
La Trappe Quadrupel,Bierbrouwerij De Koningshoeven,Belgian Quadrupel,,3.911,22.0,,,,6.8,,4
Durak,Jaws,Porter - Imperial / Double,2019-02-27,3.834,46.0,,,,6.8,,4
Paradox Islay,BrewDog,Stout - Imperial / Double,,4.038,70.0,,,,6.8,,4
Pale Tart,Plan B Brewery,Sour - Fruited,2020-09-28,3.911,,,,"Guava,Mango",6.0,,4
Strativarius,Chibis Brewery,IPA - New England / Hazy,2021-04-13,3.724,,"Strata,Citra",,,6.2,,4
Circulation,Big Village Brewery,Pale Ale - New England / Hazy,2021-05-28,3.95,30.0,"Idaho 7,Galaxy,Mosaic",,,5.5,,4
Астрон,Rocket City Brewery,Sour - Fruited Gose,2021-05-28,3.933,,,,,6.9,,4
Sawadee Ka,"Red Rocket Brewery,Sabotage",Sour - Fruited,2021-06-02,4.043,,,,"Guava,Pineapple,Calamansi,Red Pepper,Cardamom,Coriander,Ginger",6.8,,4
Yellow Rocket,White Stone Brewery,Sour - Traditional Gose,2021-06-07,3.924,,,,,5.5,,4
Electrocat,Sabotage,IPA - Imperial / Double New England / Hazy,2019-04-29,3.877,30.0,"Amarillo,Citra,Centennial,Mosaic,Simcoe",,,6.8,,4
Прогноз,Rocket City Brewery,Sour - Fruited,2021-05-28,4.092,,,,"Blueberry,Blackberry,Mint",6.9,,4
Зависимость,4BREWERS,Sour - Fruited Gose,2018-10-27,4.101,,,,,5.0,,3
Grimbergen Blonde,Brouwerij Alken-Maes,Belgian Blonde,,3.491,22.0,,,,6.7,,3
Jungle Threat,Selfmade Brewery,Sour - Fruited,2021-05-22,3.969,7.0,,,,5.6,,4
Aperol Spritz,Royal Fruit Garden,Cider - Other Fruit,2020-08-16,3.463,,,,,6.0,,3
Average Bear,XP Brew,Stout - Milk / Sweet,2017-02-23,3.662,25.0,,,,5.0,,4
Aurora,Brekeriet,Sour - Fruited,2019-03-08,3.731,,,,,6.8,,4
Happy Blanc,Robim Good Brewery,Lager - Helles,2021-05-27,3.461,13.0,Hallertau Blanc,,,4.6,11.5,3
Эфиры,Alaska Brewery,Sour - Fruited,2021-06-24,3.739,,,,,6.0,,4
Жыгулёўскае Нефільтраванае,Прамень,Lager - Vienna,2021-06-21,3.418,14.0,,,,4.2,,4
Guava Smoothie,Zavod,Fruit Beer,2021-05-27,3.468,,,,Guava,5.4,,4
Hedgehog In the Fog,Hops Brewery,IPA - New England / Hazy,2021-05-18,4.055,10.0,"Citra,Galaxy",,,6.6,,4
Zlatý Bažant Radler Citrón,Heineken,Shandy / Radler,2011-05-27,3.053,,,,,2.0,,2
Redrum IPA Special Edition,AF Brew,IPA - Imperial / Double,2014-12-19,3.945,180.0,,,,6.8,,4
Baltic Porter,Bierstadt Lagerhaus,Porter - Baltic,2016-11-19,,,,,,6.8,,4
Primal Rage,Selfmade Brewery,IPA - Imperial / Double New England / Hazy,2021-05-22,3.821,45.0,,,,6.8,,4
Milkshake IPA Peach & Grapefruit,Brewlok,IPA - Milkshake,2021-05-28,,,,,"Peach,Grapefruit",6.9,,4
Світанне,Прамень,Wheat Beer - Hefeweizen,2021-06-21,3.593,9.0,,,,5.8,,3
J.Hardy Cherry Berry,Бабруйскі бровар,Shandy / Radler,2021-04-28,3.084,,,,,4.6,,4
J.Hardy Lemon Squeezy,Бабруйскі бровар,Shandy / Radler,2021-04-28,3.111,,,,,4.6,,3
Strawberry & Barberry,Mr. Tree,Mead - Other,2019-06-01,3.285,,,,,5.9,,3
Irbis,Robim Good Brewery,IPA - White / Wheat,2021-04-29,3.571,40.0,Enigma,,,5.3,13.6,3
План Чинука,Valdsam Bjorn Brewery,IPA - American,2021-05-19,3.89,40.0,"Chinook,Citra,Amarillo",,,6.8,,3
Sugar Cranberry,Mr. Tree,Mead - Other,2019-02-22,3.239,,,,,5.9,,4
Lambada,Taler,Pilsner - Czech / Bohemian,2021-05-05,3.136,30.0,,,,4.0,,4
Ripe Melon,Mr. Tree,Mead - Other,2019-05-05,3.279,,,,,5.9,,4
Шампань Rose,Česky Lev,Fruit Beer,2019-05-17,2.71,,,,,5.2,,3
Styrsudden,Konix Brewery,Porter - Imperial / Double Baltic,2020-11-26,4.049,25.0,,,,6.8,,4
Survival Simulator,Selfmade Brewery,IPA - Milkshake,2021-04-18,3.768,52.0,Talus,,"Pineapple,Lactose",5.4,,4
Цёмная матэрыя,Прамень,Stout - Oatmeal,2021-05-31,4.018,18.0,,,,6.5,,4
Mad Summer : Simcoe & Ekuanot Lupulin,Bierstaat,IPA - American,2021-06-06,3.839,18.0,"Simcoe,Ekuanot",,,6.5,,4
Усмешка,"Прамень,Sozhski Beer",Wheat Beer - Witbier / Blanche,2021-06-06,3.781,10.0,,,,5.2,,4
Mental Abyss,Kontrabas Brewery,IPA - Imperial / Double,2021-05-06,3.643,60.0,,,,6.8,,3
Too Many Options,"Rising Moon Brewery,Lux in Tenebris",Stout - Milk / Sweet,2019-11-28,3.646,5.0,,,,5.0,,4
Muson: Papaja i marakuja,Malanka,Sour - Fruited,2021-05-13,4.134,,,"Pale Ale,Flaked Wheat","Papaya,Passion fruit",5.0,11.0,4
Illusion,Brewlok,IPA - Imperial / Double New England / Hazy,2021-04-26,3.642,45.0,,,,6.8,,3
B-Side,"Sozhski Beer,Bierstaat",IPA - Milkshake,2021-05-31,3.974,30.0,Idaho Gem,,"Lactose,Pineapple",6.8,,4
Sicilian Blood,Zavod,Sour - Fruited,2021-05-10,3.891,8.0,,,"Orange,Rosemary",4.3,,4
Hedgehog In the Fog. Citra Mosaic,Hops Brewery,IPA - New England / Hazy,2021-06-02,4.268,10.0,"Citra,Mosaic",,,6.6,,4
Arigato,Mad Frog Brewery,IPA - American,2021-04-29,3.778,60.0,"Columbus,Talus",,,6.0,,4
Эльдарада,Прамень,IPA - American,2021-05-31,3.78,43.0,El Dorado,,,6.4,,4
Чешское для баров,Варница,Lager - Euro Pale,2014-11-08,2.71,,,,,5.5,,2
Minsk Pilsner,"Jungle Brewery,Malanka",Pilsner - Other,2021-05-13,4.012,45.0,"Saaz,Cashmere",,,5.7,12.9,4
Seth & Riley's Garage Hard Lingonberry Drink,Балтика,Shandy / Radler,2018-03-02,2.946,,,,,4.6,,3
Vitamin Therapy Apple,Antidot Ciders,Cider - Other Fruit,2020-10-09,3.839,,,,,5.5,,4
Карма,"Atmosphere Brewery,Alaska Brewery,Hyper Brew",Sour - Traditional Gose,2021-03-31,3.725,10.0,,,,6.9,,4
Искажение,4BREWERS,Sour - Fruited,2020-12-03,4.166,,,,"Banana,Coconut,Chocolate",6.9,,4
Maplenut,"Brewmen,4BREWERS",Stout - Imperial / Double Pastry,2021-02-24,3.846,20.0,,,"Maple Syrup,Hazelnut",6.8,,4
Holiness,Jaws,Belgian Quadrupel,2020-01-21,3.613,25.0,,,,6.8,,4
IMAGINARIUM,Бакунин,Sour - Smoothie / Pastry,2022-02-18,3.794,5.0,,,,6.9,,4
Tomato Gose v.4 (Kimchi),LaBEERint Brewery,Sour - Fruited Gose,2020-10-16,4.042,,,,,6.0,,4
Tomato Gose v.3 (BBQ Chipotle),LaBEERint Brewery,Sour - Fruited Gose,2020-09-12,3.942,40.0,,,,6.0,,4
Robin Extra Pale Ale,XP Brew,Pale Ale - American,2021-04-15,3.742,25.0,"Cashmere,Sabro",,,5.0,,4
Operation Snowflakes,Plan B Brewery,IPA - New England / Hazy,2021-05-06,3.994,40.0,"Citra,Strata,Sabro",,,6.5,,4
Mango IPA,Bierwelle,IPA - American,2019-07-12,3.19,30.0,,,,5.0,,4
Конёк-Горбунок / Stout,Jaws,Stout - Other,2021-05-16,3.603,35.0,,,,6.0,,3
Exemple,Kontrabas Brewery,Sour - Fruited,2021-05-15,3.507,,,,,5.5,,4
Give Me the Light,13 Litar,IPA - Session,2021-05-20,3.85,35.0,"Citra,Enigma",,,5.1,12.0,4
Starovar Belgian Ale,Коломенская пивоварня,Blonde Ale,2021-02-02,3.259,,,,,5.5,,3
Aura,Browar Cztery Ściany,Sour - Fruited,2022-10-01,3.806,,,,,4.6,,3
Angel,Robim Good Brewery,Lager - Helles,2021-04-06,3.501,13.0,,,,4.6,11.5,2
Вясёлка,Прамень,Lager - Pale,2021-05-24,3.661,20.0,Southern Passion,,,5.6,,4
Empress Maria,Zavod,Sour - Traditional Gose,2018-04-30,3.952,,,,,6.8,,4
Maladzik: Blend #02,Malanka,Wild Ale - Other,2021-03-10,4.265,,,"Pilsner,Wheat,Rye",Dandelion,6.2,12.0,4
Mur: Batch #03,Malanka,Sour - Fruited Berliner Weisse,2021-04-21,4.234,,,"Pilsner,Flaked Wheat",Raspberry,3.9,,4
False Preacher,"Selfmade Brewery,Sabotage",Brown Ale - Other,2021-04-09,3.647,28.0,,,,6.8,,4
Chocolate Muffin,Bierstaat,Stout - Pastry,2021-05-24,4.032,18.0,,,,6.5,,4
Pulse. Pistachio Apricot Banana,Hops Brewery,Sour - Fruited,2021-05-13,4.263,,,,"Pistachio,Apricot,Banana,Lactose",6.0,,4
Defocus Summer,Bierbank,IPA - American,2021-04-08,3.858,45.0,"Simcoe,Ekuanot,Amarillo",,,6.2,,2
Citra One Love,Jungle Brewery,IPA - Session,2019-03-21,4.113,40.0,Citra,,,5.0,12.9,4
Chin Up!,Bierbank,Pilsner - Other,2020-12-29,3.67,25.0,,,,5.6,,4
Вброс [Citra],4BREWERS,Pale Ale - American,2016-12-22,3.787,45.0,,,,6.5,,4
Starovar Weizenfeld,Коломенская пивоварня,Wheat Beer - Hefeweizen,2021-02-02,3.471,,,,,4.8,,3
Singularity Single Hop IPA (Comet),Jaws,IPA - American,2021-04-13,3.691,50.0,Comet,,,5.7,,4
Pale Ale,Amundsen Bryggeri & Spiseri,Pale Ale - English,2011-11-28,3.471,36.0,,,,4.5,,3
Stout System: Brainy Rain,Одна тонна,Stout - Milk / Sweet,2020-12-17,3.911,,,,,5.5,,4
Ritmo Spicy Fruit Ale,Одна тонна,Sour - Fruited,2021-04-06,3.753,,,,,6.5,,4
A+,F&S Brewery,Fruit Beer,2019-04-18,3.318,10.0,,,Orange,4.5,,4
Red Moon,ID Brewery,Red Ale - American Amber / Red,2015-09-24,3.418,35.0,,,,5.4,,2
NEIPA-17,Selfmade Brewery,IPA - New England / Hazy,2021-04-20,3.957,44.0,"Citra,Mosaic",,,6.8,,4
Unicorn Lord,Selfmade Brewery,Mead - Other,2021-04-18,3.947,,,,,6.8,,2
Dream Come True,Bierstaat,Sour - Fruited,2021-05-17,3.955,7.0,,,"Raspberry,Lactose",4.0,,4
Кончита,Atmosphere Brewery,IPA - Milkshake,2020-11-26,3.546,30.0,,,,6.5,,3
Props: Strata,Valaduta,Pale Ale - New England / Hazy,2021-04-14,4.195,30.0,Strata,,,6.0,,4
Strava: Cadziki,Malanka,Sour - Other,2020-07-24,4.023,,,"Pilsner,Flaked Wheat","Cucumber,Dill,Lemon",4.0,7.8,3
Ронсе,Brauning Bier,Wheat Beer - Dunkelweizen,2019-11-22,3.309,,,,,5.0,13.0,4
Арлон,Brauning Bier,Lager - Helles,2019-04-16,3.258,,,,,5.0,12.0,3
Milk Sugar Matters,"Green Basement Brewery,Borderless Brewery",Stout - Milk / Sweet,2020-10-15,3.941,29.0,,,,6.8,,4
Ikarus 280,"Hops Brewery,Midnight Project",IPA - Imperial / Double New England / Hazy,2021-05-06,4.198,10.0,,,,6.9,,4
In the Air,Bierstaat,Farmhouse Ale - Grisette,2021-05-14,3.682,20.0,"Lemondrop,Falconer’s Flight",,,4.8,,3
Starovar English Porter,Коломенская пивоварня,Porter - English,2021-02-02,3.515,20.0,,,,6.7,,4
Starovar München Helles,Коломенская пивоварня,Lager - Helles,2021-02-02,3.512,,,,,4.9,,4
Paranoia,Cervejaria Wayne190,Red Ale - American Amber / Red,2017-12-06,3.692,35.0,,,,5.7,,4
A-Side,"Bierstaat,Sozhski Beer",IPA - New England / Hazy,2021-05-10,4.082,40.0,"Zappa,Simcoe",,,6.8,,4
Кантынент: Lemondrop & Centennial,Прамень,Pale Ale - American,2021-05-06,3.795,30.0,"Lemondrop,Centennial",,,6.8,,4
Beer Cake,Hops Brewery,IPA - American,2021-04-30,3.804,40.0,,,"Tonka Beans,Orange",6.0,,4
Hoppy Cow: Funky Chill On Sunny Hill,Mad Frog Brewery,Farmhouse Ale - Saison,2021-04-29,3.911,25.0,Mosaic,,,6.0,,4
Кардымовское Тёмное,Солнечный,Lager - Euro Dark,2020-04-27,,,,,,4.5,,2
Жыгулёўскае,Бабруйскі бровар,Lager - Pale,2013-10-10,2.586,,,,,4.5,11.0,4
Smoothie Therapy Mango & Strawberry,Brew Fiction,Sour - Fruited,2020-08-31,3.667,11.0,,,,5.5,,4
Hush Sabotage,Valaduta,Sour - Other,2021-02-17,4.173,15.0,,,,6.8,,4
Tom Kha Ree Ton,"Cosmic City,Green Street Brewery",Sour - Traditional Gose,2021-03-07,3.564,,,,,6.3,,4
Stout System: Cappuccino Void,Одна тонна,Stout - Milk / Sweet,2019-10-25,4.03,,,,,5.5,,4
Bellini Tangerini,Cosmic City,Mead - Other,2021-02-01,3.987,,,,"Peach,Banana,Tangerine,Lemon",6.0,,4
Terra Incognita,Чаща,Sour - Fruited,2021-03-28,4.172,15.0,,,,5.5,,4
Doppelgänger¹ˑ⁵,Чаща,IPA - Other,2021-04-19,3.792,55.0,,,,6.8,,4
Lo-Fi,Dog Day Brewery,IPA - New England / Hazy,2018-10-26,3.521,50.0,,,,6.0,,4
Pelamushi,"Megobrebi Brewery,Cosmic City",Mead - Other,2021-02-25,4.043,,,,"Grape,Pomegranate,Honey,Walnut,Mint",6.0,,4
Maiden of Fortune,Selfmade Brewery,Mead - Melomel,2020-08-14,4.23,,,,Raspberry,6.8,,5
Priehali,"Cosmic City,Rocket City Brewery,Gurin Craft",Mead - Traditional,2021-03-24,3.722,,,,,5.5,,4
Por Mi Vida,Dog Day Brewery,Lager - Pale,2021-01-05,3.576,15.0,,,,4.5,,3
Ламинар. HBC 472 Edition,Одна тонна,Pilsner - Other,2021-02-18,3.766,,HBC472,,,4.5,12.0,4
Logic Chain,Selfmade Brewery,IPA - Imperial / Double New England / Hazy,2021-04-02,3.777,40.0,"Galaxy,Mosaic,Idaho 7",,,6.8,,3
Juicy: Passion Fruit & Mango,Bierstaat,Cider - Other Fruit,2021-04-12,3.925,,,,"Passion fruit,Mango",4.6,,4
Blackberry Blood,Zavod,Sour - Fruited,2021-04-12,3.972,,,,Blackberry,4.4,,4
Hello,Robim Good Brewery,Lager - Helles,2021-04-07,3.425,13.0,,,,4.6,11.5,3
Sour Juice: Prickly Pear & Acai,Brew Fiction,Sour - Fruited,2021-03-09,3.786,11.0,,,,6.5,,4
Адвокат,Alaska Brewery,Stout - Other,2020-09-10,3.816,,,,Chocolate,6.8,,4
Tkemali Yellow,Bierstaat,Sour - Fruited Gose,2021-04-18,3.852,10.0,,,,5.0,,4
Burg Premium German Lager,Darguner Brauerei,Lager - Euro Pale,,2.794,,,,,5.0,,1
Sour Juice: Guanabana & Sudachi,Brew Fiction,Sour - Fruited,2021-03-09,4.099,11.0,,,"Guanabana,Sudachi",6.5,,4
Cocoa Chaos,Selfmade Brewery,Stout - Imperial / Double Milk,2020-10-28,3.977,14.0,,,Cocoa,6.8,,4
Sabro One Love,Jungle Brewery,IPA - Session,2021-04-05,4.216,40.0,Sabro,,,5.0,12.9,4
Пяшчота,Прамень,Wheat Beer - Hefeweizen,2021-04-08,3.654,8.0,,,,5.5,,4
Асалода,Прамень,Belgian Dubbel,2021-04-12,3.904,15.0,,,,6.7,,3
Yes! This Is Seltzer Pineapple Coconut,Brew Fiction,Hard Seltzer,2020-10-08,3.773,,,,,5.5,,4
Double Gumball,Bierbank,IPA - Imperial / Double,2021-03-25,3.899,50.0,"Ekuanot,Simcoe",,,6.8,18.0,4
Mad Cow Milk,Selfmade Brewery,Brown Ale - Other,2021-03-22,3.752,12.0,,,,6.8,,4
Karol Jan Ruby,Аліварыя,Fruit Beer,2018-04-12,2.991,16.0,,,,4.6,,0
Zhigulevskoe (Жигулевское),Pivkombinat Balakovsky (Пивкомбинат Балаковский),Lager - Pale,2015-02-11,2.596,,,,,4.0,,3
APA,BARBARUS Brewery,Pale Ale - American,2020-02-24,3.709,40.0,,,,5.1,,2
Witbier,First Wave Brewery,Wheat Beer - Hefeweizen,2022-12-02,3.514,11.0,,,,5.0,,2
Strawberry Banana Temptation,Hops Brewery,IPA - Imperial / Double Milkshake,2021-03-25,4.105,25.0,"Mosaic,Citra",,"Strawberry Puree,Banana",6.8,,4
Spice Things Up,Bierstaat,Sour - Traditional Gose,2021-04-08,3.751,10.0,,,,5.0,,3
St.Patrick,Robim Good Brewery,Stout - Oatmeal,2021-03-10,3.819,20.0,,,,6.6,16.5,4
Кантынент: Azacca & Mosaic,Прамень,Pale Ale - American,2021-04-05,3.652,35.0,"Azacca,Mosaic",,,6.7,,3
Honey : Blackcurrant,Bierstaat,Mead - Other,2021-04-05,3.941,,,,Black Currant,5.0,,4
Iмкненне,Прамень,Bock - Weizenbock,2021-04-05,4.015,15.0,,,,6.7,,4
Tomato Garnet XXXhot Gose,TBP,Sour - Traditional Gose,2021-02-10,4.043,11.0,,,Tomato,5.0,,4
Double Raj,Landau Beerlab,IPA - Imperial / Double,2018-06-02,3.729,80.0,,,,6.8,,4
I Am Groot,Valaduta,IPA - Brut,2021-03-25,4.029,20.0,"Citra,Idaho Gem",,,6.9,,4
#5,Sozhski Beer,IPA - Other,2021-03-10,3.87,68.0,"Citra,Amarillo,Cascade",,,5.2,,4
Pop My Plum (Lambic),"Bierbank,Polka Dot Brewery",Lambic - Fruit,2020-09-10,3.874,,,,Plum,6.0,,4
Pecan Bastard,Selfmade Brewery,Stout - Other,2021-02-25,3.98,36.0,,,Pecan,6.8,,4
Void Garden,Selfmade Brewery,Fruit Beer,2021-03-03,4.229,10.0,,,"Black Currant,Blueberry",6.7,,5
Griffin Bastion,Selfmade Brewery,Lager - IPL (India Pale Lager),2021-03-03,3.734,46.0,,,,6.8,,4
Smoked Bloody Roots,Coven Brewery,Sour - Fruited Gose,2020-08-01,3.831,,,,"Tomato,Red Pepper,Horseradish",6.5,,4
Dungeon Master,Selfmade Brewery,IPA - Imperial / Double,2021-03-01,3.757,52.0,"Citra,Simcoe",,,6.8,,4
Натхненне,Прамень,Stout - Oatmeal,2021-03-22,3.793,15.0,,,,6.5,,4
Turbo Fluid,Solbirs Brewery,IPA - Imperial / Double,2020-01-22,3.802,80.0,,,,6.8,,4
Tribal,Jungle Brewery,Sour - Fruited,2021-03-17,4.205,15.0,,,"Black Currant,Lactose",6.9,,4
Rage Against the Beer,Main Rule,IPA - Imperial / Double New England / Hazy,2021-01-07,3.784,20.0,"Citra,Ekuanot,Idaho 7,Azacca",,,6.8,,4
Michelada,Burning Brewery,Sour - Other Gose,2023-06-30,3.758,,,,,5.5,,4
Double You,Jungle Brewery,IPA - Imperial / Double,2021-02-19,4.221,90.0,"Centennial,Citra,Idaho 7",,,6.8,,4
Exotic,Atmosphere Brewery,Sour - Fruited Gose,2020-09-28,3.663,10.0,,,,6.8,,3
Спакуса,Прамень,Porter - American,2021-03-24,3.778,22.0,,,,6.5,,3
Феромоны,Alaska Brewery,IPA - New England / Hazy,2021-01-21,3.398,30.0,"Pacific Sunrise,Galaxy,Cascade",,,6.5,16.0,0
Шишки & Иголки,Valdsam Bjorn Brewery,IPA - Other,2021-02-02,4.038,40.0,,,,6.0,,4
Galaxy One Love,Jungle Brewery,IPA - Session,2021-03-04,4.223,40.0,Galaxy,,,5.0,,4
Patrick Hops,Hops Brewery,IPA - American,2020-03-13,3.743,45.0,"Simcoe,Citra",,,5.8,,4
Lander Bräu Weissbeer,H-West B.V.,Wheat Beer - Hefeweizen,2014-04-16,3.002,,,,,4.7,,3
Puntigamer,Brauerei Puntigam,Lager - Helles,,3.104,,,,,5.1,11.5,2
Juicy : Coconut & Guava,Bierstaat,Cider - Other Fruit,2021-03-15,3.928,,,,"Coconut,Guava",4.6,,5
Гедонизм,Atmosphere Brewery,IPA - Imperial / Double,2020-11-26,3.803,80.0,,,,6.8,,4
Patrick,Konix Brewery,Sour - Fruited,2021-03-09,3.672,10.0,,,"Banana,Kiwi,Mint",6.0,,4
Адвячорак,Прамень,Porter - Coffee,2021-03-15,3.634,25.0,,,,6.5,,4
Frankenstein,Taler,IPA - American,2021-03-11,3.668,55.0,"Cascade,Citra,Mosaic",,,6.0,14.0,4
Першае спатканне,Прамень,Belgian Blonde,2021-03-15,3.601,19.0,,,,6.2,,3
Moosbacher Zoigl,Moosbacher,Historical Beer - Zoigl,,3.265,,,,,5.4,,4
Lander Bräu,H-West B.V.,Lager - Euro Pale,2013-03-31,2.68,,,,,4.9,,2
Колыбельная,Brewlok,IPA - Imperial / Double New England / Hazy,2020-12-11,,,"Sabro,El Dorado",,,6.8,,4
Copacabana,Valaduta,IPA - American,2020-12-15,4.024,45.0,"Citra,Centennial,Ekuanot",,"Lime Peel,Lime",5.9,,4
Moosbacher Amarillo Weisse,Moosbacher,Wheat Beer - Hefeweizen,2019-05-24,3.296,,,,,5.0,,3
Спелая маракуйя,Česky Lev,Fruit Beer,2020-08-30,2.551,,,,,5.2,,2
Living In the Shadows,Valaduta,IPA - Imperial / Double Black,2021-02-17,4.318,40.0,"Centennial,HBC472",,,6.8,,4
Liquid Saturation,Selfmade Brewery,Sour - Fruited,2021-02-04,4.129,12.0,,,"Guava,Raspberry,Lychee,Apple",6.0,,4
Bang,Solbirs Brewery,IPA - Milkshake,2020-12-03,3.392,40.0,,,,6.8,,3
Cavalier Pomodoro,Valaduta,Sour - Traditional Gose,2020-11-19,4.46,10.0,,,Tomato,5.0,,5
Пралеска,Прамень,Lager - Euro Pale,2021-02-28,3.49,17.0,,,,5.3,,4
Hefeweizen / Pale Wheat,Feldschlößchen Dresden,Wheat Beer - Hefeweizen,2014-07-08,3.177,,,,,5.0,,4
El Clasico,Taler,Pilsner - German,2021-02-25,3.073,30.0,,,,5.0,,3
The Mix of Taste / Banana & Calamansi,Konix Brewery,Sour - Fruited,2021-03-02,3.942,10.0,,,"Banana,Calamansi",6.0,,4
Аллергия,Solbirs Brewery,Sour - Fruited Gose,2021-01-30,3.582,8.0,,,"Mango,Strawberry",6.9,,3
Rocket Jump,Selfmade Brewery,IPA - American,2017-11-20,3.851,49.0,"Citra,Lemondrop,Warrior,Cascade",,,6.3,,4
Guess What (Raspberry & Kalamansi),Main Rule,Sour - Fruited,2020-08-19,3.94,,,,"Raspberry,Calamansi",6.0,,4
Arcade Machine,Main Rule,IPA - Imperial / Double New England / Hazy,2021-02-28,3.756,40.0,"Simcoe,Mosaic,Galaxy",,,6.8,,4
Smuha: Strata,Malanka,IPA - Imperial / Double New England / Hazy,2021-02-26,4.244,,Strata,"Pilsner,Flaked Oats",,6.8,20.0,4
Black Illusion,Konix Brewery,Stout - Milk / Sweet,2020-01-31,3.785,,,,,6.0,,4
Daddy Cool,F&S Brewery,IPA - American,2019-06-15,3.572,55.0,,,,6.0,,4
Ф+,F&S Brewery,Fruit Beer,2019-08-10,3.433,10.0,,,Feijoa,4.5,,4
Double Jack,ID Brewery,IPA - Imperial / Double,2016-02-02,3.492,120.0,,,,6.8,,4
Provocator,Fuerst Wiacek,Bock - Doppelbock,2023-01-10,3.649,,,,,6.8,,4
Bavaringer Pils,Frankenthaler Brauhaus,Pilsner - German,2020-09-18,2.92,,,,,4.8,,1
Lipa Naked Ice,Rising Moon Brewery,Mead - Metheglin,2020-09-19,3.871,,,,,6.0,,4
Lichamanka: Cashmere,Malanka,IPA - Imperial / Double,2021-02-12,4.147,70.0,Cashmere,Pilsner,,6.8,18.0,4
The Suspect,Panzer Brewery,IPA - New England / Hazy,2019-08-07,3.877,30.0,"Cashmere,Mosaic,Amarillo",,,6.3,,4
Juicy : Blackcurrant & Bergamot,Bierstaat,Cider - Other Fruit,2021-02-28,3.967,,,,"Black Currant,Bergamot",4.6,,4
Midwest,Valaduta,Pale Ale - American,2018-08-14,3.936,25.0,"Cascade,Citra",,,5.5,,4
A Piece of Cake,Bierbank,Porter - Other,2021-02-09,3.676,17.0,,,,6.8,,4
Ikar,Robim Good Brewery,IPA - American,2021-01-14,3.778,40.0,Sabro,,,5.6,14.0,4
Summer Fling,Bierbank,Sour - Fruited,2020-12-23,3.691,10.0,,,"Sea buckthorn,Orange",4.8,,4
Casual: Idaho7,Carousel Brewery,IPA - American,2021-01-28,3.892,52.0,Idaho 7,,,5.7,,3
Mystic,Jungle Brewery,Sour - Fruited,2021-01-26,4.268,14.0,,,"Chokeberry,Lactose",6.8,,4
Аксамiт,Прамень,Stout - Oatmeal,2021-02-18,3.979,15.0,,,,6.9,,4
In Chaos We Trust,Valdsam Bjorn Brewery,IPA - English,2021-01-14,3.607,40.0,"Fuggle,Golding",,,5.5,,3
Lord of the Sands,LiS Brew,Stout - Imperial / Double Pastry,2019-10-26,3.797,,,,,6.8,30.0,4
Cubanisto Rum,Anadolu Efes,Lager - Pale,2014-03-13,,,,,,5.8,,3
Belgian White,Blue Moon Brewing Company,Wheat Beer - Witbier / Blanche,,3.5,9.0,,,,5.4,,4
Seth & Riley's Garage Hard Californian Pear Drink,Балтика,Shandy / Radler,2020-03-23,3.08,,,,,4.6,,2
Nameless Enemy,Selfmade Brewery,Stout - Imperial / Double,2021-01-22,3.948,38.0,,,"Coffee,Tea",6.8,,4
Chimera,Jaws,Wild Ale - Other,2021-12-25,3.813,10.0,,,,6.8,,4
Syndicate Shadow,Selfmade Brewery,IPA - Imperial / Double New England / Hazy,2021-01-18,3.849,34.0,"Galaxy,Strata,Citra",,,6.8,,5
Корсар,Alaska Brewery,Porter - Baltic,2021-01-21,3.75,,,,,6.8,,4
Just Jungle,Jungle Brewery,IPA - Imperial / Double New England / Hazy,2021-02-05,4.263,40.0,"Mosaic,El Dorado",,,6.8,,4
Икарус,Midnight Project,IPA - Imperial / Double New England / Hazy,2021-02-12,4.145,,"Citra,Mosaic,Azacca",,,6.8,,4
Curry Yuga,Selfmade Brewery,Sour - Other,2021-01-18,3.92,8.0,,,,5.2,,4
Караван,Прамень,Pale Ale - American,2021-02-14,3.55,33.0,Southern Dawn,,,5.8,,3
Žatecký Gus Černý,Аліварыя,Schwarzbier,2015-12-12,2.894,,,,,3.5,,3
Phantom of the Hops,Selfmade Brewery,IPA - Imperial / Double,2020-12-23,3.921,47.0,Strata,,,6.8,,4
Forbidden Waters,Coven Brewery,IPA - Milkshake,2019-05-05,3.864,,,,"Guava,Passion fruit",6.7,,4
Arise,Coven Brewery,IPA - Other,2019-05-05,3.811,,"Columbus,El Dorado,Simcoe,Citra",,,6.8,,4
Xtreme Kriek,Brouwerij Mort Subite,Lambic - Kriek,,3.56,,,,,4.3,,4
Clarity,13 Litar,IPA - American,2021-01-14,3.909,40.0,"Mosaic,Idaho 7",,,6.1,,4
Summer Goes On,13 Litar,Wheat Beer - American Pale Wheat,2020-09-24,3.85,30.0,"Amarillo,Cascade","Pale Ale,Wheat",,4.8,12.0,4
Tomato Method,Selfmade Brewery,Sour - Traditional Gose,2020-03-04,3.908,20.0,,,Tomato,5.6,,4
Белае футра,Прамень,Wheat Beer - Hefeweizen,2021-02-07,3.621,9.0,,,,5.8,,3
Jazz & Juice,Jaws,IPA - American,2018-02-27,3.964,30.0,"Citra,Galaxy,Idaho 7","Pale Ale,Wheat,Oats",,6.5,14.5,4
BBQ Tomato Gose,Atom Brew,Sour - Other Gose,2020-02-28,3.929,7.0,,,,5.2,,4
Tomato Gose,Brew Balance,Sour - Tomato / Vegetable Gose,2023-04-25,3.569,3.0,Willamette,,,4.5,13.0,4
Shake 'n Bake,"Main Rule,DaLi Brewery",Stout - Imperial / Double,2021-01-07,3.697,,,,,6.8,,4
Summer Strike,"Main Rule,DaLi Brewery",Sour - Fruited Gose,2020-12-03,3.877,,,,,6.8,,4
FRONT SIDE,"DaLi Brewery,Pivzavod77",IPA - New England / Hazy,2020-03-06,3.744,,,,,6.8,,4
Крио. Amarillo Edition,Одна тонна,IPA - New England / Hazy,2020-11-13,3.771,,Amarillo,,,6.8,,4
American Pale Ale,13 Litar,Pale Ale - American,2016-08-17,3.891,35.0,,,,5.0,,4
Populism Mosaic Edition,Jaws,IPA - New England / Hazy,2018-05-18,3.908,,,,,6.5,,4
Тangerine V.2,DaLi Brewery,Sour - Fruited Gose,2019-12-22,4.124,9.0,,,,6.0,,4
Choco Mammuth: Coconut Ed.,Одна тонна,Stout - Imperial / Double Milk,2019-10-04,4.041,14.0,,,"Cocoa,Coconut",6.8,,4
Our Universe,Pivot Point,IPA - New England / Hazy,2020-12-04,3.731,30.0,"Mosaic,Simcoe",,,6.2,,4
Banana Smoothie,LiS Brew,Sour - Fruited,2020-06-16,3.912,,,,Banana,5.0,,4
Black Days,Victory Art Brew,Stout - Imperial / Double,2019-12-05,3.77,50.0,,,,6.8,,4
Misty Standard,Plan B Brewery,Pale Ale - New England / Hazy,2020-09-02,3.961,40.0,"Simcoe,Mosaic,Vic Secret",,,5.8,,4
Pacific,Velka Morava,IPA - American,2020-09-01,3.884,,"Mosaic,Citra,Simcoe,Cascade",,,6.3,,3
Bravada Xmas Bock,Jaws,Bock - Single / Traditional,2020-12-04,3.559,,,,,6.9,,0
Tarhun Goze,Barracuda,Sour - Traditional Gose,2019-10-12,3.365,9.0,,,,4.5,,3
Lockdown,13 Litar,IPA - American,2020-08-13,3.827,40.0,Amarillo,,,6.3,,4
Oatmeal Stout,13 Litar,Stout - Oatmeal,2016-10-26,3.645,30.0,"Warrior,Sladek,Kazbek,Fuggle","Pilsner,Munich,Caraaroma,Chocolate,Oats",,5.8,,4
Wheat,Barracuda,Wheat Beer - Other,2020-03-14,3.278,17.0,,,,4.3,,4
Port Pilsner,Dreamteam Brew,Pilsner - German,2019-08-12,3.788,25.0,,,,5.1,,4
Stencil,Zagovor Brewery,Sour - Traditional Gose,2018-03-21,3.983,10.0,,,,6.8,16.0,3
Moon Sign,Zagovor Brewery,Sour - Fruited,2020-02-11,4.061,10.0,,,"Strawberry,Blackberry,Blueberry,Raspberry,Black Currant",6.8,17.0,4
Apperol Spritz,Česky Lev,Fruit Beer,2020-12-26,2.91,,,,,5.2,,2
Trasca: El Dorado,Malanka,IPA - Triple,2021-01-15,4.111,80.0,El Dorado,Pilsner,,6.8,20.0,4
Пина-Колада,Злынковский завод Каскад,Cider - Sweet,2018-12-26,2.973,,,,,4.9,,4
Roshambo: Coconut,Одна тонна,Stout - Russian Imperial,2020-12-17,4.215,,,,,6.8,,5
Bright Spot,Main Rule,IPA - New England / Hazy,2020-05-30,3.802,30.0,,,,6.9,,4
Fear Eater,Selfmade Brewery,IPA - Imperial / Double,2020-12-22,3.83,45.0,"Ekuanot,Azacca,Cascade",,,6.8,,4
Rock Out,Bierstaat,Porter - Baltic,2021-01-24,3.98,25.0,,,,6.9,,4
Gazing At the Blasphemous Moon While Perched Atop A Very Very Very Very Very Very Very Forsaken Slope of the Northern Mountain,Coven Brewery,IPA - New England / Hazy,2021-01-21,3.755,7.0,,,,6.8,,4
Fruitality,Selfmade Brewery,IPA - American,2018-06-07,3.839,38.0,,,,6.6,,4
Hell Awaits,Coven Brewery,Sour - Traditional Gose,2019-09-16,4.047,,,,,5.0,,4
Konrad Svatopavelské 16°,Konrad,Bock - Single / Traditional,2012-11-11,3.359,,,,,6.5,,3
Sweet Melon & Passion Fruit,Fёrn Cider,Cider - Other Fruit,2020-05-26,3.5,,,,"Melon,Passion fruit",6.0,,2
Semi-Sweet Strawberry & Lime,Fёrn Cider,Cider - Other Fruit,2020-06-16,3.206,,,,"Strawberry,Lime",6.0,,2
Dr. Diesel Hot Mix Вишня-Персик,Heineken,Fruit Beer,2020-03-19,2.737,,,,,6.0,,1
Nut Bastard,Selfmade Brewery,Stout - Other,2020-12-10,3.962,24.0,,,Hazelnut,6.8,,4
BFG,Selfmade Brewery,IPA - Imperial / Double,2017-02-14,3.884,75.0,,,,6.8,,4
Киберпанк,Alaska Brewery,IPA - Imperial / Double,2020-12-11,3.853,80.0,,,,6.8,,4
Sweet Revenge,Selfmade Brewery,Stout - Milk / Sweet,2020-12-24,3.882,22.0,,,"Vanilla,Donuts",6.8,,4
BraufactuM Progusta,Radeberger,IPA - Other,2013-02-21,3.61,50.0,"Hallertauer Mittelfruh,Citra,Magnum","Pilsner,Vienna,Caramel",,6.8,,4
Beast From the Abyss,"Selfmade Brewery,Rustique Pivasique",IPA - Imperial / Double Black,2020-12-09,4.033,62.0,"Warrior,Ekuanot,Chinook,Simcoe",,,6.8,,4
Holiday Trouble,Selfmade Brewery,Sour - Other,2020-11-23,4.096,12.0,,,"Orange,Cherry",6.8,,4
Карагод,Прамень,Scottish Ale,2021-01-12,3.685,21.0,,,,6.5,,4
Day By Day,13 Litar,Pale Ale - American,2020-11-26,3.688,30.0,"Centennial,Cascade","Pale Ale,Pilsner,Wheat",,5.1,,2
Tomato Method (Smoky Hot Edition),Selfmade Brewery,Sour - Traditional Gose,2020-07-09,4.017,20.0,,,,5.6,,4
Pilsner,1516 Pub & Brewery,Pilsner - Other,2013-07-25,3.612,28.0,,,,4.8,,2
Denninghoff's Premium Pilsener,Denninghoff's,Pilsner - German,,3.064,,,,,4.9,,2
Miller Genuine Draft,Miller Brewing Company,Lager - American,,2.59,12.0,,,,4.6,,2
DOS,Brewlok,Stout - Imperial / Double Oatmeal,2018-01-11,3.987,,,,,6.8,24.0,4
Holy DIPA,Ostrovica,IPA - Imperial / Double,2017-02-21,3.905,100.0,"Simcoe,Citra,Cascade,Centennial",,,6.8,,4
Port Douglas,Valaduta,IPA - American,2020-11-26,4.2,40.0,"Citra,Ekuanot,Simcoe,Centennial",,,6.4,,4
Dark Memories,13 Litar,IPA - Black / Cascadian Dark Ale,2020-11-19,3.915,45.0,"Ekuanot,Galaxy,Cascade","Pale Ale,Pilsner,Vienna,Carafa",,6.5,15.5,4
Meteora,Coven Brewery,Stout - Other,2019-10-05,3.792,25.0,,,,6.0,,4
Peach Temptation,Hops Brewery,IPA - Imperial / Double Milkshake,2020-12-30,3.927,25.0,"Amarillo,Citra",,Peach,6.8,,4
Laserotops,Selfmade Brewery,Sour - Fruited,2020-11-30,4.165,12.0,,,"Mango,Peach",6.0,,5
No More Tropical Juice,Jungle Brewery,IPA - American,2020-12-24,4.197,30.0,"Mosaic,El Dorado,Simcoe",,,6.4,,4
Кантынент,Прамень,Pale Ale - American,2020-12-28,3.65,35.0,"Southern Passion,Centennial",,,6.3,,3
Konrad Spytihněv,Konrad,Lager - Pale,2013-10-08,3.202,,,,,6.0,14.0,3
Bohemian Lager,Trader Joe's (JosephsBrau),Pilsner - Czech / Bohemian,2010-11-02,3.134,18.0,,,,5.0,,3
Weizensonne,Brauhaus Leikeim,Wheat Beer - Hefeweizen,2019-07-17,3.064,,,,,5.4,,2
Бычье Сердце,Быка за Рога,Lager - Red,2021-06-08,,15.0,,,,4.5,,4
Autumn Quad,Landau Beerlab,Belgian Quadrupel,2017-12-02,3.69,30.0,,,,6.8,26.0,4
Mash Me Low,Landau Beerlab,Stout - Pastry,2020-11-30,4.2,,,,,6.8,,4
Temptation,Manfas Brewery,Sour - Fruited,2020-07-17,3.829,10.0,,,,6.8,,4
Punk Fiction,Black Cat Brewery,Kölsch,2023-11-06,3.593,5.0,,,,4.7,,4
Warlock Spell,Selfmade Brewery,Sour - Fruited,2020-11-27,4.103,10.0,,,"Raspberry,Blueberry",6.4,,5
Crack the Neck,Main Rule,IPA - Imperial / Double New England / Hazy,2020-12-12,3.884,20.0,"Mosaic,Citra,Idaho 7",,,6.8,,4
Born Again,Jungle Brewery,IPA - Imperial / Double,2018-09-29,4.197,90.0,"Chinook,Warrior,Centennial,Citra",,,6.8,19.5,4
Восход,Rocket City Brewery,Pale Ale - New Zealand,2020-10-03,3.82,30.0,"Wai-iti,Motueka",,,6.5,,4
Underground Lime,"Valaduta,Rewort Brewery",Sour - Traditional Gose,2019-06-10,4.29,10.0,,,,6.8,,4
Ceremony,Selfmade Brewery,IPA - New England / Hazy,2020-12-02,3.974,42.0,"Simcoe,Mosaic",,,6.8,,4
Kartoshka,Zavod,Porter - Imperial / Double,2020-12-17,3.875,25.0,,,,6.8,,4
I Remember My First Check-In,AF Brew,Sour - Fruited,2020-10-17,3.654,,,,,5.0,,4
Tropical Slasher,Selfmade Brewery,Sour - Fruited,2020-06-17,3.966,20.0,,,,6.8,,4
Puzzle,13 Litar,Pale Ale - American,2020-10-15,3.766,30.0,Mosaic,"Pale Ale,Pilsner",,5.0,,0
Pizza Boy,Selfmade Brewery,Sour - Traditional Gose,2018-08-08,3.868,14.0,,,,5.8,,4
Sol,Cuauhtémoc Moctezuma,Lager - American,,2.913,,,,,4.5,,3
Newcastle Brown Ale,John Smith's,Brown Ale - English,,3.39,18.0,,,,4.7,,2
Muson: Fiejchoa i huava,Malanka,Sour - Fruited,2020-11-26,4.204,,,"Pilsner,Flaked Wheat","Feijoa,Guava",5.0,11.0,4
Nobiscum Satanas,Valaduta,Belgian Strong Golden Ale,2020-11-24,4.186,25.0,,,,6.8,,3
DIPA,BARBARUS Brewery,IPA - Imperial / Double,2021-02-20,3.692,90.0,,,,6.8,,3
Procrastination,Bierstaat,IPA - American,2020-12-14,3.797,50.0,"Amarillo,Galaxy,Mosaic,Citra,Simcoe",,,6.6,,4
Young Days,Jungle Brewery,IPA - American,2020-10-08,4.184,55.0,"Columbus,Chinook,Simcoe,Amarillo,Citra,Mosaic",,,6.2,14.0,4
Koronet Brown Ale,Лідскае піва,Brown Ale - English,2018-04-05,2.986,12.0,East Kent Golding,"Pilsner,Chocolate,Black",,4.7,10.5,2
Млечны шлях,Прамень,Stout - Milk / Sweet,2020-11-16,3.772,17.0,,,Lactose,5.0,,4
Grand Place,Лямус,Belgian Strong Dark Ale,2017-11-21,3.868,,,,,6.8,18.0,4
Лямус Блонд эль,Лямус,Blonde Ale,2020-12-08,3.659,,,,,5.7,15.0,4
Lichamanka: Palisade,Malanka,IPA - Imperial / Double,2020-11-18,4.261,90.0,Palisade,Pilsner,,6.8,18.0,4
Палитра #1 Pineapple & Guava,Brewlok,IPA - Milkshake,2019-06-03,3.706,,,,"Pineapple,Guava",6.8,,4
Are You Reddy,Zavod,Sour - Berliner Weisse,2019-07-16,3.856,8.0,,,,4.0,,4
Ветразь,Прамень,Lager - Euro Pale,2020-12-07,3.594,20.0,"Loral,Centennial",,,6.0,,4
Zero Tolerance,"Jungle Brewery,Malanka",Stout - Imperial / Double,2020-10-02,4.322,35.0,,,,6.8,28.0,4
Пивная карта. APA,Крыніца,Pale Ale - Other,2016-08-18,3.19,46.0,"Cascade,Yellow Sub,Herkules,Citra",,,5.0,12.0,3
Point of No Return,"Rewort Brewery,Rock’n’Beer",Wheat Beer - Wheat Wine,2020-05-15,3.889,24.0,,,,6.8,34.0,4
Voices In My Head,Valaduta,IPA - American,2020-11-02,4.177,40.0,"Amarillo,Simcoe",,,6.0,16.0,4
Прастора,Прамень,IPA - American,2020-11-30,3.67,40.0,"Mosaic,Centennial",,,6.5,,4
Паралель,Прамень,Kölsch,2020-11-30,3.379,18.0,,,,6.0,,3
Mala Praha,Česky Lev,Lager - Helles,2019-12-29,2.733,,,,,4.8,,2
Папенbeer,Česky Lev,Pilsner - German,2019-05-10,2.498,,,,,4.8,,2
Tom Yum Kung,Barracuda,Sour - Traditional Gose,2020-03-14,3.295,11.0,,,,4.7,,4
No Comments #1,"Bierstaat,Panzer Brewery",Mead - Traditional,2020-11-26,3.414,,,,,6.0,,4
Фейхоа,Alaska Brewery,Sour - Fruited,2020-07-06,3.917,,,,Feijoa,5.5,,4
Mango Temptation,Hops Brewery,IPA - Milkshake,2020-11-12,4.099,25.0,"Sabro,Citra",,Mango,6.8,,4
Гранат,Česky Lev,Fruit Beer,2020-10-04,3.071,,,,,5.2,,3
Горизонт,Rocket City Brewery,IPA - Imperial / Double,2020-05-21,3.507,65.0,"Chinook,Mosaic,Amarillo",,Apricot,6.8,,4
Apricot Smoothie,Zavod,Fruit Beer,2020-09-25,3.958,,,,,4.0,,4
Dark Island,13 Litar,Brown Ale - English,2020-10-22,3.758,25.0,,,,5.1,,2
Хваля,Прамень,Pale Ale - American,2020-11-23,3.539,28.0,"Centennial,Ekuanot",,,5.6,,3
Чароўнае падарожжа,Прамень,Lager - Amber,2020-11-17,3.455,20.0,,,,5.5,,4
Hop Headshot: Sabro,Midnight Project,IPA - Triple,2020-10-15,4.242,111.0,Sabro,,,6.8,,4
What Is Sabro?,13 Litar,IPA - Imperial / Double,2020-10-29,4.214,70.0,Sabro,"Pale Ale,Vienna",,6.8,18.5,4
Mango Smoothie,Brewmen,Sour - Fruited,2020-08-08,3.878,10.0,,,Mango,4.5,,4
Pear Smoothie,Zavod,Fruit Beer,2020-11-02,3.542,,,,Pear,4.0,,4
Rei De La Coco,Valaduta,Stout - Other,2020-11-05,4.236,20.0,,,"Coconut,Prune",6.0,18.0,4
Sabro Lake,Landau Beerlab,IPA - Other,2020-08-14,3.656,45.0,Sabro,,,6.8,,4
Jazz Lager,Чисто пивоварня,Lager - Dark,2017-11-30,3.632,18.0,Saaz,,,4.7,11.5,3
Strike,Bierstaat,Stout - Milk / Sweet,2020-11-02,4.194,29.0,,,Lactose,6.9,,4
Neverland,13 Litar,IPA - American,2020-10-01,3.807,50.0,"Amarillo,Mosaic","Pale Ale,Vienna",,6.5,,4
Метаморфозы,Alaska Brewery,IPA - Imperial / Double Milkshake,2020-10-22,3.689,45.0,,,"Passion fruit,Strawberry",6.8,,3
Idaho 7 One Love,Jungle Brewery,IPA - Session,2020-09-21,4.234,40.0,Idaho 7,,,5.2,13.0,4
Smoked Weekend,Bierstaat,Smoked Beer,2020-10-26,4.055,25.0,,,,6.9,,4
Hefeweizen Banana,Konix Brewery,Wheat Beer - Hefeweizen,2019-05-13,3.534,12.0,,,,4.5,,4
Omen,Elysian Brewing Company,Stout - Other,2012-10-21,3.67,45.0,,,,6.8,,4
Halaklin: Abliapicha,Malanka,Sour - Fruited Gose,2020-10-16,4.08,,,"Pilsner,Flaked Wheat",Sea buckthorn,4.5,12.0,4
Super Mango,Panzer Brewery,Pale Ale - Milkshake,2019-03-20,3.69,30.0,,,,5.4,,4
Pivčík,Robim Good Brewery,Lager - Euro Pale,2020-09-25,3.35,13.0,,,,4.6,,3
Overdub,Jungle Brewery,IPA - Imperial / Double,2019-09-17,4.208,80.0,"Simcoe,Centennial,Citra,Mosaic,Amarillo",,,6.8,19.0,4
Рэха,Прамень,Mead - Traditional,2020-10-22,3.765,,,,,5.0,,4
Irokez,Robim Good Brewery,IPA - American,2020-10-08,3.467,20.0,,,,5.9,13.5,4
Superstylin,Бакунин,Pale Ale - Other,2018-06-12,3.671,,,,,4.5,12.0,3
Konrad Gepard,Konrad,Blonde Ale,2018-06-06,3.109,,,,,4.5,,3
Мара,Прамень,Lager - Pale,2020-10-22,3.795,20.0,"Centennial,Falconer’s Flight",,,5.5,,4
Шампань,Česky Lev,Fruit Beer,2020-06-26,2.698,,,,,5.2,,2
Banana Smoothie,LiS Brew,Sour - Fruited,2020-06-16,3.912,,,,Banana,5.0,,4
DIPA Amarillo & Cascade & Simcoe,Taler,IPA - Imperial / Double,2020-10-01,3.818,70.0,"Amarillo,Cascade,Simcoe",,,6.9,,4
Westside,13 Litar,IPA - American,2020-08-26,4.084,50.0,"Simcoe,Mosaic,Cascade","Pale Ale,Munich",,6.5,,4
Raspberry Vanilla IPA,Trigger,IPA - Session,2020-05-13,3.572,25.0,,,,6.0,,3
Арбатское IPA,Арбат,IPA - Other,2017-09-25,3.535,45.0,"El Dorado,Cascade,Magnum",,,5.5,,4
Железнодорожная вода,Alaska Brewery,Stout - Russian Imperial,2018-12-18,3.98,,,,,6.8,,4
Departure,Boondoggle Beers,Pale Ale - New England / Hazy,2016-09-13,3.817,32.0,,,,6.2,,4
Autumn Insomnia,Bierstaat,IPA - American,2020-10-09,3.908,45.0,"Azacca,Ekuanot",,,6.7,,4
Spark Joy,Mikkeller,IPA - New England / Hazy,2019-11-16,3.709,,"Citra,Idaho 7",,,6.8,,4
Juicy Bliss,Hops Brewery,IPA - New England / Hazy,2020-09-21,3.72,20.0,"Sabro,Citra,Idaho Gem",,,6.7,,4
Навальніца,Прамень,Rye Beer,2020-10-05,3.621,20.0,,,,4.5,,4
IPA v.3,Волковская пивоварня,IPA - Session,2017-02-08,3.563,55.0,,,,5.9,,4
Stephans Bräu Premium Lager,Privatbrauerei Eichbaum,Lager - Pale,2013-11-03,2.715,,,,,5.0,,2
A Little More,Bierbank,IPA - American,2020-09-17,3.909,50.0,"El Dorado,Mosaic,Citra",,,6.4,,4
NEIPA Amarillo & Cascade,Taler,IPA - New England / Hazy,2020-11-26,3.32,25.0,"Amarillo,Cascade",,,6.0,14.0,4
One Day You Will No Longer Be Loved,Jungle Brewery,Porter - Other,2020-09-01,3.815,20.0,,,"Lactose,Cherry Juice,Cocoa",6.0,,4
Citrus Lager,Чисто пивоварня,Lager - Pale,2017-08-04,3.877,31.0,Citra,,,4.6,11.0,4
London Pride,Fuller’s,Bitter - Session / Ordinary,,3.408,,"Target,Northdown,Challenger",Pale Ale,,4.7,,4
Kedr,Zavod,Stout - Imperial / Double,2017-09-15,3.914,40.0,,,,6.8,,4
Party People,Hops Brewery,IPA - Imperial / Double Black,2020-09-03,3.968,55.0,,,,6.8,,3
No Matter,13 Litar,Stout - Milk / Sweet,2020-09-15,4.045,,"Perle,East Kent Golding","Pilsner,Vienna,Munich,Chocolate,Roasted Barley",Lactose,5.7,,4
Tropical Explosion,Hops Brewery,IPA - Milkshake,2020-08-19,4.055,35.0,Idaho Gem,,"Mango,Passion fruit,Pineapple",6.0,,4
Vamberg Černé,Konrad,Lager - Dark,2020-04-13,3.23,,,,,4.4,,3
IPA,13 Litar,IPA - American,2016-03-24,3.901,50.0,"Premiant,Simcoe,Kazbek,Jarrylo","Pale Ale,Pilsner,Munich,Caraaroma,Carared",,5.1,15.0,4
Cherry Cream,One Brew,Fruit Beer,2020-01-06,3.349,10.0,,,Cherry,5.0,,4
NE IPA,One Brew,IPA - New England / Hazy,2020-02-27,3.368,20.0,"Nelson Sauvin,Waimea,Jarrylo",,,5.5,,4
Reserva,One Brew,Brown Ale - Belgian,2020-05-12,3.486,,,,,5.5,,4
Flamingo,One Brew,Fruit Beer,2020-05-12,3.43,,,,Raspberry,5.0,,4
Equilibrium,Bierstaat,IPA - Imperial / Double,2022-03-21,4.093,55.0,"Citra,BRU-1",,,6.9,,3
STOUT,One Brew,Stout - Other,2020-01-06,3.377,15.0,,,,6.0,,4
Hofbräu Oktoberfestbier,Hofbräuhaus München,Festbier,1990-01-01,3.604,26.0,,,,6.3,,4
Docklands,Zavod,Stout - Russian Imperial,2017-05-23,3.935,55.0,,,,6.8,,4
Laźnia,Malanka,Smoked Beer,2019-08-24,4.099,,Perle,"Pilsner,Smoked",Birch Brooms,4.7,11.0,4
Black Cat,Cervejaria Invicta,IPA - Black / Cascadian Dark Ale,2015-03-12,,75.0,,,,6.8,,4
STARDUST,Бакунин,Sour - Fruited,2023-08-04,3.742,7.0,,,,5.0,,3
Liquid Smoke,13 Litar,Rauchbier,2020-04-23,4.029,,"Lumberjack,Perle,Saaz","Smoked,Vienna,Caramunich",,6.0,14.0,4
Shut Up,Bierstaat,Sour - Fruited Gose,2020-09-18,4.276,10.0,,,Tomato,5.5,,4
Propaganda,Bierstaat,Wheat Beer - Hefeweizen,2020-09-09,3.715,12.0,,,,4.3,,4
Vamberg Světlý ležák,Konrad,Pilsner - Czech / Bohemian,2020-04-17,3.2,,,,,5.2,,3
Курское Нефильтрованное,Česky Lev,Kellerbier / Zwickelbier,2016-07-27,2.317,,,,,4.6,,2
Медовуха натуральная,Мозырьпиво,Mead - Traditional,2020-07-11,3.597,,,,,5.0,,4
New Retro Wave,Atmosphere Brewery,IPA - New England / Hazy,2020-08-13,3.403,,,,,6.8,,3
Wild Grapefruit,Hops Brewery,Fruit Beer,2020-08-11,3.68,10.0,"Cascade,Citra",,"Coriander,Grapefruit",5.0,,3
Kriek Lambic (2019),Brouwerij Mort Subite,Lambic - Kriek,2019-02-02,3.564,,,,,4.0,,4
Lemondrop One Love,Jungle Brewery,IPA - Session,2020-07-15,4.104,30.0,Lemondrop,,,5.2,,4
Смородиновый сидр,Точка,Cider - Traditional / Apfelwein,2018-03-23,3.779,,,,,5.0,,4
Kilkenny,Guinness,Red Ale - Irish,,3.407,,,,,4.3,,4
The Mix Of Taste / Strawberry & Nectarine & Black Currant,Konix Brewery,Sour - Fruited,2020-07-23,3.532,10.0,,,"Strawberry,Nectarine,Black Currant",5.5,,4
13 Weeks And What?!,AF Brew,IPA - Triple New England / Hazy,2020-06-25,3.859,20.0,"Mosaic,Citra,Galaxy",,,6.8,,4
Jungle Look,Stamm Brewing,IPA - Imperial / Double New England / Hazy,2020-08-07,4.045,,,,,6.8,17.5,5
Вторая личность,4BREWERS,Porter - Other,2017-03-27,3.903,20.0,,,,6.8,18.8,4
Большой брат,4BREWERS,IPA - Imperial / Double,2016-10-23,3.878,101.0,,,,6.8,,4
Kiss Kiss Bang Bang,AF Brew,IPA - Sour,2020-08-15,4.016,20.0,Talus,,,6.8,,4
3 in 1 Super Sour,Stamm Brewing,Sour - Fruited,2019-12-16,4.172,,,,"Blueberry,Strawberry,Guava",6.8,,5
CitraCitraCitra,Wild Lab,IPA - Imperial / Double New England / Hazy,2020-08-13,4.053,,Citra,,,6.8,,4
Молочный молот,Варяг,Stout - Milk / Sweet,2016-10-28,3.723,30.0,,,,6.5,,4
Вброс [Mosaic],4BREWERS,Pale Ale - American,2016-06-29,3.837,45.0,Mosaic,,,6.5,,4
Double Hoppy Milk Mango,Stamm Brewing,IPA - Milkshake,2019-06-03,3.952,,,,,6.0,,5
Бланш,Chester Brewery,Wheat Beer - Witbier / Blanche,2020-11-24,3.306,16.0,,,,4.8,,4
Типа Чё,Варяг,Lager - Euro Pale,2019-06-14,3.239,14.0,,,Pineapple,4.5,,4
Американский лагер,Варяг,Lager - American Light,2018-10-26,3.457,25.0,,,,4.5,,4
Props: Simcoe,Valaduta,Pale Ale - New England / Hazy,2020-08-20,3.949,30.0,Simcoe,,,6.0,,4
Smooth Talker,Hops Brewery,IPA - Imperial / Double,2020-07-30,4.116,40.0,,,,6.8,,4
Sour Juice Explosion - Mango,Brew Fiction,Sour - Fruited,2019-05-17,3.666,11.0,,,Mango,6.5,,3
Tkemali,Bierstaat,Sour - Traditional Gose,2020-08-27,3.916,10.0,,,,5.5,,4
Spirit,Jungle Brewery,Sour - Fruited,2020-07-30,4.257,13.0,,,"Strawberry,Black Currant,Lactose",5.0,14.5,5
Эйяфьядлайёкюдль,Alaska Brewery,Porter - Imperial / Double,2017-06-21,3.925,,,,,6.8,23.0,4
Ипатерапия,Alaska Brewery,IPA - Imperial / Double,2017-01-24,3.883,,,,,6.8,,4
Клубничная дичь,Atmosphere Brewery,Sour - Fruited,2020-07-16,3.734,10.0,,,Strawberry,5.5,,4
Light Shot,13 Litar,IPA - Session,2020-07-23,3.652,35.0,"Chinook,Cascade","Pale Ale,Pilsner",,4.6,12.0,4
Weekend Warrior,Jungle Brewery,IPA - Imperial / Double,2020-07-30,4.244,90.0,"Warrior,Mosaic,Centennial,Cascade",,,6.8,19.1,4
Totem,Jungle Brewery,Sour - Fruited,2019-06-18,4.181,11.0,,,"Strawberry,Lactose",5.5,15.5,4
Ramones,Rock-n-Rolla’s,IPA - Imperial / Double,2020-05-14,3.837,60.0,Ekuanot,,,6.8,,4
Summer Lager,Schlafly - The Saint Louis Brewery,Lager - Helles,2012-04-22,3.462,17.0,,,,4.5,,3
Thunderstorm : Yuzu And Red Orange,Bierstaat,Sour - Fruited Berliner Weisse,2020-07-26,3.916,5.0,,,"Yuzu,Blood orange",5.0,,4
Smoker BBQ,Brew Fiction,Sour - Fruited Gose,2019-10-18,3.828,10.0,,,,6.0,,4
Semisweet,13 Litar,Stout - Other,2020-05-21,4.069,20.0,East Kent Golding,"Munich,Pilsner,Vienna,Chocolate,Special W",,6.5,17.0,4
Framboise Balance,Robim Good Brewery,Wheat Beer - Other,2020-07-31,3.795,8.0,,,"Raspberry,Coriander,Orange Peel",4.5,,4
Cidre Royal Honey Drink Black Currant,Royal Fruit Garden,Mead - Melomel,2020-01-12,3.388,,,,,5.0,,4
Cuzco,Robim Good Brewery,Lager - IPL (India Pale Lager),2020-07-27,3.664,20.0,"Citra,Amarillo",,,5.6,,4
Сакура,Alaska Brewery,Sour - Fruited,2022-07-04,3.941,,,,Passion fruit,5.5,,3
Berrierus,"Brew Division,Midnight Project",Sour - Fruited,2020-05-27,4.057,,,,"Lactose,Coconut,Blackberry",6.8,,5
Mania,Bierstaat,Porter - American,2020-08-05,3.891,30.0,,,Cocoa,6.6,,4
Bahna,"Malanka,Jungle Brewery",Stout - Imperial / Double,2020-06-30,4.492,,Nugget,"Whisky,Cafe,Chocolate,Crystal,Special B,Roasted Barley",,6.8,24.5,5
Hyperplane,XP Brew,IPA - American,2017-12-01,3.831,45.0,,,,6.8,,4
Kriek Lambic,Brouwerij De Troch,Lambic - Kriek,2015-05-23,3.671,,,,,3.5,,4
Бобров IPL,Бабруйскі бровар,Lager - IPL (India Pale Lager),2020-07-08,3.094,30.0,,,,4.5,,4
Dutch Windmill,H-West B.V.,Lager - Pale,,2.631,,,,,4.6,,2
Karol Jan Blonde,Аліварыя,Lager - Euro Pale,2017-03-23,2.902,16.0,,,,5.9,,2
CRYO IPA,Copper Head,IPA - New England / Hazy,2021-06-25,3.936,40.0,,,,6.1,,4
Hop Headshot: Simcoe,Midnight Project,IPA - Triple,2020-07-23,4.186,111.0,Simcoe,,,6.8,,5
Weissbier,Augustiner-Bräu München,Wheat Beer - Hefeweizen,2011-01-02,3.67,14.0,,,,5.4,,3
No Future,Bierstaat,IPA - New England / Hazy,2020-07-31,4.168,40.0,,,,6.8,,5
Van Halen,Rock-n-Rolla’s,Stout - American,2020-06-18,4.11,50.0,"Columbus,Calista",,,6.8,17.0,4
Weihenstephaner Kristallweissbier,Weihenstephan,Wheat Beer - Kristallweizen,,3.681,16.0,,,,5.4,12.7,4
Светлячок,Волковская пивоварня,Pilsner - Other,2017-04-19,3.503,35.0,"Cascade,Pekko",,,5.0,,4
Kozel 12,Pivovar Velké Popovice,Pilsner - Czech / Bohemian,,3.196,,,,,4.8,12.0,3
Эквилибриум,Alaska Brewery,Stout - Other,2019-01-23,3.793,,,,,6.0,,4
Нигилист,Alaska Brewery,Lager - IPL (India Pale Lager),2020-04-10,3.651,60.0,,,,6.8,,4
Juice Box,Jungle Brewery,Pale Ale - New England / Hazy,2018-01-26,4.063,20.0,"Citra,Amarillo,Mosaic",,,5.2,13.0,4
Карнавал,Бакунин,Stout - Other,2019-12-10,3.52,28.0,,,,6.8,15.0,3
Honey Dew,Fuller’s,Blonde / Golden Ale - Other,2011-01-07,3.321,35.0,,,,5.0,,4
No Way Back,Jungle Brewery,Pale Ale - American,2020-06-19,4.035,40.0,Idaho Gem,,,5.0,12.4,4
Travel Home,Valaduta,IPA - Session,2020-06-18,3.931,20.0,"Cascade,Centennial",,,4.4,12.0,3
Хмелевус Weiss,САН ІнБев Україна,Wheat Beer - Hefeweizen,2017-06-09,3.08,,,,,6.4,,3
Navaĺnica: pšaničnaje vino z hibiscusam,Malanka,Wheat Beer - Wheat Wine,2020-06-12,4.129,30.0,Nugget,"Wheat,Pilsner",Hibiscus,6.8,26.0,4
Пина Коллада,Volksbräu,Fruit Beer,2020-07-14,,,,,,5.2,,3
Seriously?..,Ostrovica,IPA - Imperial / Double New England / Hazy,2019-09-05,3.889,40.0,"Mosaic,Sorachi Ace",,,6.8,,4
The Freedom,Bierstaat,Farmhouse Ale - Grisette,2020-07-16,3.96,20.0,"Citra,Amarillo",,,5.7,,4
Acid Toad,"Jungle Brewery,Mad Frog Brewery",Sour - Fruited,2020-06-26,4.253,10.0,,,"Lemon,Mint,Lactose",6.0,16.0,4
G.O.S.E | Cherry & Tonka,XP Brew,Sour - Fruited Gose,2020-06-07,3.688,15.0,,,"Cherry,Tonka Beans",5.0,,4
We Are Venom,Midnight Project,Stout - Russian Imperial,2020-07-10,4.226,50.0,,,"Tonka Beans,Chili",6.8,,4
Maverick,Browar Rockmill,Pale Ale - American,2017-03-17,3.675,,,,,4.7,,4
Tales of Coconut,Panzer Brewery,Porter - Other,2019-12-12,3.948,37.0,,,Coconut,6.9,,4
Big Banana Brother,Panzer Brewery,Porter - Other,2020-02-07,3.738,30.0,,,Banana,6.8,,5
Малинуа,Panzer Brewery,Porter - Other,2019-10-17,3.826,30.0,,,,6.8,,4
Doom Bastard,Zagovor Brewery,IPA - Imperial / Double New England / Hazy,2018-04-19,4.1,45.0,"Motueka,Citra,Simcoe",,,6.8,,4
Starlight,Panzer Brewery,Pale Ale - American,2014-12-24,3.621,30.0,,,,5.4,,4
IPA,13 Litar,IPA - American,2016-03-24,3.901,50.0,"Premiant,Simcoe,Kazbek,Jarrylo","Pale Ale,Pilsner,Munich,Caraaroma,Carared",,5.1,15.0,4
Banana Kraken,Panzer Brewery,Wheat Beer - Hefeweizen,2014-07-07,3.47,11.0,,,,4.5,,4
Second Shard,Lux in Tenebris,IPA - American,2020-04-23,3.747,35.0,Citra,,,6.8,,4
I Got Guava Worms,AF Brew,IPA - Sour,2019-09-17,4.106,15.0,,,,6.8,,5
Story Mode,Stamm Brewing,IPA - Imperial / Double New England / Hazy,2020-06-29,4.056,,,,,6.8,,4
Lost In Fjords,"Zagovor Brewery,XP Brew",IPA - Sour,2020-06-25,3.944,15.0,"Idaho Gem,Citra,Sabro",,,6.0,15.0,4
Liquid Bakery: Strawberry Cream Cake,Dieta,Sour - Fruited,2020-05-10,4.322,,,,"Strawberry,Lactose",6.8,,5
Heineken,Heineken,Lager - Euro Pale,,2.954,19.0,,,,5.0,,3
Estrella Damm,Grupo Damm,Lager - Pale,,3.132,21.0,,,,5.4,,3
Stammgast Lager,Oettinger Brauerei,Lager - Helles,,3.102,35.0,,,,5.0,,4
Nut Butter,Gletcher,Brown Ale - English,2018-07-13,3.778,,,,,5.5,,5
Indiana,Robim Good Brewery,IPA - American,2020-06-23,3.731,27.0,,,,5.8,,4
Populism Vic Secret Edition,Jaws,IPA - New England / Hazy,2019-04-26,3.784,60.0,Vic Secret,,,6.0,,4
Hoppy Milk,Stamm Brewing,Pale Ale - New England / Hazy,2017-08-06,3.856,30.0,,,,4.7,,4
Ковбой Мальборо,Plan B Brewery,IPA - American,2014-05-08,3.93,50.0,,,,6.5,,4
Sour Breeze Mango,Jaws,Sour - Fruited Gose,2019-01-17,3.901,10.0,,,Mango,4.5,,5
Rye Matter,Jaws,IPA - Rye,2020-06-26,3.668,80.0,"Ekuanot,Centennial,Chinook","Maris Otter,Pale Ale,Rye,Caramel",,6.5,15.0,4
Jaws APA,Jaws,Pale Ale - American,2013-10-18,3.87,43.0,"Cascade,Chinook,Mosaic","Pale Ale,Melanoidin",,5.6,13.0,4
Шампань Asti-Rose,Злынковский завод Каскад,Cider - Other Fruit,2019-03-21,2.723,,,,,6.0,,3
Synergy,PINTA Barrel Brewing,Stout - Imperial / Double,2021-12-02,4.234,,,,,6.8,,4
Wheatness,13 Litar,IPA - White / Wheat,2020-06-18,3.678,45.0,"Dr Rudi,Mosaic,El Dorado","Pale Ale,Wheat",,6.4,15.5,4
Mad Summer : Ekuanot,Bierstaat,IPA - American,2020-07-02,3.942,54.0,Ekuanot,,,6.7,,4
Dym: Višnia,Malanka,Historical Beer - Lichtenhainer,2020-06-17,4.305,,,"Smoked,Peated,Flaked Wheat",Cherry,5.5,11.0,4
1984,Alaska Brewery,Lager - Euro Pale,2020-06-14,3.518,15.0,,,,4.3,,4
Пшеничное,13 Litar,Wheat Beer - Hefeweizen,2016-02-19,3.577,18.0,,,,4.2,,3
Венское,Beaver,Lager - Vienna,2023-12-25,2.654,30.0,,,,4.4,,4
Шампань,Česky Lev,Fruit Beer,2020-06-26,2.698,,,,,5.2,,3
IPA 9 1/2 Weeks,Bierbank,IPA - Brut,2020-05-22,3.841,35.0,,,,6.5,,4
Weihenstephaner Original,Weihenstephan,Lager - Helles,,3.609,21.0,,,,5.1,,4
Berliner Geschichte Hefeweizen,Privatbrauerei Eibau i. Sa. GmbH,Wheat Beer - Hefeweizen,,3.31,12.0,,,,5.2,12.0,3
Maladzik Blend #01,Malanka,Wild Ale - Other,2020-06-08,4.084,,"Perle,Nugget","Pilsner,Vienna,Flaked Wheat,Flaked Rye",Dandelion,6.2,,4
Easy Tempo,XP Brew,IPA - Session,2020-03-10,3.584,25.0,,,,3.5,,3
So Much Caffeine,Bierstaat,Stout - Coffee,2020-06-19,4.188,17.0,,,Coffee,5.5,,5
Dark Lager,Fanatic Brewing Center,Lager - Dark,2020-09-12,3.238,14.0,,,,4.3,,4
Липецкое Нефильтрованное,Липецкпиво,Kellerbier / Zwickelbier,2020-05-21,2.339,,,,,4.0,,3
Oak Smoked Tomato Gose Light Chili Italian Edition,Salden’s Brewery,Spiced / Herbed Beer,2020-05-03,3.997,,,,,5.0,,4
Deep House,Atmosphere Brewery,IPA - Imperial / Double,2020-05-20,3.737,80.0,"Simcoe,Mosaic",,,6.9,,4
Destroy Oh Boy,Jungle Brewery,IPA - Imperial / Double,2020-06-11,4.242,90.0,"Warrior,Southern Dawn,Southern Passion",,,6.8,,4
Кукловод,Alaska Brewery,IPA - Imperial / Double,2019-10-01,3.717,70.0,,,,6.8,,3
G.see Spring,XP Brew,IPA - New England / Hazy,2020-04-27,3.926,35.0,Sabro,,,6.3,,5
Sexorcism,Valaduta,Fruit Beer,2020-06-04,3.779,10.0,,,Strawberry,6.5,,2
Ich Will,Coven Brewery,Lager - IPL (India Pale Lager),2020-05-09,3.769,35.0,"Citra,Ekuanot",,,5.5,,4
L - Lager,Atmosphere Brewery,Lager - American,2020-01-31,3.407,20.0,,,,5.0,,4
APA El Dorado & Centennial,Волковская пивоварня,Pale Ale - American,2019-02-25,3.505,27.0,,,,5.5,,4
Karol Jan White Hope,Аліварыя,Wheat Beer - Other,2020-06-09,3.255,,,,Blackthorn,4.9,,3
Corona Extra,Grupo Modelo,Lager - American,,3.135,19.0,,,,4.5,,4
Space X,Taler,Sour - Fruited Berliner Weisse,2020-06-04,3.791,,,,Raspberry,4.0,,4
Dark Needles,13 Litar,IPA - Black / Cascadian Dark Ale,2019-11-28,3.979,45.0,"Simcoe,Chinook","Pale Ale,Pilsner,Carafa",,6.5,15.4,4
Brownville,13 Litar,Brown Ale - American,2020-02-05,3.655,35.0,"Simcoe,Citra,Cascade","Pale Ale,Pilsner,Carafa",,5.1,12.0,3
Лев Светлый Барное,Česky Lev,Lager - Euro Pale,2019-12-22,2.734,,,,,4.6,,2
Guinness Draught,Guinness,Stout - Irish Dry,,3.765,45.0,,,,4.2,,4
Relict,Jungle Brewery,Sour - Fruited,2020-05-22,4.255,11.0,,,"Lactose,Cranberry",6.0,,4
Bananka,"Ostrovica,Hausmann Brewery",Stout - Imperial / Double Milk,2020-04-05,3.828,,,,"Banana,Chocolate,Macadamia",6.8,,4
Mental Fire,Jungle Brewery,IPA - American,2020-05-29,4.119,45.0,"Wai-iti,Waimea",,,6.2,15.0,4
Mango Showdown,XP Brew,Pale Ale - American,2018-09-28,3.509,25.0,,,,5.0,,4
Spacebar,Zagovor Brewery,IPA - Imperial / Double New England / Hazy,2020-03-17,4.103,30.0,"Zappa,Citra",,,6.8,,5
Peach Sun Punch,Hops Brewery,IPA - American,2020-05-29,4.039,30.0,"Citra,Amarillo",,Peach,6.0,,4
Simpa,Ostrovica,Pale Ale - American,2019-05-07,3.876,20.0,"Amarillo,Idaho 7",,,5.6,,4
Переговорщик,Alaska Brewery,IPA - New England / Hazy,2019-10-20,3.509,30.0,,,,6.0,,4
X-Files,Hops Brewery,Lager - IPL (India Pale Lager),2020-05-28,3.823,30.0,,,,5.0,,4
Fishermans Morning,Jungle Brewery,Porter - Baltic,2020-04-02,4.139,37.0,,,,6.8,21.5,4
Mroiva: Mosaic,Malanka,Pale Ale - New England / Hazy,2020-05-13,4.237,20.0,Mosaic,"Pilsner,Flaked Oats",,4.0,11.0,4
Kellerbier,Brauhaus Riegele,Kellerbier / Zwickelbier,2011-06-04,3.537,,,,,5.0,,4
Impulse,Robim Good Brewery,IPA - American,2020-05-19,3.695,27.0,"Chinook,Centennial,Cascade,Simcoe,Citra,Mosaic",,,5.8,,4
Pitbull,Hops Brewery,Pale Ale - American,2020-05-12,3.729,30.0,,,,5.2,,4
London Porter,Fuller’s,Porter - English,1996-01-01,3.675,,Fuggle,,,5.4,,4
Orange Twister,Hops Brewery,Fruit Beer,2020-05-12,3.665,10.0,,,Orange,4.8,,3
Istota,Jungle Brewery,Sour - Fruited,2020-05-08,4.28,11.0,,,"Lactose,Raspberry,Blueberry,Black Currant",6.0,,4
All Together,AF Brew,IPA - New England / Hazy,2020-04-23,4.013,20.0,"Citra,Simcoe,Mosaic,Sabro",,,6.5,,4
Отец Гаспачо,Alaska Brewery,Sour - Traditional Gose,2020-03-16,3.665,,,,,6.8,,4
Чешский дворик,Česky Lev,Lager - Euro Pale,2020-05-23,2.621,,,,,4.4,,4
Weihenstephaner Hefeweissbier,Weihenstephan,Wheat Beer - Hefeweizen,,3.78,14.0,,,,5.4,,4
Волчок,Волковская пивоварня,Lager - Euro Pale,2019-08-29,3.2,23.0,,,,4.1,,4
Mango IPA,Bierwelle,IPA - American,2019-07-12,3.19,30.0,,,,5.0,,4
Мюнхенское Нефильтрованное,Солнечный,Lager - Pale,2019-06-26,2.382,,,,,4.7,,4
Пина колада,Bierstaat,Cider - Traditional / Apfelwein,2019-06-06,3.847,,,,,5.0,,2
Red Hoppy Ale,Чисто пивоварня,Red Ale - American Amber / Red,2016-09-24,3.729,49.0,,,,4.8,,4
Chvalia: Marakuja,Malanka,Sour - Fruited,2020-05-05,4.13,15.0,,"Pilsner,Flaked Wheat","Passion fruit,Lactose",6.8,18.5,3
Paulaner Hefe-Weißbier Dunkel,Paulaner Brauerei,Wheat Beer - Dunkelweizen,,3.55,12.0,,,,5.3,,4
Trasca: Citra,Malanka,IPA - Triple,2020-04-29,4.407,90.0,Citra,Pilsner,,6.8,21.0,4
Альфонсо,Atmosphere Brewery,IPA - Imperial / Double,2019-10-08,3.333,80.0,"Simcoe,Ekuanot",,Mango,6.8,,4
Hefeweizen,Bierstaat,Wheat Beer - Hefeweizen,2023-01-23,3.659,8.0,,,,5.3,,4
Pilsner Urquell,Brassin Jacquais,Pilsner - Other,2021-08-29,,,,,,,,4
Kalnapilis Pilsner,Kalnapilio-Tauro,Pilsner - Other,2013-06-12,2.947,,,,,4.6,,4
India Pale Ale,Alaryk,IPA - English,2016-12-17,3.398,65.0,,,,6.0,,4
Indigo,Robim Good Brewery,IPA - American,2020-04-14,3.688,27.0,"Simcoe,Chinook,Mosaic",,,5.6,,4
Wheatamin C,Robim Good Brewery,Wheat Beer - Witbier / Blanche,2020-04-14,3.727,5.0,,,Tangerine,4.4,,4
Гравитация,Alaska Brewery,Stout - Russian Imperial,2017-03-22,3.874,,,,,6.8,,4
Love Me Now,Jungle Brewery,Shandy / Radler,2020-02-14,4.051,30.0,Citra,,"Lemon,Orange,Lime",5.0,12.5,4
Podcast,Bierstaat,Stout - Milk / Sweet,2020-04-28,4.059,15.0,,,"Lactose,Cocoa",6.5,,4
Berry Garden Cranberry & Blackberry,Konix Brewery,Sour - Fruited Gose,2020-03-24,2.729,12.0,,,"Cranberry,Blackberry",5.0,,4
Spring Fever,Bierstaat,IPA - American,2020-04-18,3.925,60.0,"Citra,Amarillo",,,6.6,,4
Imža: Malina i ažyna,Malanka,Sour - Berliner Weisse,2020-04-21,4.239,,,"Pilsner,Flaked Wheat","Raspberry,Blackberry,Rosemary",3.0,8.0,4
Black Americano,Belhaven Brewery,Stout - Coffee,2019-12-11,3.578,,,,Coffee,5.0,,4
Good Mood,Bierstaat,IPA - American,2023-12-25,3.897,40.0,"Idaho 7,Talus",,,6.6,,4
Стаутский советник,Alaska Brewery,Stout - Imperial / Double Milk,2017-01-31,3.9,,,,,6.8,,4
Psychosis,Bierstaat,Porter - American,2020-04-18,4.107,25.0,,,,6.8,,4
Broken Bones,Jungle Brewery,IPA - American,2020-02-28,4.03,60.0,"Mosaic,Idaho Gem,Citra,Enigma",,Lactose,6.5,16.4,4
Blues APA,Чисто пивоварня,Pale Ale - American,2019-11-22,3.907,45.0,,,,5.3,,4
Полоцкое тёмное,Полоцкое пиво,Lager - Euro Dark,2018-02-24,2.731,,,,,4.2,,3
NE GRIPA,Bierbank,IPA - New England / Hazy,2020-04-07,3.831,45.0,"El Dorado,Enigma",,"Mango,Passion fruit",6.9,,4
Harp Premium Lager,Guinness,Lager - Euro Pale,,3.319,21.0,,,,4.5,,4
Smuha: Citra & El Dorado,Malanka,IPA - Imperial / Double New England / Hazy,2020-03-24,4.407,30.0,"Citra,El Dorado","Pilsner,Flaked Oats,Flaked Rye",,6.8,19.0,4
ReArranged,Coven Brewery,IPA - New England / Hazy,2019-09-16,3.832,,"Amarillo,Mosaic,Centennial,Cascade,Citra",,Peach,6.5,,4
BraufactuM Roog,Radeberger,Rauchbier,2011-09-30,3.455,20.0,Herkules,"Vienna,Wheat,Caramel,Smoked",,6.6,,4
Urstein Premium,Двинский бровар,Lager - Pale,2013-03-08,2.882,,,,,4.8,,3
Stella Artois,Stella Artois,Lager - Euro Pale,,3.274,24.0,,,,5.0,,3
Hazelnut Stout,Brew Balance,Stout - Milk / Sweet,2023-02-06,3.551,35.0,,,,6.0,,4
#stayhome,Bierstaat,IPA - New England / Hazy,2020-04-03,4.01,40.0,"Amarillo,Simcoe,Idaho 7",,,6.5,,4
Roy,Green Street Brewery,IPA - American,2017-08-30,3.779,43.0,Idaho 7,,,6.5,15.4,4
Vietraź,Malanka,Wheat Beer - Witbier / Blanche,2020-03-28,4.087,15.0,Columbus,"Pilsner,Flaked Wheat","Lemon,Cardamom",5.6,12.0,4
Vault 375,Jungle Brewery,IPA - Imperial / Double New England / Hazy,2020-03-27,4.311,50.0,"Citra,Mosaic",,,6.8,19.1,4
Warp Drive,Valaduta,IPA - New England / Hazy,2020-03-19,4.045,30.0,"Ekuanot,Cascade",,,5.8,,4
Palm Spéciale,Brouwerij Palm,Pale Ale - Belgian,,3.357,18.0,,,,5.2,,4
Berliner Kindl Jubiläums Pilsener,Berliner-Kindl-Schultheiss-Brauerei,Pilsner - German,2011-02-12,3.113,27.0,,,,5.1,,3
Ekstra,Švyturys,Lager - Dortmunder / Export,1995-10-29,3.115,,,,,5.2,,4
Pure Morning,Coven Brewery,IPA - American,2019-09-21,3.753,50.0,"Mosaic,El Dorado,Chinook,Citra",,,6.8,,3
Tropical Mood,Bierstaat,IPA - Milkshake,2020-03-23,4.098,25.0,"Idaho 7,Pekko",,"Mango,Coconut",6.8,,4
Funkyourself,Jungle Brewery,Porter - Other,2020-03-11,4.104,20.0,,,"Lactose,Tonka Beans",5.8,20.0,3
Smuha: Ekuanot,Malanka,IPA - Imperial / Double New England / Hazy,2020-03-16,4.303,30.0,Ekuanot,"Pilsner,Flaked Oats,Flaked Rye",,6.8,19.0,4
Sun Shine,Valaduta,Sour - Fruited Gose,2020-03-12,4.312,10.0,,,Sea buckthorn,6.8,,4
Mango Mantra,Jungle Brewery,Sour - Fruited,2020-03-11,4.18,14.0,,,"Mango,Lactose",6.2,17.0,4
Turbo Attack,Jungle Brewery,IPA - New England / Hazy,2020-03-19,4.131,35.0,"Enigma,Citra,Zappa",,,6.8,,4
Karl Kraft,Полоцкое пиво,Lager - Euro Pale,2017-09-03,2.522,,,,,4.7,,2
Pop My Cherry (Lambic),"Bierbank,Polka Dot Brewery",Lambic - Fruit,2020-03-05,3.947,,,,,6.7,,4
Needfull Things,Bierstaat,IPA - New England / Hazy,2020-02-17,3.742,40.0,"Pacific Gem,Enigma,Simcoe",,,6.5,,3
Lichamanka: Simcoe,Malanka,IPA - Imperial / Double,2020-03-13,4.289,90.0,Simcoe,"Pilsner,Flaked Oats",,6.8,19.0,4
Silent Kill,Jungle Brewery,IPA - Imperial / Double,2020-03-06,4.139,100.0,"Centennial,Mosaic,Idaho Gem,Idaho 7",,,6.8,19.7,4
Strawberry Explosion,Hops Brewery,IPA - Milkshake,2020-02-27,4.183,30.0,,,,6.0,,4
Good Times Coming,Mad Frog Brewery,IPA - Milkshake,2018-04-21,3.906,35.0,,,,6.4,13.0,4
Weissbier,Augustiner-Bräu München,Wheat Beer - Hefeweizen,2011-01-02,3.67,14.0,,,,5.4,,4
Советское Экспортное Нефильтрованное,Солнечный,Lager - Euro Pale,2019-06-01,2.664,,,,,4.7,,3
Smuha: Rakau,Malanka,IPA - Imperial / Double New England / Hazy,2020-02-27,4.282,30.0,Rakau,"Pilsner,Flaked Oats",,6.8,,4
Bloody Roots,Coven Brewery,Sour - Fruited Gose,2019-04-30,3.911,,,,"Tabasco,Horseradish",5.8,,4
Citrus IPA,Taler,IPA - American,2017-09-21,3.653,60.0,"Columbus,Centennial,Crystal,El Dorado",,Grapefruit,5.8,14.2,4
Rapture,Бакунин,Stout - Milk / Sweet,2019-12-17,3.491,25.0,,,"Lactose,Chocolate,Cocoa",5.0,12.0,4
Konrad Zelený král,Konrad,Spiced / Herbed Beer,2014-04-17,2.908,,,,,5.0,,3
Smuha: Citra,Malanka,IPA - Imperial / Double New England / Hazy,2019-12-17,4.293,35.0,Citra,"Pilsner,Flaked Wheat,Flaked Oats,Flaked Rye",,6.8,,4
Mango Recorder,Valaduta,IPA - Milkshake,2020-02-11,4.203,20.0,"Columbus,Centennial,Amarillo",,"Lactose,Mango",6.8,,4
Ring of Fire,Крафт лаборатория,Porter - American,2019-11-28,3.734,20.0,,,,6.9,,4
Faithless Mind,"Bierbank,Punchiller",IPA - Imperial / Double,2020-02-28,4.235,70.0,,,,6.8,,3
Double American IPA,Taler,IPA - Imperial / Double,2020-02-17,3.762,60.0,"Cascade,El Dorado",,,6.8,18.0,4
Smoker BBQ Revenge 357 Extra Hot Ed.,Brew Fiction,Sour - Fruited Gose,2020-01-15,3.909,10.0,,,,6.0,,4
Bierstaat Kellerbier,Bierstaat,Kellerbier / Zwickelbier,2019-01-08,3.358,16.0,,,,5.1,12.0,3
Badness & Madness,Jungle Brewery,IPA - New England / Hazy,2020-01-30,4.125,35.0,"Idaho 7,Mosaic",,,6.8,,4
Smoked Mood,Valaduta,Smoked Beer,2020-02-20,3.948,20.0,,,,5.5,,4
Lichamanka: Zappa,Malanka,IPA - Imperial / Double,2020-02-14,4.26,90.0,Zappa,Pilsner,,6.8,20.5,4
Sauvignon Blanc IPA,Trigger,IPA - Session,2020-02-13,3.698,25.0,,,,5.5,,4
Coconut Space,Hops Brewery,Stout - White / Golden,2020-02-13,3.863,14.0,,,"Coconut,Tonka Beans,Lactose,Coffee",5.8,,4
Smoked Bock,Trigger,Smoked Beer,2020-01-28,3.974,20.0,,,,6.5,,4
Chvalia: Kivi i marakuja,Malanka,Sour - Fruited,2020-01-18,4.308,15.0,Perle,"Pilsner,Flaked Oats,Flaked Wheat","Lactose,Kiwi,Passion fruit",6.8,19.5,3
Grapefruit IPA,Fuller’s,IPA - American,2019-04-17,3.415,,"Liberty,Chinook,Centennial,Citra","Pale Ale,Wheat",,5.6,,4
Лилит,Bierstaat,Pale Ale - Milkshake,2020-02-04,3.979,30.0,"Idaho 7,Yellow Sub,Amarillo,Azacca",,,5.5,,5
Got Some Milk?,Jungle Brewery,Stout - Milk / Sweet,2018-12-04,4.084,30.0,Simcoe,,Lactose,6.5,18.5,4
Пражское,Remeslo Brewery,Lager - Polotmavé (Czech Amber),2021-01-09,3.709,13.0,,,,4.6,,3
Dopamine,Big Pot,Sour - Smoothie / Pastry,2023-04-04,4.181,,,,,6.5,,4
Call Me,Bierstaat,IPA - Other,2020-02-03,3.908,50.0,,,,6.5,,3
Wild Tomato Gose,Brew Fiction,Sour - Traditional Gose,2019-09-06,3.507,10.0,,,,6.5,,2
Muson: Manha,Malanka,Sour - Fruited,2020-01-30,4.16,,,,Mango,5.5,12.5,5
Barley Wine,Bierbank,Barleywine - Other,2018-11-06,3.759,35.0,,,,6.8,22.0,4
Steenbrugge Dubbel Bruin,De Gouden Boom,Belgian Dubbel,,3.342,,,,,6.5,,4
Koronet Stout,Лідскае піва,Stout - Other,2015-02-15,2.897,20.0,,,,4.2,11.0,4
Koronet Lager,Лідскае піва,Lager - Euro Pale,2013-01-24,2.93,19.0,,,,4.6,11.0,2
Baltic Porter,Bierstadt Lagerhaus,Porter - Baltic,2016-11-19,,,,,,6.8,,3
G.O.S.E. | Pineapple,XP Brew,Sour - Traditional Gose,2019-05-31,3.575,25.0,,,,5.0,,3
Casual Pilsner Cascade Edition,Green Street Brewery,Pilsner - Other,2018-02-14,3.529,35.0,,,,4.7,12.5,2
Česká Pravda,Полоцкое пиво,Lager - Euro Pale,2017-09-03,2.57,,,,,4.7,,1
Rikki Tikki Tavi,Green Street Brewery,Pale Ale - American,2018-05-09,3.869,40.0,,,Mango,5.6,,4
Tauras Ekstra,Kalnapilio-Tauro,Lager - Pale,2012-09-16,2.936,,,,,5.2,,4
Broadcast,Bierstaat,Stout - Milk / Sweet,2020-01-14,4.176,16.0,,,,5.0,,4
Indium Indian Pale Ale,Nuclear Brewery,IPA - English,2016-11-12,3.619,55.0,,,,6.3,,4
Cold Steel,Jungle Brewery,Lager - IPL (India Pale Lager),2020-01-03,4.036,35.0,"El Dorado,Idaho 7,Mosaic",,,5.0,,4
The Blueberriest Blueberry,Hops Brewery,IPA - Imperial / Double Milkshake,2020-01-08,4.05,30.0,Galaxy,,Blueberry,6.8,,5
Noble,Pivot Point,IPA - Brut,2019-11-26,3.686,35.0,"Nelson Sauvin,Galaxy",,,6.8,12.8,4
Sour IPA,Copper Head,IPA - Sour,2021-07-16,3.712,38.0,,,,6.0,,5
1664 Blanc,Аліварыя,Wheat Beer - Witbier / Blanche,2024-08-18,,,,,,4.5,,4
No Signal,Bierstaat,Pale Ale - American,2020-01-04,3.594,30.0,"Mosaic,Idaho 7,Centennial,Azacca",,,5.5,,4
Blanche,Belgica,Wheat Beer - Witbier / Blanche,2022-01-17,,,,,,,,3
Bierstaat Pale Ale,Bierstaat,Pale Ale - Other,2020-01-04,2.807,17.0,,,,4.7,,2
Hefeweizen,Bierstaat,Wheat Beer - Hefeweizen,2023-01-23,3.659,8.0,,,,5.3,,5
Munchenweiss,Bierstaat,Lager - Pale,2016-07-17,2.851,,,,,5.1,12.0,4
Old Bobby Ale,Балтика,Bitter - Session / Ordinary,2010-10-01,3.157,,,,,4.5,11.0,4
Edelweiss Blanche,Heineken,Wheat Beer - Witbier / Blanche,2014-09-03,3.264,15.0,,,,4.9,,4
Grimbergen Blanche,Brouwerij Alken-Maes,Wheat Beer - Witbier / Blanche,2021-09-27,3.596,,,,,,,4
Black Milk,GoldFish,Stout - Milk / Sweet,2016-11-19,3.664,24.0,,,,5.4,,4
Eva,Bierstaat,Pale Ale - Milkshake,2019-12-13,3.675,,,,Peach,,,3
Мохито,Bierstaat,Cider - Other Fruit,2019-06-26,3.537,,,,,4.5,,3
Медовуха,Bierstaat,Mead - Other,2019-03-24,3.491,,,,,5.0,,4
Bitterfly,13 Litar,Bitter - Extra Special / Strong (ESB),2019-11-13,3.898,30.0,"Chinook,Saaz","Pale Ale,Pilsner,Red Ale,Abbey",,5.3,13.0,4
Key Lime Pie,"Green Street Brewery,Бакунин",Sour - Other,2019-04-02,3.962,,,,,4.0,,3
Morning Manya,Zavod,Sour - Tomato / Vegetable Gose,2019-06-07,3.879,7.0,,,,4.1,,4
