Пиво,Пивоварня,Стиль,ABV,IBU,Рейтинг
Sweet Melon & Passion Fruit,FЁRN CIDER,Cider - Other Fruit,6% ABV,N/A IBU,3.5
Хмельнов Жигулевское Фирменное Светлое,Krinitsa (Криница),Lager - Pale,4.6% ABV,N/A IBU,2.5
Gold Mine Beer,AB InBev Efes,Lager - Pale,4.6% ABV,N/A IBU,2.5
Kill ‘Em All: Garden Berries,Punchiller,Chilli / Chile Beer,5% ABV,N/A IBU,4.25
Crazy Tiger,山东绿洲啤酒有限公司,Wheat Beer - Hefeweizen Light / Leicht,4.3% ABV,N/A IBU,3.25
Wusu Classic,Wusu Breweries (乌苏啤酒厂),Lager - Other,4% ABV,11 IBU,3.75
Zhigulevskoe Traditsionnoe Svetloe (Жигулевское Традиционное Светлое),Zavod Trekhsosensky (Завод Трехсосенский),Lager - Pale,4.5% ABV,N/A IBU,3
Moon Falling,Atmosphere Brewery,Barleywine - Other,15% ABV,30 IBU,4.25
Desert Dreams,Atmosphere Brewery,Barleywine - Other,15% ABV,16 IBU,4.5
Jungle Fears,Atmosphere Brewery,Stout - Russian Imperial,15% ABV,60 IBU,4.5
Edelpilsener,Privatbrauerei Hösl,Pilsner - German,4.9% ABV,N/A IBU,3.5
Eriko Lahja,Snowcap Brewing,Stout - Pastry,7% ABV,20 IBU,4
Tajfun: HBC 1019 & Riwaka,Malanka,IPA - Imperial / Double New England / Hazy,7.8% ABV,50 IBU,4.5
Imhla: Ekuanot,Malanka,IPA - New England / Hazy,6.4% ABV,30 IBU,4
Paparać: Simcoe,Malanka,Wheat Beer - Hopfenweisse,7.6% ABV,40 IBU,4
Dunkel / Dunkel Gold,Staatliches Hofbräuhaus München,Lager - Munich Dunkel,5.5% ABV,23 IBU,3.75
Veškelüs,Snowcap Brewing,Stout - Russian Imperial,11% ABV,50 IBU,4
Brander Bier,Baltika Breweries (Балтика),Lager - Pale,4.5% ABV,N/A IBU,2.25
Zbiten Maladzechanski (Збитень молодеченский) Бузина и мёд,Royal Fruit Bel,Mead - Other,5% ABV,N/A IBU,3.25
O'Hara's West Coast IPA,O'Hara's Brewery,IPA - American,6.2% ABV,40 IBU,3.5
Blanche de Namur Rosée,Brasserie du Bocq,Wheat Beer - Fruited,3.4% ABV,N/A IBU,3.75
Slow Life,Jungle Brewery,IPA - American,6% ABV,60 IBU,4.25
Remorseless Winter,Midnight Project,IPA - Cold,6.9% ABV,50 IBU,4
Vyspa: Eclipse & Riwaka,Malanka,Pale Ale - New England / Hazy,5% ABV,40 IBU,4.25
Еретичка / Heretic,ALASKA brewery,Sour - Tomato / Vegetable Gose,6.5% ABV,N/A IBU,4
Mitrenha: Talus & Ekuanot,Malanka,IPA - Imperial / Double,8% ABV,80 IBU,4
Keep the Faith in Your Diet in the Middle of the Night,Midnight Project,IPA - Imperial / Double Black,9% ABV,70 IBU,4.25
Pulse. New Year Mandarin,Hops Brewery,Sour - Fruited,6% ABV,N/A IBU,4
Pavietra: Eclipse,Malanka,Pale Ale - New England / Hazy,5.1% ABV,40 IBU,4
Everyday Wheat,Hops Brewery,Wheat Beer - Hefeweizen,5.3% ABV,6 IBU,3.75
Spirit Reaver,Midnight Project,IPA - Imperial / Double,7.9% ABV,70 IBU,4.25
Osiris,Midnight Project,Porter - Other,9% ABV,60 IBU,4.25
Baraba,Banjalučka Pivara,Lager - Pale,4.2% ABV,N/A IBU,3
Black Winter Day,Plan B Brewery,Stout - Imperial / Double,9% ABV,N/A IBU,4
Be Urban,Krinitsa (Криница),Lager - Pale,4.2% ABV,N/A IBU,3
O'Hara's Hazy IPA,O'Hara's Brewery,IPA - New England / Hazy,6.8% ABV,40 IBU,3.5
Lost,BrewDog,Pilsner - Other,4.5% ABV,N/A IBU,3.75
Wolpertinger Pils,German Beverage Group Ltd,Pilsner - German,4.7% ABV,N/A IBU,2.75
Eboshi Happoshu,Brand Direct BV,Happoshu,4.6% ABV,N/A IBU,3
Lost In Blood Orange,BrewDog,Pilsner - German,4.5% ABV,20 IBU,3.5
Black Heart,BrewDog,Stout - Irish Dry,4.1% ABV,N/A IBU,3.75
Ceanannas Mór (Келлс),Brauning Bier (Браунинг Бир),Stout - Irish Dry,5% ABV,15 IBU,3.75
Джоуль,Plan B Brewery,IPA - New England / Hazy,6% ABV,40 IBU,4
Под ведьмачьим мечом,Black Cat Brewery,Stout - Irish Dry,4.9% ABV,20 IBU,3.75
Hidden Bay,Stamm Brewing,IPA - American,6.5% ABV,N/A IBU,4.25
Montréal (Монреаль),Brauning Bier (Браунинг Бир),Winter Ale,6.5% ABV,10 IBU,4
Mellow Dream,Plan B Brewery,Stout - Milk / Sweet,5.5% ABV,N/A IBU,4
Jager Weisse / Simcoe Weisse,Camba Bavaria,Wheat Beer - Hopfenweisse,5.2% ABV,29 IBU,3.75
Hobgoblin Dark Stout,Marston's Brewery,Stout - English,4.1% ABV,N/A IBU,3.25
Pickles With Garlic,Plague Brew,Sour - Other Gose,4.5% ABV,6 IBU,4.25
Сидр Старовар вишня,Старовар,Cider - Sweet,4.5% ABV,N/A IBU,3
ВАСИЛЕОСТРОВСКОЕ красный эль / VASILEOSTROVSKOE red ale,Vasileostrovskaya Brewery (Василеостровская Пивоварня),Red Ale - Other,4.5% ABV,30 IBU,3
Sunny Twist,Jungle Brewery,Sour - Fruited,5% ABV,10 IBU,4.25
Vic Secret One Love,Jungle Brewery,IPA - Session,5% ABV,30 IBU,4
CHRISTMAS IPA HAS Brew,HAS Brew,IPA - Belgian,6.6% ABV,50 IBU,3.75
FACTORY RIS: ORANGE,Robim Good Brewery,Stout - Russian Imperial,6.7% ABV,20 IBU,2
Менскi пiлс,Пивоварня Ортодокс,Pilsner - German,4.5% ABV,35 IBU,3.75
PINEAPPLE ALE,Vasileostrovskaya Brewery (Василеостровская Пивоварня),Fruit Beer,6% ABV,14 IBU,3.25
Cyklon: Cascade & Medusa,Malanka,IPA - New England / Hazy,7% ABV,70 IBU,4
Квас Сказочный Тёмный,БелАкваБай,Kvass,1.2% ABV,N/A IBU,3.25
Hollandia | Alcohol Free,Moscow Brewing Company (Московская Пивоваренная Компания),Non-Alcoholic - Lager,0.5% ABV,N/A IBU,3.25
Балтика #0 Безалкогольное Вишня Black Edition,Baltika Breweries (Балтика),Non-Alcoholic - Shandy / Radler,0.5% ABV,N/A IBU,3.5
My Apricot Morning,Jaws Brewery,Non-Alcoholic - Pale Ale,0.5% ABV,30 IBU,3.75
Everyday,Bierstaat,Lager - Dark,5% ABV,N/A IBU,3
КАДЕНС,Bakunin Brewing Co.,Non-Alcoholic - Lager,0.5% ABV,35 IBU,3.25
"Moose, Just Moose",Konix Brewery,Non-Alcoholic - Lager,0.5% ABV,20 IBU,3.25
Feldschlößchen Lager Light,Feldschlößchen Dresden,Lager - Pale,3.9% ABV,N/A IBU,2.75
Long Road,Jungle Brewery,Porter - Imperial / Double Baltic,11% ABV,30 IBU,4
All-Black the Necrosword,Midnight Project,IPA - Imperial / Double Black,10% ABV,90 IBU,4.25
Seth & Riley’s Garage Hard Mandarin Drink,Пивоваренная компания «Аливария» (Alivaria Brewery),Shandy / Radler,4.6% ABV,N/A IBU,3.5
Seth & Riley's Garage Hard Peach,Baltika Breweries (Балтика),Shandy / Radler,4.6% ABV,N/A IBU,3.5
Зелёный Змей,White Stone,Sour - Tomato / Vegetable Gose,5.5% ABV,7 IBU,4.25
Pazuzu,Midnight Project,Stout - American,10% ABV,95 IBU,4.25
Baltic Spirit,BIERBANK,Porter - Baltic,7.5% ABV,25 IBU,4.25
Landbier,Privatbrauerei Einsiedler Brauhaus,Lager - Dortmunder / Export,5% ABV,25 IBU,3.5
Крепкий опыт: Копченый Имперский стаут,Nuclear Brewery,Stout - Imperial / Double,9.5% ABV,20 IBU,3.75
TIME TO MAKE A WISH,Big Village Brewery,Stout - Imperial / Double,8.5% ABV,30 IBU,4
It’s A Sin,Brouwerij Kees,Stout - Imperial / Double,13.8% ABV,56 IBU,4.25
The Pastry Knight,Selfmade Brewery,Cream Ale - Imperial / Double,10% ABV,15 IBU,4
Lost In Guava,BrewDog,Pilsner - German,4.5% ABV,20 IBU,3.5
Zatlum: Sorachi Ace,Malanka,IPA - Black / Cascadian Dark Ale,7% ABV,90 IBU,4
Ručaj: Dvanaccatka,Malanka,Pilsner - Czech / Bohemian,4.8% ABV,40 IBU,4
Sky Stalker,Jungle Brewery,IPA - Imperial / Double,9.1% ABV,100 IBU,4.25
Здурнелі зусім і дадалі ў пшанічку Сабра,Midnight Project,Wheat Beer - Hopfenweisse,6.9% ABV,24 IBU,4.25
Cats & Dogs,Black Cat Brewery,Stout - Imperial / Double Pastry,13% ABV,15 IBU,4.25
Vienna Lager,Sozhski Beer,Lager - Vienna,5.3% ABV,22 IBU,3.5
Железнодорожная вода,ALASKA brewery,Stout - Russian Imperial,14.8% ABV,N/A IBU,4.25
Хёд,Медоварня Традиции Предков,Mead - Other,4.7% ABV,N/A IBU,3.75
Эйяфьядлайёкюдль,ALASKA brewery,Porter - Smoked,8% ABV,N/A IBU,3.75
Горгона,CHIBIS Brewery,IPA - New England / Hazy,6.5% ABV,N/A IBU,4
Речицкое вишнёвое,Бобруйский бровар,Fruit Beer,6.4% ABV,N/A IBU,2.5
Abšar: Motueka,Malanka,IPA - White / Wheat,7.8% ABV,40 IBU,4.25
MÄHDRESCHER,Hops Brewery,Wheat Beer - Dunkelweizen,5% ABV,7 IBU,3.75
VOID,Main Rule,Stout - Other,6.8% ABV,N/A IBU,4
Turtle's Stout,Panzer Brewery,Stout - Oatmeal,5% ABV,30 IBU,4
Fiesta,Amsterdam Brewers,Lager - Mexican,4.7% ABV,N/A IBU,3
Saĺsa: Boršč,Malanka,Sour - Tomato / Vegetable Gose,4% ABV,N/A IBU,4.25
Munich Lager HAS Brew,HAS Brew,Lager - Helles,4.5% ABV,15 IBU,3.75
Krush Bandicoot,Midnight Project,IPA - New England / Hazy,6.3% ABV,25 IBU,4.25
Ad Astra,Malanka,IPA - New England / Hazy,7% ABV,40 IBU,4.25
Egmont (Эгмонт),Brauning Bier (Браунинг Бир),Dark Ale,5.8% ABV,17 IBU,4
Decontrol: Cheesecake,Zagovor Brewery,Porter - Imperial / Double,10.5% ABV,N/A IBU,4.25
Nektar Pivo,Banjalučka Pivara,Lager - Pale,5% ABV,16 IBU,3
Eboshi Original,German Beverage Group Ltd,Lager - Japanese Rice,4.9% ABV,N/A IBU,2.5
Petrus Blond,Brouwerij De Brabandere,Belgian Blonde,6.5% ABV,24 IBU,3.75
Омерзительные Восемь,Midnight Project,Pale Ale - American,5.3% ABV,37 IBU,4
Krush One Love,Jungle Brewery,IPA - Session,5% ABV,40 IBU,4.25
Сон Хроноса / Chronos' Dream,Пивоварня Чаща / Thicket Brewery,IPA - Cold,6.4% ABV,45 IBU,4
小島さんは鬼才です。,Midnight Project,Lager - Japanese Rice,4.6% ABV,10 IBU,3.75
Reverse Tinkerbell 13,Delta Ksi / Дельта Кси,Strong Ale - Other,8.4% ABV,30 IBU,4.25
From the East Coast,Zagovor Brewery,IPA - Imperial / Double New England / Hazy,8% ABV,45 IBU,4
Brovar Malinka,Malanka Taproom,IPA - Sour,6.7% ABV,30 IBU,4.25
Alcohol Free Cider,Mac Ivors Cider Company,Non-Alcoholic - Cider / Perry,0.5% ABV,N/A IBU,3.25
Replica: Superdelic,Zagovor Brewery,IPA - New England / Hazy,6.5% ABV,30 IBU,4
Papa Reaper,Malanka Taproom,Sour - Tomato / Vegetable Gose,4% ABV,N/A IBU,5
#800,Plan B Brewery,Barleywine - Other,14.5% ABV,N/A IBU,4.5
Banjalučko Pivo,Banjalučka Pivara,Lager - Pale,4.6% ABV,N/A IBU,3
Maple Ganache,Stamm Brewing,Stout - Imperial / Double Pastry,13% ABV,N/A IBU,4.25
Zwickelbier,Privatbrauerei Einsiedler Brauhaus,Kellerbier / Zwickelbier,5.2% ABV,26 IBU,3.75
Збитень Mog.Nat. Zero,Могилевоблпищепром (Mogilevoblpischeprom),Non-Alcoholic - Mead,N/A ABV,N/A IBU,2.5
Hopstorm,BEAVER (Пивоваренная компания БИВЕР),IPA - American,6.8% ABV,70 IBU,3.75
Quiet Hunt,Rewort Brewery,Sour - Other Gose,6.5% ABV,10 IBU,3.75
Brain Buster,Rewort Brewery,Sour - Tomato / Vegetable Gose,6% ABV,N/A IBU,4
Spectral Elixir,Midnight Project,Pale Ale - New England / Hazy,4.8% ABV,20 IBU,4.25
Ride The Storm,Jungle Brewery,IPA - Imperial / Double,8.1% ABV,95 IBU,4.25
Збитень Ржаной,КвасКо Боттлерз,Mead - Other,4.5% ABV,N/A IBU,3.25
Blackcurrant Crush,Bierstaat,Fruit Beer,5.5% ABV,N/A IBU,3.75
Charnica (Чарніца),Pan Kachyn (Пан Качын),Mead - Melomel,6% ABV,N/A IBU,3.75
Predator,Bierstaat,IPA - American,6.3% ABV,40 IBU,3.75
Harvest Festival,Bierstaat,Wheat Beer - Hefeweizen,5.3% ABV,N/A IBU,3.5
ROBIM GOOD THE SUBSTANCE,Robim Good Brewery,Stout - Irish Dry,6.4% ABV,10 IBU,3.5
Double Decker Ale,New Riga's Brewery,Bitter - Session / Ordinary,5% ABV,25 IBU,3.5
Медовуха Mog.Nat. Zero Alcohol,Могилевоблпищепром (Mogilevoblpischeprom),Non-Alcoholic - Mead,N/A ABV,N/A IBU,2.75
Kapittel Blond,Leroy Breweries,Belgian Blonde,6.5% ABV,N/A IBU,3.75
Ottakringer Citrus Radler,Ottakringer Brauerei,Shandy / Radler,2% ABV,N/A IBU,3.75
FACTORY TRIPLE IPA,Robim Good Brewery,IPA - Triple,6.8% ABV,120 IBU,4
Костры Рябин,Toksovo Cidrerie / Токсовская Сидрерия,Cider - Other Fruit,4.8% ABV,N/A IBU,3.5
Full Circle,Jungle Brewery,Pilsner - German,5% ABV,28 IBU,3.75
SACHERTORTE,Brewlok Brewery,Stout - Imperial / Double Oatmeal,6% ABV,N/A IBU,4
Игра теней,Atmosphere Brewery,Stout - Other,7.5% ABV,20 IBU,3.75
Pavaloka: HBC 1019,Malanka,IPA - Triple New England / Hazy,10% ABV,40 IBU,4.5
Свярдлоўскі дваровы кот,Midnight Project,IPA - American,6.6% ABV,50 IBU,4.25
Krymskaya Riviera (Крымская Ривьера),ПБК Крым (Krym),Lager - Pale,5% ABV,N/A IBU,2.5
Пироги да ягоды (Клубника),White Stone,Stout - Milk / Sweet,6% ABV,11 IBU,4
"Oh, My Milk!",Bierstaat,Stout - Milk / Sweet,5.2% ABV,N/A IBU,4
Dark Velvet,Sozhski Beer,Lager - Dark,5.6% ABV,12 IBU,3
Boom (Бом),Brauning Bier (Браунинг Бир),Belgian Dubbel,6.9% ABV,20 IBU,3.75
The Irishman,Sozhski Beer,Stout - Irish Dry,4% ABV,30 IBU,3.75
"Sour Ale Фейхоа, клубника, мята",Wild Hills Brewery,Sour - Fruited,6% ABV,N/A IBU,4
Аномалия,Atmosphere Brewery,Porter - English,8.6% ABV,30 IBU,3.75
Piarevaracień: Abrykos,Malanka,Stout - Imperial / Double Oatmeal,8% ABV,40 IBU,4.5
Tajfun: Riwaka & Nelson,Malanka,IPA - Imperial / Double New England / Hazy,7.8% ABV,50 IBU,4.25
Mighty Boosh,Boxing Wizard Brewery,Kölsch,4.8% ABV,28 IBU,3.75
Chaliera: Krush,Malanka,IPA - American,6.7% ABV,80 IBU,4
PEPPERONI: Extra Hot Edition,BIERBANK,Sour - Tomato / Vegetable Gose,4.8% ABV,11 IBU,3.5
Boost: Citra & Nelson Sauvin,Jungle Brewery,Pale Ale - New England / Hazy,5.9% ABV,30 IBU,4.25
Rager: HBC-682,Valaduta Brovar,IPA - Imperial / Double,8.5% ABV,70 IBU,4
Mlosć: Perle,Malanka,Pale Ale - American,5.6% ABV,50 IBU,4.25
Howard Loves Cat,Midnight Project,Pale Ale - New England / Hazy,5% ABV,25 IBU,4
Popcorn Trick,Rewort Brewery,Stout - Pastry,7% ABV,15 IBU,4
Imhla: Nelson Amplifire,Malanka,IPA - New England / Hazy,6.6% ABV,40 IBU,4.25
Bavarian IPA,Privatbrauerei Kaiserdom,IPA - Other,5.1% ABV,N/A IBU,3.75
Weissbier Resi - Helles,Privatbrauerei Hösl,Wheat Beer - Hefeweizen,5.3% ABV,15 IBU,3.75
Pilsener,Privatbrauerei Einsiedler Brauhaus,Pilsner - German,4.9% ABV,34 IBU,3.25
Erdinger Brauhaus Helles,Erdinger Weissbräu,Lager - Helles,5.1% ABV,14 IBU,3.5
Seth & Riley's Garage Hard Lingonberry Drink,Baltika Breweries (Балтика),Shandy / Radler,4.6% ABV,N/A IBU,3.25
Shadow HAS Brew,HAS Brew,Lager - Dark,5.3% ABV,10 IBU,3.5
Thunderclap,Bierstaat,Stout - Milk / Sweet,6.2% ABV,N/A IBU,3.75
HERE TO STAY,COVEN BREWERY,Sour - Smoothie / Pastry,5% ABV,N/A IBU,4.25
Баланс Белого,Midnight Project,IPA - White / Wheat,7.2% ABV,55 IBU,4
Lichamanka: Eclipse,Malanka,IPA - Imperial / Double,8% ABV,100 IBU,4.25
Noč: Tmavý Ležák,Malanka,Lager - Tmavé (Czech Dark),4.8% ABV,30 IBU,4
Vertigo,GAS Brew,Stout - Russian Imperial,11% ABV,N/A IBU,4
Magic Secret,Carnival Brewery,Stout - Milk / Sweet,6% ABV,15 IBU,3.75
Chiemsee Dark,Camba Bavaria,Lager - Dark,5.6% ABV,17 IBU,3.5
Oblivion,Rewort Brewery,Stout - Pastry,6.9% ABV,10 IBU,3.75
Banshee (Ardbeg Freeze Edition),Punchiller,Freeze-Distilled Beer,25% ABV,N/A IBU,4.75
Moxie,Boxing Wizard Brewery,Bitter - Extra Special / Strong (ESB),5.4% ABV,30 IBU,3
Frozen Firewall,Zagovor Brewery,IPA - Black / Cascadian Dark Ale,6.5% ABV,45 IBU,3.75
X (Dešimtmečio),Dundulis,Barleywine - Other,10% ABV,55 IBU,3.75
Spa (Спа),Brauning Bier (Браунинг Бир),IPA - Belgian,6.9% ABV,64 IBU,3.5
Kvass Winter(Zimni) With Baked Apple (Квас лидский зимний со вкусом печёного яблока),Lidskae Piva (Лідскае Піва),Kvass,1.2% ABV,N/A IBU,3.75
Золотой Шмель Сбитень с черносливом,Brestskoe Pivo (Брестское Пиво),Honey Beer,4.5% ABV,N/A IBU,2.5
Non Stop Energy,Jungle Brewery,IPA - American,6.1% ABV,70 IBU,4.25
Vortex IPA HAS Brew Citra&Mosaic,HAS Brew,IPA - American,6.4% ABV,50 IBU,3.75
Land Van De Meester,Brewery De Meester,Belgian Strong Dark Ale,11% ABV,N/A IBU,4.25
Pilsener / Premium German Lager / Pilsener Herb-Würzig,Privatbrauerei Kaiserdom,Pilsner - German,4.7% ABV,25 IBU,3.25
Bakalář Světlá desítka / Pale Lager,Tradiční pivovar v Rakovníku,Lager - Světlé (Czech Pale),4% ABV,26 IBU,3.25
Bakalář Světlý ležák / Premium Lager,Tradiční pivovar v Rakovníku,Pilsner - Czech / Bohemian,4.9% ABV,30 IBU,3.25
Lager,Privatbrauerei Eichbaum,Lager - Pale,4.2% ABV,N/A IBU,2.75
Wilderer Weisse,Camba Bavaria,Wheat Beer - Dunkelweizen,5.6% ABV,20 IBU,3.5
Dunkel,Camba Bavaria,Lager - Munich Dunkel,5% ABV,17 IBU,3.5
Солнечные дни,CHIBIS Brewery,IPA - New England / Hazy,6.7% ABV,N/A IBU,4
Kellerbier,Brauhaus Riegele,Kellerbier / Zwickelbier,5% ABV,N/A IBU,3.5
Vyspa: Mosaic & Cascade,Malanka,Pale Ale - New England / Hazy,5.4% ABV,40 IBU,4
Crystal Flash,Jungle Brewery,IPA - Imperial / Double,9.4% ABV,100 IBU,4.25
Flauros,Midnight Project,Stout - Imperial / Double Milk,10% ABV,35 IBU,4.25
Dún Lios (Данлюс),Brauning Bier (Браунинг Бир),Stout - Irish Dry,5% ABV,25 IBU,3.5
Bavarian Smoked Bier,Privatbrauerei Kaiserdom,Rauchbier,5.3% ABV,N/A IBU,4
Mlosć: Vista & Cascade,Malanka,Pale Ale - American,5.4% ABV,40 IBU,4.25
Cyklon: Medusa,Malanka,IPA - New England / Hazy,7% ABV,40 IBU,4
Chaliera: El Dorado,Malanka,IPA - American,6.6% ABV,80 IBU,4.25
Berliner Kindl Jubiläums Pilsener,Berliner-Kindl-Schultheiss-Brauerei,Pilsner - German,5.1% ABV,27 IBU,3
Abt Andreas Traditionstrunk,Privatbrauerei Hösl,Lager - Dark,4.9% ABV,25 IBU,3.25
Mein Zoigl,Privatbrauerei Hösl,Historical Beer - Zoigl,5.5% ABV,12 IBU,3.75
Apple Boom,"Пищевой комбинат ""Веселово""",Cider - Dry,5.7% ABV,N/A IBU,3
Apple Boom (полусладкий),"Пищевой комбинат ""Веселово""",Cider - Sweet,5.7% ABV,N/A IBU,3
Tiramisu Bastard,Selfmade Brewery,Stout - Imperial / Double Pastry,6.5% ABV,20 IBU,4
Темный опыт: Молочный стаут «Шоколадно-ванильный чизкейк»,Nuclear Brewery,Stout - Milk / Sweet,6% ABV,15 IBU,3.75
Picklester,Selfmade Brewery,Sour - Other Gose,4.6% ABV,5 IBU,4
Smarahd: Wet Hop Pils,Malanka,Pilsner - German,5.6% ABV,40 IBU,4
Swordkeeper,Selfmade Brewery,IPA - Imperial / Double New England / Hazy,8% ABV,55 IBU,4
Mitrenha: Citra & Simcoe,Malanka,IPA - Imperial / Double,8% ABV,80 IBU,4
Bliskavica: Eclipse & Simcoe,Malanka,IPA - New England / Hazy,7% ABV,40 IBU,4
LIDSKAE ROCKY CROC Lemon,Lidskae Piva (Лідскае Піва),Shandy / Radler,4.6% ABV,N/A IBU,3
Veseliy Osel Grown Cranberries,"Пищевой комбинат ""Веселово""",Mead - Other,5.7% ABV,N/A IBU,2.75
Veseliy Osel Grown Pears,"Пищевой комбинат ""Веселово""",Mead - Traditional,5.7% ABV,N/A IBU,1.25
Hofbräu Oktoberfestbier (2024),Staatliches Hofbräuhaus München,Festbier,6.3% ABV,23 IBU,3.75
Funny  Pumpkin (Весёлая тыква),Pan Kachyn (Пан Качын),Mead - Braggot,6.9% ABV,N/A IBU,3.75
Hel,Midnight Project,Stout - Imperial / Double Oatmeal,13.1% ABV,40 IBU,4.25
Днепро Мэд Лемон (DНЕПРО MAD LEMON),Бобруйский бровар,Flavored Malt Beverage,4.6% ABV,N/A IBU,3
Brewer's DNA / ДНК Пивовара,NoAd.Beer GmbH,Lager - Helles,4.1% ABV,20 IBU,2.5
Oettinger Super Forte,Oettinger Brauerei,Lager - Strong,8.9% ABV,N/A IBU,3
Калядны Цуд Чарніца-Чабор,Пивоваренная компания «Аливария» (Alivaria Brewery),Lager - Winter,4.7% ABV,2 IBU,2
Shroomdalf Smoked Paprika,Selfmade Brewery,Sour - Other Gose,5% ABV,10 IBU,4.25
Raspberry Porter,Paradox,Porter - Other,6.8% ABV,35 IBU,3.75
GIALLO!,OSTROVICA,Stout - Imperial / Double,13.5% ABV,N/A IBU,4
"Уважаемые соседи,",Mitra Brewing Co.,Pilsner - New Zealand,5.2% ABV,24 IBU,3.5
Power Armor,Midnight Project,IPA - Imperial / Double,8.5% ABV,65 IBU,4.25
Black ANT,Hops Brewery,Lager - Dark,5.1% ABV,8 IBU,3.5
Старый Мельник из Бочонка,Krinitsa (Криница),Kvass,1.2% ABV,N/A IBU,2.5
Hefeweizen Banana,Konix Brewery,Wheat Beer - Fruited,4.5% ABV,12 IBU,3.75
Weissmüller Original Helles,Privatbrauerei M.C. Wieninger,Lager - Helles,5.3% ABV,N/A IBU,3.75
Paulaner Pils / Münchner Pils,Paulaner Brauerei,Pilsner - German,4.8% ABV,31 IBU,3.5
Varka Psheno,New Riga's Brewery,Wheat Beer - Hefeweizen,4% ABV,N/A IBU,3.25
Varka Blanche,New Riga's Brewery,Wheat Beer - Witbier / Blanche,4% ABV,12 IBU,3.5
San Miguel Premium Especial (5.4%),Grupo Mahou-San Miguel,Lager - Pale,5.4% ABV,18 IBU,3.25
Schöfferhofer Wild Cherry Hefeweizen,Radeberger Gruppe,Shandy / Radler,2.5% ABV,N/A IBU,3.5
Grošák,Pivovar Steiger,Lager - Pale,3% ABV,N/A IBU,2.5
Крым Светлое (Krym Svetloe),ПБК Крым (Krym),Lager - Pale,4.4% ABV,N/A IBU,2.75
Steiger 12% / Gold,Pivovar Steiger,Pilsner - Czech / Bohemian,5% ABV,N/A IBU,2.5
Peculier IPA,Theakston,IPA - English,5.1% ABV,N/A IBU,3.5
Аліварскі квас чарніца-чабор,Пивоваренная компания «Аливария» (Alivaria Brewery),Kvass,N/A ABV,N/A IBU,2
Tsingtao,Tsingtao (青岛啤酒) Brewery,Lager - Pale,4.7% ABV,25 IBU,3
Kraštiečių Tradicinis,Utenos Alus,Lager - Pale,6% ABV,N/A IBU,2.5
Mėgėjų Tradicinis,Krinitsa (Криница),Lager - Pale,6% ABV,N/A IBU,2.5
Zhigulevskoe (Жигулевское),ПБК Крым (Krym),Lager - Pale,4.4% ABV,N/A IBU,2.5
Klosterkeller Weizenbier,Brauhaus Leikeim,Wheat Beer - Hefeweizen,5.4% ABV,N/A IBU,2.5
Klosterkeller Pilsener,Brauhaus Leikeim,Pilsner - German,4.9% ABV,N/A IBU,2.75
Klosterkeller Helles,Brauhaus Leikeim,Lager - Helles,4.9% ABV,N/A IBU,3.25
Inside Outside,Jungle Brewery,IPA - American,5.8% ABV,60 IBU,4
Goddess And Xanna's Triple IPA,Double Xanna,IPA - Triple,9.1% ABV,70 IBU,4
DrAuGR,Mad Frog Brewery,Wild Ale - Other,7% ABV,N/A IBU,4.25
Hefeweizen,NoAd.Beer GmbH,Wheat Beer - Hefeweizen,5.2% ABV,N/A IBU,2.75
Mr. Malt & Mr. Hops Lager,NoAd.Beer GmbH,Lager - Pale,4.1% ABV,10 IBU,2.5
Mr. Malt & Mr. Hops Hefeweizen,NoAd.Beer GmbH,Wheat Beer - Hefeweizen,5.2% ABV,N/A IBU,2.25
Horal 11 (4.6%),Albion Plus,Pilsner - Czech / Bohemian,4.6% ABV,N/A IBU,3
Horal Premium Dark Lager 1860,Albion Plus,Lager - Tmavé (Czech Dark),4.7% ABV,N/A IBU,3.5
It's Not Over...,Mitra Brewing Co.,Porter - Imperial / Double,10% ABV,49 IBU,4.25
詩經 (Shīh-chīng),Delta Ksi / Дельта Кси,Sour - Tomato / Vegetable Gose,5% ABV,15 IBU,3.75
Višniovy Sad,UGAR,Mead - Melomel,15% ABV,N/A IBU,4
Based On True Hops: Pink Blend,BIERBANK,IPA - American,6.9% ABV,40 IBU,3.75
Наглецы из Воронежа Stout,Brewlok Brewery,Stout - Other,5.5% ABV,N/A IBU,3.25
Špońk,Midnight Project,Sour - Fruited,6.9% ABV,10 IBU,4.25
Ekaterinburg,Mitra Brewing Co.,IPA - American,6.4% ABV,49 IBU,3.75
"Smoothie Sour Ale Клюква, черника и гуава",Wild Hills Brewery,Sour - Smoothie / Pastry,6% ABV,N/A IBU,4
Dunkles Weizen,Schlossbrauerei Friedenfels,Wheat Beer - Dunkelweizen,5.2% ABV,N/A IBU,3.25
Жэўжык,Вір (Vir),Mead - Melomel,6% ABV,N/A IBU,3.5
MEAD MR&B,Pan Kachyn (Пан Качын),Mead - Melomel,6.1% ABV,N/A IBU,3.75
ROBIM GOOD AMPIRE,Robim Good Brewery,Lager - Polotmavé (Czech Amber),4.7% ABV,16 IBU,3.75
Chaliera: Simcoe,Malanka,IPA - American,6.5% ABV,60 IBU,4
Saĺsa: Carolina Reaper,Malanka,Sour - Tomato / Vegetable Gose,4% ABV,N/A IBU,4.25
Foggy Ten Realms,Plan B Brewery,IPA - New England / Hazy,6.2% ABV,40 IBU,4
Smuha: El Dorado,Malanka,IPA - Imperial / Double New England / Hazy,7.6% ABV,18 IBU,4.25
Caught In My Dream,FrauGruber Brewing,IPA - New England / Hazy,6.8% ABV,N/A IBU,4
Здурнелі зусім і дадалі ў пшанічку Нельсан,Midnight Project,Wheat Beer - Hopfenweisse,6.9% ABV,24 IBU,4.25
T-900,Punchiller,Freeze-Distilled Beer,25% ABV,N/A IBU,4.5
Closed Party,Midnight Project,IPA - Imperial / Double,8.2% ABV,65 IBU,4
Chainsword,Midnight Project,IPA - Imperial / Double,8.1% ABV,60 IBU,4.25
Irish Wolf,Boxing Wizard Brewery,IPA - Other,5.5% ABV,45 IBU,3.75
Хрум,Plague Brew,Sour - Other Gose,5.2% ABV,6 IBU,4
Белая Скала (Belaya Skala),ПБК Крым (Krym),Wheat Beer - Witbier / Blanche,5% ABV,N/A IBU,2
X-Mark Tequila Beer,United Dutch Breweries,Spiced / Herbed Beer,5.9% ABV,N/A IBU,2.5
Asphyxia,Midnight Project,Stout - Russian Imperial,15% ABV,70 IBU,5
Herzog Von Bavaria,Argo Brewing Company,Lager - Dortmunder / Export,5.2% ABV,N/A IBU,2.5
Embrace,Zagovor Brewery,Non-Alcoholic - IPA,0.5% ABV,35 IBU,4
Don't Worry Baby,Jaws Brewery,Non-Alcoholic - Pale Ale,0.5% ABV,30 IBU,3.75
Kern & Pineapple,Ochakovo (Очаково),Malt Beer,N/A ABV,N/A IBU,3.25
Квасовар Деревенский На Хлебной Корочке (Kvasovar Derevenski Na Khlebnoy Korochke),Квасовар (Маркетинг-Центр),Kvass,1.2% ABV,N/A IBU,3.25
Sleep Tight Baby,Jaws Brewery,Non-Alcoholic - Porter / Stout,0.5% ABV,N/A IBU,3.75
Квас Белорусский Темный,БелАкваБай,Kvass,1.2% ABV,N/A IBU,3.25
Халзан Безалкогольное,Ochakovo (Очаково),Non-Alcoholic - Lager,0.5% ABV,N/A IBU,3
Квасыч,МЗБН,Kvass,N/A ABV,N/A IBU,2.5
Marochnoe Bezalkogolnoe | Марочное Безалкогольное,Afanasy | Афанасий,Non-Alcoholic - Lager,0.5% ABV,N/A IBU,3.5
Яблочный ФЁРН 0%,FЁRN CIDER,Non-Alcoholic - Cider / Perry,N/A ABV,N/A IBU,3.75
Weiss Berg Безалкогольное,Bochkarevsky Pivovarenny Zavod (Бочкаревский Пивоваренный Завод),Non-Alcoholic - Wheat,0.5% ABV,N/A IBU,3
N Nealko,Primátor,Non-Alcoholic - Lager,0.5% ABV,22 IBU,3
Квасовар белорусский темный,Квасовар (Маркетинг-Центр),Kvass,1.2% ABV,N/A IBU,3.25
Under Control,Time Bomb Brewery,Non-Alcoholic - Pale Ale,0.5% ABV,N/A IBU,3.5
Квас Белорусский Оригинальный,БелАкваБай,Kvass,1.2% ABV,N/A IBU,2.5
Easy Hazy,OSTROVICA,Non-Alcoholic - Pale Ale,0.5% ABV,N/A IBU,3.75
Квас Старажытны Цёмны,Krinitsa (Криница),Kvass,1.2% ABV,N/A IBU,3.25
Holba Horské byliny Nealko,Holba,Non-Alcoholic - Shandy / Radler,0.5% ABV,N/A IBU,3.5
Piwo Składowe Ciemne,Browar Witnica,Lager - Dark,4.5% ABV,N/A IBU,3.75
"Mog.Nat. ""БерёзаКвас"" с клюквой",Могилевоблпищепром (Mogilevoblpischeprom),Kvass,N/A ABV,N/A IBU,3
Kaleidoscope IPA: Sabro Ella,Hops Brewery,IPA - American,6.5% ABV,45 IBU,4.25
Sleeping Dog,Bierstaat,Porter - Other,6.9% ABV,N/A IBU,3.75
Cherry On Top,Zavod,Fruit Beer,6.9% ABV,10 IBU,3.5
Station HBC-630,BIERBANK,IPA - Session,5% ABV,30 IBU,4
Lawrencium  Amaretto Edition,Nuclear Brewery,Stout - Imperial / Double Pastry,10% ABV,10 IBU,4
Wheatdows,Hops Brewery,Wheat Beer - Hefeweizen,5% ABV,5 IBU,3.25
Антиглянец,4BREWERS,Stout - Imperial / Double Pastry,11.5% ABV,N/A IBU,4.25
Thullium Spiced Ed.,Nuclear Brewery,Sour - Other Gose,4.5% ABV,N/A IBU,4
Meteor Pils,Brasserie Meteor,Pilsner - Other,5% ABV,26 IBU,2.5
Rorschach,Plan B Brewery,IPA - Imperial / Double New England / Hazy,7.5% ABV,40 IBU,4.25
Белорусский на меду,МЗБН,Kvass,N/A ABV,N/A IBU,2.5
Holba Horská 10,Holba,Pilsner - Czech / Bohemian,4.2% ABV,23 IBU,3
OVERFALL,Konix Brewery,IPA - American,6.5% ABV,65 IBU,3.75
Arany Ászok,Dreher Sörgyárak,Pilsner - Other,4.3% ABV,N/A IBU,3
Szalon 1848,Pécsi Sörfőzde,Lager - Helles,4.6% ABV,18 IBU,2.75
Calm Like A Bomb,Multtown Brew,Sour - Fruited,6.5% ABV,8 IBU,4.25
Чехонь,Sergacore Brewery,Sour - Smoothie / Pastry,5% ABV,10 IBU,4.5
Tomatoni: Dill Aioli,Jungle Brewery,Sour - Tomato / Vegetable Gose,5% ABV,10 IBU,4
Paulaner Natur Radler / Lemon Radler,Paulaner Brauerei,Shandy / Radler,2.5% ABV,7 IBU,3.25
NEVER TOO LATE,COVEN BREWERY,Sour - Fruited Gose,5.5% ABV,N/A IBU,4
Crazy Moose,Konix Brewery,Pale Ale - American,5.5% ABV,45 IBU,3.75
WE WERE JUST KIDS,COVEN BREWERY,Sour - Smoothie / Pastry,5.5% ABV,N/A IBU,4.25
Skuf's Funeral,Multtown Brew,Sour - Fruited,6.5% ABV,8 IBU,4.25
Эль Английский Тёмный,Česky Lev (Чешский Лев),Brown Ale - English,4.9% ABV,N/A IBU,3
Авторское G. E. A.,Česky Lev (Чешский Лев),Lager - Pale,4.5% ABV,N/A IBU,2
Blend Me! Sour & Melomel,Midnight Project,Mead - Other,8% ABV,N/A IBU,4.25
Rager: Elani,Valaduta Brovar,IPA - Imperial / Double,8.5% ABV,70 IBU,4
Seth & Riley's Garage Crafty Zero Drink - Pomegranate,Пивоваренная компания «Аливария» (Alivaria Brewery),Non-Alcoholic - Other,N/A ABV,N/A IBU,3
Cassis Ale,Vasileostrovskaya Brewery (Василеостровская Пивоварня),Fruit Beer,6% ABV,14 IBU,3.75
Mlosć: Idaho 7,Malanka,Pale Ale - American,5.6% ABV,40 IBU,4
Quadruple Toe Loop,Midnight Project,IPA - Quadruple,13.5% ABV,120 IBU,4.5
Kavun V6.0,Valaduta Brovar,Sour - Fruited Gose,5% ABV,10 IBU,4
Bilboquet (Бильбоке),Coma Brewery,Sour - Fruited Berliner Weisse,5% ABV,10 IBU,4
Abšar: Mosaic,Malanka,IPA - White / Wheat,7.8% ABV,40 IBU,4.25
Dym: Malina,Malanka,Historical Beer - Lichtenhainer,4% ABV,N/A IBU,4
Garth (Гарт),Brauning Bier (Браунинг Бир),Stout - Milk / Sweet,5% ABV,10 IBU,3.75
Kraštiečių Tradicinis,Krinitsa (Криница),Lager - Pale,6% ABV,N/A IBU,2.5
LIDSKY KVASS “CRAZY CRUSH WITH CARAMEL FLAVORS” (ЛИДСКИЙ КВАС «CRAZY CRUSH СО ВКУСОМ КАРАМЕЛИ»),Lidskae Piva (Лідскае Піва),Kvass,1.2% ABV,N/A IBU,3.5
Karlova Krčma Premium 12,Podkováň,Pilsner - Czech / Bohemian,4.8% ABV,21 IBU,3
Veseliy Osel,"Пищевой комбинат ""Веселово""",Cider - Sweet,5.7% ABV,N/A IBU,0.5
Krombacher Pils,Krombacher Gruppe,Pilsner - German,4.8% ABV,24 IBU,3
Light,NoAd.Beer GmbH,Lager - Helles,4.1% ABV,20 IBU,2.5
Дубровъ,Afanasy | Афанасий,Pilsner - Other,4.1% ABV,N/A IBU,2
Karlova Krcma 11 Rezane,Podkováň,Lager - Polotmavé (Czech Amber),4.6% ABV,N/A IBU,3
Motor Strong (Мотор Крепкое),Moscow Brewing Company (Московская Пивоваренная Компания),Lager - Strong,8% ABV,N/A IBU,2.5
Днепро Стронг Черри (Dnepro Strong Cherry),Бобруйский бровар,Flavored Malt Beverage,6.4% ABV,N/A IBU,2.5
LIDSKAE ROCKY CROC HARD Pomegranate-Raspberry,Lidskae Piva (Лідскае Піва),Shandy / Radler,6% ABV,N/A IBU,2.75
Avtorskoe Reshenie / Авторское Решение Золотой Эль,Baltika Breweries (Балтика),Blonde / Golden Ale - Other,4.8% ABV,16 IBU,2.5
Nevskoe Originalnoe (Невское Оригинальное),Baltika Breweries (Балтика),Lager - Pale,5.7% ABV,N/A IBU,2.25
A.P.A.,Česky Lev (Чешский Лев),Pale Ale - American,4.9% ABV,15 IBU,3.25
Dark Brown Ale / Тёмное Браун Эль,Baltika Breweries (Балтика),Brown Ale - Other,4.5% ABV,22 IBU,3.5
Квас Хатні Бярозавы сок I мята (Kvass Hatni Byarozavy Sok I Myata),Бобруйский бровар,Kvass,1.2% ABV,N/A IBU,3.25
Miller Lime,Бобруйский бровар,Shandy / Radler,4% ABV,N/A IBU,2.75
Эль Индия (Ale India),Arbat (Арбат),IPA - English,6.5% ABV,40 IBU,3.75
Rye Rocket,Brewlok Brewery,IPA - Rye,6.2% ABV,N/A IBU,3.75
Argo Blue (არგო ლაგერი),Argo Brewing Company,Lager - Pale,4.8% ABV,N/A IBU,2.5
Dark Heat,Пивоварня Одна тонна / Odna Tonna Brewery,Stout - American,6% ABV,N/A IBU,4
ГозеЧоК,Pan Kachyn (Пан Качын),Sour - Fruited Gose,5.5% ABV,N/A IBU,3.60323
Nirvana,Rock-n-Rolla's,IPA - American,6% ABV,55 IBU,3.5
Frithy Wood (Фрити),Brauning Bier (Браунинг Бир),Dark Ale,5% ABV,25 IBU,3.5
Homework,Valaduta Brovar,IPA - American,6.5% ABV,35 IBU,4
Saĺsa: Black Garlic,Malanka,Sour - Tomato / Vegetable Gose,4% ABV,N/A IBU,4.25
Imhla: HBC 638,Malanka,IPA - New England / Hazy,6.4% ABV,40 IBU,4
Xenomorph Breakfast,Bierstaat,Stout - Other,6.9% ABV,30 IBU,4.25
Аліварскі Квас Ружовы,Пивоваренная компания «Аливария» (Alivaria Brewery),Kvass,N/A ABV,N/A IBU,2.25
To The Sunshine,Jungle Brewery,IPA - New England / Hazy,7.7% ABV,30 IBU,4
Keep Calm & Grab A CrowBar,Midnight Project,IPA - Imperial / Double,8.2% ABV,65 IBU,4
Yellow Road,Midnight Project,Pale Ale - New England / Hazy,5.7% ABV,20 IBU,4.25
Summer Breeze,Midnight Project,IPA - Session,5% ABV,35 IBU,4
Maklarin Remeslennoe Svetloe | Макларин Ремесленное Светлое,Afanasy | Афанасий,Kellerbier / Zwickelbier,4.5% ABV,20 IBU,3.25
Minsk,Mitra Brewing Co.,IPA - American,6.4% ABV,42 IBU,3.75
Большая Кружка Баварское,Baltika Breweries (Балтика),Lager - Pale,4.7% ABV,N/A IBU,2
Днепро Золотое,Бобруйский бровар,Lager - Pale,4.7% ABV,N/A IBU,2
Tinkerbell Effect 13,Delta Ksi / Дельта Кси,Porter - Baltic,8% ABV,20 IBU,3.75
Rizhskoe (Рижское),Zavod Trekhsosensky (Завод Трехсосенский),Lager - Pale,4.9% ABV,N/A IBU,2.25
"Houston, We Have A Brown IPA",Carousel Brewery,IPA - Brown,7.1% ABV,40 IBU,4.25
Lambic Kriek,Zavod Trekhsosensky (Завод Трехсосенский),Fruit Beer,5% ABV,N/A IBU,2.75
LIDSKAE ROCKY CROC Mango,Lidskae Piva (Лідскае Піва),Shandy / Radler,4.6% ABV,N/A IBU,3
Prickly Boy,White Stone,Sour - Smoothie / Pastry,6% ABV,7 IBU,4
LIDSKAE ROCKY CROC HARD Cherry,Lidskae Piva (Лідскае Піва),Shandy / Radler,6% ABV,N/A IBU,2
Grimbergen Ambrée,Brouwerij Alken-Maes,Red Ale - Other,6.5% ABV,22 IBU,3.25
Lightfoot,Theakston,Blonde / Golden Ale - English,4.1% ABV,N/A IBU,3
"Smoothie Mead:Pear, Banana, Nutmeg",Steppe & Wind Meadery (Степь и Ветер),Mead - Other,6% ABV,N/A IBU,4
"5,0 Original Craft Beer","5,0 International",Lager - Pale,5% ABV,N/A IBU,2.5
Мельница на реке,Zavod Trekhsosensky (Завод Трехсосенский),Lager - Pale,4.5% ABV,N/A IBU,2.5
Stangen IPL,Reepbana,Lager - IPL (India Pale Lager),5% ABV,N/A IBU,3
Tverskoe Svetloe | Тверское Светлое,Afanasy | Афанасий,Lager - Pale,4.1% ABV,N/A IBU,3.25
"5,0 Original Export / Lager","5,0 International",Lager - Dortmunder / Export,5.2% ABV,N/A IBU,2.75
Favorite,Beaver,Lager - Pale,4.2% ABV,N/A IBU,3
INTO THE FIRE,COVEN BREWERY,Sour - Tomato / Vegetable Gose,7% ABV,N/A IBU,4
Schönbrunn (Шёнбрунн),Brauning Bier (Браунинг Бир),Lager - Vienna,5.9% ABV,20 IBU,3.75
7 Years of Drink & Run,Midnight Project,Lager - IPL (India Pale Lager),4.6% ABV,30 IBU,3.75
Chaliera: HBC 682,Malanka,IPA - American,6.6% ABV,80 IBU,4
Watermelon Cider,Wolf's Brewery (Волковская Пивоварня),Cider - Other Fruit,4.5% ABV,N/A IBU,3
FACTORY IPA,Robim Good Brewery,IPA - American,6.7% ABV,47 IBU,3.75
The Last Summer Of Love,Jungle Brewery,Pilsner - Other,5% ABV,28 IBU,4
Ballantine Ale,Moscow Brewing Company (Московская Пивоваренная Компания),Red Ale - American Amber / Red,4.7% ABV,N/A IBU,3.75
Day Tripper,Hops Brewery,IPA - Imperial / Double,8.6% ABV,69 IBU,3.75
Портер ореховый,Wolf's Brewery (Волковская Пивоварня),Porter - Other,5.8% ABV,N/A IBU,2.75
Etalone (2023),Plague Brew,Stout - Imperial / Double,11% ABV,30 IBU,4
Когда смотришь на тьму,4BREWERS,Stout - American,6% ABV,N/A IBU,4.25
NYCTOPHOBIA,Big Village Brewery,Stout - Milk / Sweet,6.5% ABV,N/A IBU,4
Summertime Catness,Midnight Project,Pale Ale - American,5.7% ABV,35 IBU,4
Tap Tap Tap… Hamster In Untappd,Midnight Project,Pale Ale - American,5.3% ABV,40 IBU,4
Hop Headshot: Nelson Sauvin,Midnight Project,IPA - Triple,11% ABV,111 IBU,4.25
XB,Theakston,Bitter - Extra Special / Strong (ESB),4.5% ABV,N/A IBU,3.5
HER GHOST IN THE FOG,COVEN BREWERY,Sour - Fruited,6% ABV,15 IBU,4
Funny Pale,Carousel Brewery,Pale Ale - American,5.6% ABV,33 IBU,3.75
Yellow Diamond,Midnight Project,IPA - Imperial / Double New England / Hazy,8.4% ABV,30 IBU,4
Quince & Lime Bochet Mead,Steppe & Wind Meadery (Степь и Ветер),Mead - Bochet,6% ABV,N/A IBU,4
Planet TrES-2b: Bourbon BA (2024),Midnight Project,Stout - Russian Imperial,13% ABV,55 IBU,4.5
Бочковой - Белорусский оригинальный,Квасовар (Маркетинг-Центр),Kvass,1.2% ABV,N/A IBU,3
Золотая кружка светлое Golding,Бобруйский бровар,Lager - Pale,4% ABV,10 IBU,2
ЛIДСКАЕ ЯСЕН КВАСЕН,Lidskae Piva (Лідскае Піва),Shandy / Radler,4.6% ABV,N/A IBU,3.75
The Irish Teacher Green Brit,Dvinsky Brovar (Двинский Бровар),Mead - Other,4.5% ABV,N/A IBU,3.25
The Irish Teacher Dublin Cherry,Dvinsky Brovar (Двинский Бровар),Mead - Other,4.5% ABV,N/A IBU,3
The Irish Teacher Old Celt,Dvinsky Brovar (Двинский Бровар),Mead - Other,4.5% ABV,N/A IBU,3
Dr. Diesel Cool Mix Ежевика-Грейпфрут,Объединённые Пивоварни - Холдинг,Fruit Beer,5% ABV,N/A IBU,3
Dr. Diesel Selections Джин-Земляника,Объединённые Пивоварни - Холдинг,Hard Seltzer,6.5% ABV,N/A IBU,2.5
J.Hardy Maracuja & Chili,Бобруйский бровар,Fruit Beer,5% ABV,N/A IBU,3
LIDSKAE ROCKY CROC Rocky Energy,Lidskae Piva (Лідскае Піва),Shandy / Radler,4.6% ABV,N/A IBU,3
Dark Ages,Midnight Project,IPA - Imperial / Double Black,8.7% ABV,100 IBU,4.5
Arsenalnoe Traditional  / Арсенальное Традиционное,Baltika Breweries (Балтика),Lager - Pale,4.7% ABV,16 IBU,2.5
Frankfurter Raspberry Radler,Frankfurter Brauhaus,Shandy / Radler,2.5% ABV,N/A IBU,3.25
Frankfurter Grapefruit Radler,Frankfurter Brauhaus,Shandy / Radler,2.5% ABV,N/A IBU,3.25
Hmel'nov Bochkovoe (Хмельнов Бочковое),Krinitsa (Криница),Lager - Pale,5% ABV,N/A IBU,2.25
Tuborg Ice,Carlsberg Group,Lager - American Light,4.2% ABV,N/A IBU,2.75
Seth & Riley's Garage Hardcore Grape,Пивоваренная компания «Аливария» (Alivaria Brewery),Shandy / Radler,6% ABV,N/A IBU,3.25
Kern & Pomegranate,Ochakovo (Очаково),Malt Beer,N/A ABV,N/A IBU,3
Wolters Schwarzer Herzog Pilsener,Hofbrauhaus Wolters,Pilsner - German,4.9% ABV,N/A IBU,3
Fürst Chlodwig Pilsener,Liquid World GbR,Pilsner - German,4.8% ABV,N/A IBU,2.5
Rizhskoe (Рижское),Pivkombinat Balakovsky (Пивкомбинат Балаковский),Lager - Pale,4.3% ABV,34 IBU,1.75
Мюнхенское Светлое,Ростовский Пивоваренный завод Солнечный,Lager - Pale,4.7% ABV,N/A IBU,1.75
Накрутка,Magic Mess,Sour - Fruited,5.5% ABV,N/A IBU,4.25
Kern & Raspberry,Ochakovo (Очаково),Malt Beer,N/A ABV,N/A IBU,3
Рататоск Мудрая,Медоварня Традиции Предков,Mead - Metheglin,4.7% ABV,N/A IBU,4
Älska Nordic Berries,Swedish Cider Company,Cider - Other Fruit,4% ABV,N/A IBU,4
Поцелуй Фрейи,Медоварня Традиции Предков,Mead - Traditional,4.7% ABV,N/A IBU,3
Seth & Riley's Garage Hard Black Cherry Drink,Baltika Breweries (Балтика),Shandy / Radler,4.6% ABV,N/A IBU,2.75
MINTTU,Boogie Brew,Sour - Other,6% ABV,N/A IBU,3.75
STANDING  STILL,COVEN BREWERY,Sour - Smoothie / Pastry,6% ABV,N/A IBU,4.25
LoboDay West Coast,Midnight Project,IPA - Imperial / Double,8% ABV,60 IBU,4
Будьте добры и вспомните детство,Brewlok Brewery,Sour - Smoothie / Pastry,5% ABV,N/A IBU,3.75
Трифон Juice,Vyatich (Вятич),Shandy / Radler,4.5% ABV,14 IBU,2.75
J.Hardy Melon & Cheesecake,Бобруйский бровар,Flavored Malt Beverage,5% ABV,N/A IBU,2.5
Trifon Kriek (Трифон Крик),Vyatich (Вятич),Fruit Beer,4.5% ABV,16 IBU,2.75
Jumis,Malanka,Wheat Beer - Wheat Wine,10% ABV,N/A IBU,4.25
Огненный Великан Сурт,Медоварня Традиции Предков,Mead - Melomel,4.7% ABV,5 IBU,3.5
Blanche,Фляйсбах | Fleisbach Brauerei,Wheat Beer - Witbier / Blanche,4.8% ABV,14 IBU,3.25
LIDSKAE LID SUPER FRESH,Lidskae Piva (Лідскае Піва),Lager - Other,4.5% ABV,N/A IBU,3
Twenty Two Anniversary Ale,De Struise Brouwers,Stout - Belgian,14% ABV,28 IBU,4.25
UNDER THE BRIDGE,COVEN BREWERY,Sour - Smoothie / Pastry,6% ABV,N/A IBU,4
CRIMSON SKIES,COVEN BREWERY,Sour - Smoothie / Pastry,6.5% ABV,N/A IBU,4.25
Lying To Robots,Coma Brewery,Sour - Smoothie / Pastry,5.8% ABV,N/A IBU,4.25
DETERMINISM,Big Village Brewery,Sour - Fruited,7.5% ABV,N/A IBU,4
Grindcore,Plague Brew,Stout - Oyster,14% ABV,55 IBU,4
Nevskoe Svetloe (Невское Светлое),Baltika Breweries (Балтика),Lager - Pale,4.6% ABV,N/A IBU,2.5
Red Ray Cherry Mix,Ochakovo (Очаково),Fruit Beer,4.5% ABV,N/A IBU,2.25
Жигулёвское Особая Варка (Zhigulyovskoe Osobaya Varka),Baltika Breweries (Балтика),Lager - Pale,4% ABV,N/A IBU,3
Крушǒвице Velvet Royal,Объединённые Пивоварни - Холдинг,Lager - Polotmavé (Czech Amber),5% ABV,N/A IBU,2
"5,0 Original Weizen / Weiss","5,0 International",Wheat Beer - Hefeweizen,5% ABV,15 IBU,3
Baltika #3 Classic / Балтика #3 Классическое,Baltika Breweries (Балтика),Pilsner - Other,4.8% ABV,10 IBU,2.5
Dragon / Дракон,Baltika Breweries (Балтика),Lager - Japanese Rice,4.2% ABV,13 IBU,2.5
Светлое,ЛЭП (Лаборатория Экспериментального Пивоварения),Lager - American,4.3% ABV,N/A IBU,2.75
Крынiца -1,Krinitsa (Криница),Lager - Pale,4.4% ABV,N/A IBU,3.5
Jever Pilsener,Friesisches Brauhaus zu Jever,Pilsner - German,4.9% ABV,40 IBU,3.25
Хмелевое,Пивоваренный Завод Панкрат,Lager - Pale,4.5% ABV,N/A IBU,3.25
The Infinity Gauntlet: Whisky BA (2024),Midnight Project,Stout - Russian Imperial,13% ABV,55 IBU,4.5
Bitburger Premium Pils,Bitburger Brauerei,Pilsner - German,4.8% ABV,23 IBU,3
Рэчыцкае Асобая Варка 2024,Бобруйский бровар,Lager - Pale,4.7% ABV,20 IBU,3.25
KO KO,GANZA Brewery,Stout - Imperial / Double,14% ABV,N/A IBU,4
Индивидуальность / HBC 1019,White Stone,IPA - American,6.8% ABV,70 IBU,3.75
Fruitality,Selfmade Brewery,Fruit Beer,6.8% ABV,38 IBU,4
Hop Adventure Series Strata,O'Hara's Brewery,IPA - American,5% ABV,45 IBU,3.5
Tangerine,Zavod,Sour - Fruited Gose,5% ABV,10 IBU,3.5
BOHEMA,Старовар,Cider - Dry,6.5% ABV,N/A IBU,3
Power Mood,Jungle Brewery,IPA - New England / Hazy,6.7% ABV,30 IBU,4
Strakovice Nealkoholicky,Varnitsa (Варница),Non-Alcoholic - Lager,0.5% ABV,N/A IBU,2.25
Квас Старажытны Бачкавы,Krinitsa (Криница),Kvass,1.2% ABV,N/A IBU,3.5
Limburgse Witte Strawberry,Brouwerij Cornelissen,Fruit Beer,4.2% ABV,10 IBU,3.25
Limburgse Witte Peach & Mango,Brouwerij Cornelissen,Fruit Beer,4.2% ABV,12 IBU,3.5
Zugzwang BA,Brewlok Brewery,Altbier - Sticke,8.6% ABV,35 IBU,4
Robim Good BREAD JUICE,Robim Good Brewery,Kvass,0.5% ABV,N/A IBU,3.5
Schwarzer Herzog Weizen,Hofbrauhaus Wolters,Wheat Beer - Hefeweizen,5.3% ABV,12 IBU,2.5
London Porter,Fuller's Griffin Brewery,Porter - English,5.4% ABV,37 IBU,4
Zbiten Maladzechanski (Збитень Молодеченский),Royal Fruit Bel,Mead - Traditional,5% ABV,N/A IBU,2.75
Ottakringer Helles,Ottakringer Brauerei,Lager - Helles,5.2% ABV,N/A IBU,3
Trappistes Rochefort 8,Abbaye Notre-Dame de Saint-Rémy,Belgian Strong Dark Ale,9.2% ABV,22 IBU,4
Takamba: Nelson Sauvin Motueka,Velka Morava,IPA - New England / Hazy,6.9% ABV,N/A IBU,4.25
Sportacus Rakau,Plague Brew,Non-Alcoholic - Pale Ale,0.5% ABV,25 IBU,3.5
"BLANCHE,PLEASE!",HAS Brew,Wheat Beer - Witbier / Blanche,4.6% ABV,10 IBU,3.5
Space Explorers,Carousel Brewery,IPA - Triple,10% ABV,60 IBU,4
Ciemra: Double Mosaic,Malanka,IPA - Imperial / Double Black,8% ABV,100 IBU,4.25
Nevskaya Bureaucracy,Midnight Project,Stout - Russian Imperial,14.5% ABV,90 IBU,4.5
Weiß,D3iwa Brewery,Wheat Beer - Hefeweizen,4.7% ABV,9 IBU,3.75
Mlosć: Strata,Malanka,Pale Ale - American,5.6% ABV,40 IBU,4
Silk Road,Zero Point Non-alco Brewing Company,Non-Alcoholic - Porter / Stout,0.5% ABV,10 IBU,3.5
Porter 42,Zero Point Non-alco Brewing Company,Non-Alcoholic - Porter / Stout,0.5% ABV,15 IBU,3.5
Nestor Notabilis,Midnight Project,Pilsner - New Zealand,4.8% ABV,38 IBU,4.25
Raven,Bierstaat,Porter - Baltic,6.9% ABV,25 IBU,3.5
American Pale Ale,Whitenight Project,Pale Ale - American,5% ABV,35 IBU,3.75
Yellow Sea,Midnight Project,IPA - New England / Hazy,6.8% ABV,30 IBU,4
Abšar: Vic Secret,Malanka,IPA - White / Wheat,7.8% ABV,40 IBU,4.25
ALD IPA,BrewDog Deutschland,IPA - Session,4.2% ABV,N/A IBU,3.5
Wiener Original,Ottakringer Brauerei,Lager - Vienna,5.3% ABV,N/A IBU,3.5
Blonde Biere d'Abbaye,Brasserie Champigneulles,Belgian Blonde,6.2% ABV,N/A IBU,3.75
Triple Impériale,Brasserie de l'Abbaye des Rocs,Belgian Strong Dark Ale,10% ABV,30 IBU,4.25
Prorva,Malanka,Historical Beer - Other,6.8% ABV,30 IBU,4
Buffout,Hops Brewery,IPA - Imperial / Double,8.5% ABV,70 IBU,3.75
Tomato Party: Garlic And Spices,Bierstaat,Sour - Tomato / Vegetable Gose,4.2% ABV,N/A IBU,4.25
Маслёна,Brewlok Brewery,Stout - Milk / Sweet,6.4% ABV,N/A IBU,4
Темным-темно,Brewlok Brewery,Stout - Oatmeal,5.4% ABV,N/A IBU,4
Boost: Citra & Galaxy,Jungle Brewery,Pale Ale - New England / Hazy,5.5% ABV,35 IBU,4.25
Motion Blur,GAS Brew,Stout - Russian Imperial,12% ABV,N/A IBU,4.25
Sweet Spin,Midnight Project,Stout - Imperial / Double,11.5% ABV,40 IBU,4.25
Cold Daze,Jungle Brewery,IPA - Cold,5.6% ABV,50 IBU,4
Bliskavica: Eclipse,Malanka,IPA - New England / Hazy,7% ABV,40 IBU,4.25
MR. PEETY,OSTROVICA,Stout - Pastry,8% ABV,N/A IBU,4.25
Dartmoor (Да́ртмур),Brauning Bier (Браунинг Бир),Porter - English,6.2% ABV,20 IBU,3.75
Avalanche,Gletcher Brewery (Глетчер),Lager - Amber / Red,5% ABV,18 IBU,3.5
SAFERWATERS,COVEN BREWERY,Sour - Tomato / Vegetable Gose,6.5% ABV,N/A IBU,4
Ratsherren Frankfurter Hefeweizen,Feldschlößchen Dresden,Wheat Beer - Hefeweizen,5.4% ABV,N/A IBU,2.75
Paderborner Pilsener,Paderborner Brauerei,Pilsner - German,4.8% ABV,30 IBU,2.75
Paderborner Export,Paderborner Brauerei,Lager - Dortmunder / Export,5.5% ABV,N/A IBU,3
Grimbergen Rouge Intense,Kronenbourg Brewery,Fruit Beer,5.5% ABV,N/A IBU,3.25
Bärenheim Urhell,Frankfurter Brauhaus,Lager - Helles,4.9% ABV,N/A IBU,2.75
Pabst Blue Ribbon,Pabst Brewing Company,Lager - American,4.7% ABV,10 IBU,3
Černovar Světlý,Tradiční pivovar v Rakovníku,Pilsner - Czech / Bohemian,4.9% ABV,26 IBU,3.75
Satan Infernalis V,Plan B Brewery,Stout - Russian Imperial,14.5% ABV,40 IBU,4.25
Schloss Fels Hefeweissbier Dunkel,Privatbrauerei Eichbaum,Wheat Beer - Dunkelweizen,5.2% ABV,N/A IBU,3
Wolters Black,Hofbrauhaus Wolters,Lager - Dark,5% ABV,N/A IBU,3.25
Drone Metal,Plague Brew,Porter - Other,13% ABV,40 IBU,4
Fasten Seat Belt,Rewort Brewery,IPA - Quadruple,14% ABV,100 IBU,4.25
Robim Good LIMIT 24,Robim Good Brewery,Lager - Pale,4.9% ABV,10 IBU,2.75
Mlosć: Elani,Malanka,Pale Ale - American,5.6% ABV,40 IBU,4
Кислота [Sea Buckhtorn + Blackcurrant + Pomegranate],4BREWERS,Sour - Fruited,4.5% ABV,N/A IBU,4
Electron,Carousel Brewery,IPA - New Zealand,6.8% ABV,30 IBU,4
Smuha: HBC 1019,Malanka,IPA - Imperial / Double New England / Hazy,7.7% ABV,40 IBU,4.25
Ultimate Seduction,Midnight Project,IPA - American,7.2% ABV,50 IBU,4
Cat Nap,Midnight Project,Stout - Imperial / Double,13.5% ABV,60 IBU,4.5
Saĺsa: Verde,Malanka,Sour - Tomato / Vegetable Gose,4% ABV,N/A IBU,4.5
Cheerful Cat,Midnight Project,Stout - Imperial / Double,13% ABV,60 IBU,4.25
Kultura,Selfmade Brewery,Stout - Imperial / Double,6.9% ABV,28 IBU,4
Crimson Idol,Achtel,Mead - Melomel,9% ABV,10 IBU,4
Caféole,Delta Ksi / Дельта Кси,Stout - Imperial / Double,6.9% ABV,20 IBU,4
Poseidon's Trident,Valaduta Brovar,Porter - Imperial / Double Baltic,9% ABV,35 IBU,4
OSIRIS Hefiweizen,BEAVER (Пивоваренная компания БИВЕР),Wheat Beer - Hefeweizen,5.3% ABV,N/A IBU,3.25
Optical Delusion,Rewort Brewery,IPA - Black / Cascadian Dark Ale,7% ABV,55 IBU,3.75
Аліварскі Квас,Пивоваренная компания «Аливария» (Alivaria Brewery),Kvass,1.2% ABV,N/A IBU,3
First Charge,Jungle Brewery,IPA - Imperial / Double,8.3% ABV,90 IBU,4
Tomatoni: Shashlik,Jungle Brewery,Sour - Tomato / Vegetable Gose,5% ABV,10 IBU,4
Pale Tart,Plan B Brewery,Sour - Fruited,6% ABV,N/A IBU,3.75
Imhla: Galaxy,Malanka,IPA - New England / Hazy,7% ABV,40 IBU,4
Imža: Malina I Fienchiel,Malanka,Sour - Fruited Berliner Weisse,3.8% ABV,N/A IBU,4.25
Katana Strike,Midnight Project,IPA - Other,6.2% ABV,45 IBU,4
Herkenrode Abbey Cister,Brouwerij Cornelissen,Belgian Blonde,6.5% ABV,30 IBU,3.75
It's Five!,Malanka,IPA - Triple New England / Hazy,10% ABV,50 IBU,4.25
"Run, Forrest! Non-Alcoholic",New Riga's Brewery,Non-Alcoholic - Lager,0.5% ABV,N/A IBU,3.75
Умный Выбор - Квас Белоруский Оригинальный,Квасовар (Маркетинг-Центр),Kvass,1.2% ABV,N/A IBU,2.5
Даридыч Квас Тёмный,Дарида,Kvass,1.2% ABV,N/A IBU,3.25
Квас Варница,Varnitsa (Варница),Kvass,1.2% ABV,N/A IBU,3.25
Seth & Riley's Garage Crafty Zero Drink Grapefruit,Пивоваренная компания «Аливария» (Alivaria Brewery),Non-Alcoholic - Shandy / Radler,N/A ABV,N/A IBU,3.25
Karamalz Fresh Lemon,Privatbrauerei Eichbaum,Flavored Malt Beverage,N/A ABV,N/A IBU,3.25
Даридыч Квас Светлый,Дарида,Kvass,1.2% ABV,N/A IBU,2.5
Zlatý Bažant Nealko,Heineken Slovensko,Non-Alcoholic - Lager,0.5% ABV,25 IBU,3
Crazy Crush (Summer Edition с лимоном и берёзовым соком),Lidskae Piva (Лідскае Піва),Kvass,1.2% ABV,N/A IBU,3.5
"Hoegaarden Cherry 0,0",AB InBev Efes,Non-Alcoholic - Wheat,N/A ABV,N/A IBU,3.25
Варница Безалкогольное,Varnitsa (Варница),Non-Alcoholic - Lager,0.5% ABV,N/A IBU,3
Аліварыя Пшанічнае Безалкагольнае (Аливария пшеничное безалкогольное),Пивоваренная компания «Аливария» (Alivaria Brewery),Non-Alcoholic - Wheat,N/A ABV,N/A IBU,3.5
Seth & Riley's Garage Crafty Zero Drink Lime,Пивоваренная компания «Аливария» (Alivaria Brewery),Non-Alcoholic - Shandy / Radler,N/A ABV,N/A IBU,3
Hefe-Weizen Alkoholfrei,Schlossbrauerei Friedenfels,Non-Alcoholic - Wheat,0.5% ABV,N/A IBU,3
Nanny State (1.1% ABV),BrewDog,Non-Alcoholic - Other,1.1% ABV,45 IBU,3
Квас Хатні Цёмны (Kvass Hatni Dark),Бобруйский бровар,Kvass,1.2% ABV,N/A IBU,3.25
Аліварыя Светлае Безалкагольнае (Аливария Светлое Безалкогольное),Пивоваренная компания «Аливария» (Alivaria Brewery),Non-Alcoholic - Lager,N/A ABV,N/A IBU,3.25
Abbaye des Rocs Grand Cru,Brasserie de l'Abbaye des Rocs,Belgian Strong Dark Ale,9.5% ABV,N/A IBU,4
Алiварскi квас чорны «Dark Side»,Пивоваренная компания «Аливария» (Alivaria Brewery),Kvass,1.2% ABV,N/A IBU,3.5
Voyager,UGAR,Porter - Baltic,9.5% ABV,20 IBU,4.25
Remember Who You Are,Rewort Brewery,IPA - Triple,10% ABV,85 IBU,4
Juicy Squeeze,Jungle Brewery,IPA - New Zealand,7.7% ABV,50 IBU,4.25
Infinity Cult,Time Bomb Brewery,Stout - American,7% ABV,60 IBU,4
Loveforged,GAS Brew,Stout - Russian Imperial,11% ABV,N/A IBU,4
Tomatoni: Gyros,Jungle Brewery,Sour - Tomato / Vegetable Gose,5% ABV,10 IBU,4.25
Universe,Rewort Brewery,Stout - White / Golden,6.9% ABV,10 IBU,4
Coschützer Cherry Beer,Feldschlößchen Dresden,Fruit Beer,6% ABV,N/A IBU,3.5
Зуброўскі,Hops Brewery,Pilsner - Imperial / Double,7.2% ABV,30 IBU,4
Darkest Taste 24/7,Taler (Талер),Lager - Dark,4.8% ABV,27 IBU,3
БИВЕР кофейное,BEAVER (Пивоваренная компания БИВЕР),Brown Ale - Other,5.8% ABV,20 IBU,3
Robim Good ART: Centennial,Robim Good Brewery,IPA - American,6% ABV,40 IBU,3.75
Pavietra: Talus,Malanka,Pale Ale - New England / Hazy,5.5% ABV,30 IBU,4.25
Duck Puns,BIERBANK,Lager - IPL (India Pale Lager),5.2% ABV,20 IBU,4
Delusions,BIERBANK,IPA - New England / Hazy,6.4% ABV,40 IBU,4
Дрызг и Брызг,Punchiller,Mead - Melomel,14% ABV,N/A IBU,4.5
Single Hop Player: Moutere,Midnight Project,IPA - New Zealand,7.1% ABV,50 IBU,4
Oswaldo Mobray,Hops Brewery,IPA - English,10% ABV,100 IBU,4
Unchained Melody,Midnight Project,IPA - New England / Hazy,6.9% ABV,30 IBU,4.25
Cyberpunk Shotgun,Midnight Project,IPA - Imperial / Double,8.3% ABV,70 IBU,4
Black Beard,Stamm Brewing,Stout - Oatmeal,6% ABV,23 IBU,3.75
Hefe-Weissbier,Privatbrauerei Kaiserdom,Wheat Beer - Hefeweizen,4.7% ABV,20 IBU,3.5
Nuff Niceness,Jungle Brewery,Sour - Fruited,5.6% ABV,10 IBU,3.75
Route 666,Sabotage,Porter - American,6.6% ABV,25 IBU,3.75
Saĺsa: Superhot Mix,Malanka,Sour - Tomato / Vegetable Gose,4% ABV,N/A IBU,4.25
Mroiva: Citra & Simcoe,Malanka,IPA - Session,3.9% ABV,20 IBU,4
Chvalia: Dynia I Kakos,Malanka,Sour - Fruited,6% ABV,N/A IBU,4
Mlosć: Cascade,Malanka,Pale Ale - American,5.6% ABV,40 IBU,4
Tomattoro: Kimchi,Mad Frog Brewery,Sour - Tomato / Vegetable Gose,4.8% ABV,N/A IBU,4.25
Hekate,Bierstaat,Porter - American,6.9% ABV,25 IBU,4
Art of Space,Carousel Brewery,IPA - Imperial / Double,8% ABV,70 IBU,4
Morning Bastard,Selfmade Brewery,Stout - Coffee,6.4% ABV,34 IBU,4
RIS Black River,Wolf's Brewery (Волковская Пивоварня),Stout - Russian Imperial,10% ABV,101 IBU,4
The Thiol Chase,Midnight Project,IPA - Triple,10% ABV,90 IBU,4.25
Friedenfelser Steinwald Zoigl,Schlossbrauerei Friedenfels,Historical Beer - Zoigl,4.8% ABV,21 IBU,3.25
Liberec (Либерец),Brauning Bier (Браунинг Бир),Lager - Dark,5.8% ABV,20 IBU,4
Mroiva: Citra & Mosaic,Malanka,Pale Ale - New England / Hazy,3.7% ABV,N/A IBU,4
Vir: Višnia,Malanka,Wild Ale - Other,6.9% ABV,N/A IBU,4
Friedenfelser Hefe-Weizen,Schlossbrauerei Friedenfels,Wheat Beer - Hefeweizen,5.2% ABV,8 IBU,3.5
BLACKING-OUT,Big Village Brewery,Sour - Fruited,8% ABV,N/A IBU,3.75
Tajfun: Nelson & Blanc,Malanka,IPA - Imperial / Double New England / Hazy,8% ABV,50 IBU,4.5
North Coast,13 Litar,Porter - Baltic,8.5% ABV,20 IBU,4.25
Chaliera: Hallertau Blanc,Malanka,IPA - American,6.6% ABV,70 IBU,4
Копченая томатная дичь,Atmosphere Brewery,Sour - Tomato / Vegetable Gose,6.5% ABV,N/A IBU,3.75
Punk IPA,BrewDog,IPA - American,5.2% ABV,35 IBU,3.75
BLACK ROCK,Big Village Brewery,IPA - Imperial / Double Black,8% ABV,90 IBU,4
Industrial Rock,Plague Brew,Porter - Imperial / Double Baltic,14% ABV,40 IBU,4
Heller Bock (Bourbon Chips) 2023,Red Button Brewery,Bock - Hell / Maibock / Lentebock,8% ABV,N/A IBU,4.25
IIINITY,Malanka,IPA - Imperial / Double Black,10% ABV,180 IBU,4.25
Saison 1858,Brasserie du Bocq,Farmhouse Ale - Saison,6.4% ABV,28 IBU,4
Beast From the Abyss,Selfmade Brewery,IPA - Imperial / Double Black,8% ABV,62 IBU,4
Maisel & Friends Alkoholfrei,Brauerei Gebr. Maisel,Non-Alcoholic - IPA,0.5% ABV,30 IBU,3.25
WITHOUT YOU I'M NOTHING,COVEN BREWERY,Sour - Smoothie / Pastry,6% ABV,10 IBU,4.25
Spark of Time,Rewort Brewery,Wheat Beer - Wheat Wine,12% ABV,30 IBU,4.25
Electric Eye,Rewort Brewery,IPA - American,7.5% ABV,65 IBU,3.75
Alphanumeric,Stamm Brewing,IPA - Imperial / Double New England / Hazy,8% ABV,N/A IBU,4
Tomato Method - Garlic&Coriander,Selfmade Brewery,Sour - Tomato / Vegetable Gose,5.6% ABV,20 IBU,4
Klubbhopping,Midnight Project,IPA - American,6.8% ABV,50 IBU,4.25
Siomy Rehijon,Midnight Project,IPA - Imperial / Double New England / Hazy,8% ABV,30 IBU,4.25
Vicious Delicious,Rewort Brewery,Stout - Imperial / Double Pastry,12.5% ABV,40 IBU,4.25
HAS BLACK LAGER,HAS Brew,Lager - Dark,5.4% ABV,10 IBU,3.75
Boost: McKenzie & Mosaic,Jungle Brewery,Pale Ale - New England / Hazy,5.9% ABV,35 IBU,4
Theory of Everything,Rewort Brewery,Barleywine - English,11.5% ABV,25 IBU,4.25
Bliskavica: Galaxy,Malanka,IPA - New England / Hazy,7% ABV,40 IBU,4.25
Straßenbahn Hopfenweisse,Stamm Brewing,Wheat Beer - Hopfenweisse,4.5% ABV,N/A IBU,3.75
Breadman Nightmare,Mantra,Barleywine - Other,11.5% ABV,30 IBU,4.25
HAS IPA STRATA,HAS Brew,IPA - American,6.3% ABV,50 IBU,3.5
New Dreams,Carousel Brewery,IPA - New England / Hazy,6.5% ABV,30 IBU,4
Vietraź: Hrejpfrut I Kardamon,Malanka,Wheat Beer - Witbier / Blanche,4.6% ABV,15 IBU,4
Ciemra: Simcoe,Malanka,IPA - Imperial / Double Black,8% ABV,100 IBU,4.25
Oatish (Lactose),Red Button Brewery,Stout - Oatmeal,6.5% ABV,N/A IBU,4
Russian Imperial Stout (barrel #3),Konix Brewery,Stout - Russian Imperial,12.5% ABV,60 IBU,4.25
Dangerousse,Brouwerij De Brabandere,Red Ale - Other,6.5% ABV,N/A IBU,3.75
Weidmann Hefeweissbier,Weidmann Bier,Wheat Beer - Hefeweizen,5.4% ABV,N/A IBU,3.25
Divine Rapier,Midnight Project,IPA - Triple,11.5% ABV,130 IBU,4.25
Palepatine,Midnight Project,Pale Ale - American,4.9% ABV,40 IBU,4
Turn It On,Jungle Brewery,IPA - American,5.8% ABV,60 IBU,4
51st State IPA,O'Hara's Brewery,IPA - New England / Hazy,6% ABV,40 IBU,3.75
Smuha: HBC 586,Malanka,IPA - Imperial / Double New England / Hazy,8% ABV,40 IBU,4.25
Winter Chill,Rewort Brewery,Stout - Pastry,7% ABV,20 IBU,4.25
STAMINA,13 Litar,Porter - Other,7.3% ABV,20 IBU,3.75
Saĺsa: Piri-Piri,Malanka,Sour - Tomato / Vegetable Gose,4% ABV,N/A IBU,4.5
O'Hara's Irish Pale Ale,O'Hara's Brewery,Pale Ale - Other,5.2% ABV,45 IBU,3.75
Hardcore Heaven,Jungle Brewery,IPA - Imperial / Double,8% ABV,100 IBU,4.25
Pilsener,Darguner Brauerei,Pilsner - German,4.9% ABV,21 IBU,3.25
Dresdner Felsenkeller Pilsner,Feldschlößchen Dresden,Pilsner - German,4.9% ABV,N/A IBU,3
Holsten Light,Holsten-Brauerei AG,Lager - Leichtbier,4.2% ABV,N/A IBU,2.75
Holsten Export,Holsten-Brauerei AG,Lager - Dortmunder / Export,5.2% ABV,21 IBU,3
Bombardier Premium British Ale,Eagle Brewery (formerly Charles Wells),Bitter - Best,5.2% ABV,N/A IBU,3.5
Достоевский. Том 9,Brewlok Brewery,Porter - Imperial / Double Baltic,12.9% ABV,N/A IBU,4.75
Bayreuther Hell,Bayreuther Bierbrauerei,Lager - Helles,4.9% ABV,17 IBU,3.5
Craeft Masters Hefeweizen,Craft Beverages B.V.,Wheat Beer - Hefeweizen,5.2% ABV,11 IBU,3.75
Kilikia 11,Yerevan Brewery,Lager - Pale,4.6% ABV,N/A IBU,3
Craeft Masters Pale Ale,Craft Beverages B.V.,Pale Ale - English,4.2% ABV,32 IBU,3.5
Kilikia Light,Yerevan Brewery,Lager - Pale,4.5% ABV,N/A IBU,2.25
Bar Belge - The Original Belge,Bar Belge Brewery,Pale Ale - Belgian,6% ABV,37 IBU,3.25
Ekaterina,Jaws Brewery,Stout - Imperial / Double,8.2% ABV,N/A IBU,4.25
Durak,Jaws Brewery,Porter - Imperial / Double,9% ABV,46 IBU,4
Rizz,Rewort Brewery,IPA - Milkshake,6.9% ABV,50 IBU,4
Pavietra: Idaho Gem,Malanka,Pale Ale - New England / Hazy,5.6% ABV,30 IBU,4.25
"Sour Ale Брусника, Гранат, Черника",Wild Hills Brewery,Sour - Fruited,5.5% ABV,N/A IBU,4.25
HELENA,COVEN BREWERY,Sour - Smoothie / Pastry,6% ABV,N/A IBU,4.25
Raspberry & Blueberry Bochet,Steppe & Wind Meadery (Степь и Ветер),Mead - Bochet,6% ABV,N/A IBU,3.75
Just Casual,Carousel Brewery,IPA - American,6.1% ABV,50 IBU,4
The Deep Desert,Selfmade Brewery,Mead - Session / Short,5.2% ABV,10 IBU,4
Midnight Magic,Midnight Project,IPA - American,6.8% ABV,45 IBU,4.25
Pastry Sour Ale Клюквенная Пастила,Wild Hills Brewery,Sour - Smoothie / Pastry,6% ABV,N/A IBU,4.25
Cashmere One Love,Jungle Brewery,IPA - Session,5% ABV,30 IBU,4
Oettinger Alkoholfrei,Oettinger Brauerei,Non-Alcoholic - Lager,0.5% ABV,N/A IBU,2.75
"Lager Beer 0,0%",Privatbrauerei Kaiserdom,Non-Alcoholic - Lager,N/A ABV,N/A IBU,3
OFF WHITE,Midnight Project,IPA - White / Wheat,6.6% ABV,38 IBU,4.25
Rossy,BEAVER (Пивоваренная компания БИВЕР),Red Ale - Other,5.8% ABV,25 IBU,3
Big Trouble,Midnight Project,IPA - Imperial / Double,8.3% ABV,70 IBU,4.25
Anubis,Midnight Project,Porter - Imperial / Double Baltic,10% ABV,50 IBU,4.25
Ashdown Forest (Эшдаун),Brauning Bier (Браунинг Бир),Porter - English,5.5% ABV,16 IBU,3.75
Karl Friedrich Starkbier,Saku Õlletehas,Lager - Strong,6% ABV,N/A IBU,3.5
Michael J.,Rewort Brewery,IPA - American,6.9% ABV,39 IBU,3.75
Pilot,Axiom Brewery,Pilsner - Czech / Bohemian,4.4% ABV,30 IBU,3.5
Chaliera: Vic Secret,Malanka,IPA - American,6.5% ABV,80 IBU,4
Cosmic Entity,Midnight Project,IPA - Imperial / Double New England / Hazy,8.1% ABV,30 IBU,4.25
Truffle Forester,Plague Brew,Sour - Other Gose,5.2% ABV,7 IBU,4
Abšar: BRU-1,Malanka,IPA - White / Wheat,7.8% ABV,40 IBU,4.25
Hot Link,Rewort Brewery,Sour - Tomato / Vegetable Gose,5.5% ABV,10 IBU,3.75
Blackfeel,13 Litar,Stout - American,7.5% ABV,30 IBU,4
Platan Jedenáctka,Pivovar Protivín,Pilsner - Czech / Bohemian,4.6% ABV,26 IBU,3
Stephans Bräu Premium Lager,Privatbrauerei Eichbaum,Lager - Pale,5% ABV,N/A IBU,3
Охота Вишня,Бобруйский бровар,Lager - Strong,6.4% ABV,N/A IBU,3
Аліварыя Святочнае Brut Lager,Пивоваренная компания «Аливария» (Alivaria Brewery),Lager - Other,5.4% ABV,N/A IBU,3.5
Юбілейнае «Milk Stout»,Пивоваренная компания «Аливария» (Alivaria Brewery),Stout - Milk / Sweet,5.5% ABV,N/A IBU,3.75
Iron Abyss,Plan B Brewery,Stout - Russian Imperial,11% ABV,50 IBU,4.25
Sleeping Volcano,Jungle Brewery,IPA - Imperial / Double Black,9.1% ABV,90 IBU,4.5
If There's No Tomorrow,BIERBANK,IPA - Imperial / Double New England / Hazy,8.2% ABV,50 IBU,3.75
Funky Sensation,Jungle Brewery,Sour - Fruited,5.6% ABV,10 IBU,3.75
How DIPA Is Your Love.,Dr. Piwo,IPA - Imperial / Double,7.7% ABV,55 IBU,3.75
Cup of Milk,Midnight Project,Stout - Milk / Sweet,6.9% ABV,25 IBU,4.25
Peach Paradise,Hops Brewery,Wheat Beer - Hefeweizen,4.8% ABV,10 IBU,3.75
APArtunity,Beer.by,Pale Ale - American,5.8% ABV,14 IBU,4
Tomato Factory: Curry,Valaduta Brovar,Sour - Tomato / Vegetable Gose,5% ABV,10 IBU,4.5
Fagopirum (Фагопирум),Brauning Bier (Браунинг Бир),Specialty Grain,5.7% ABV,20 IBU,3.5
Imhla: Elani,Malanka,IPA - New England / Hazy,6.6% ABV,30 IBU,4.25
Tchyně / Mother In Law,Primátor,Lager - IPL (India Pale Lager),4.7% ABV,34 IBU,3.5
Decontrol: Cinnamon Danish Swirl,Zagovor Brewery,Porter - Imperial / Double,11.5% ABV,N/A IBU,4.25
Доза [Mango + Peach + Orange],4BREWERS,Sour - Smoothie / Pastry,6% ABV,N/A IBU,4.5
Helles Schlenkerla Lagerbier,"Schlenkerla (""Heller-Bräu"" Trum)",Lager - Helles,4.3% ABV,30 IBU,3.75
Whitebird,13 Litar,IPA - White / Wheat,8.1% ABV,75 IBU,4
Mead Опунция,Gurin Craft,Mead - Melomel,6% ABV,N/A IBU,4
13 Polotmavé,Primátor,Lager - Polotmavé (Czech Amber),5.5% ABV,26 IBU,3
Reachra (Ламбей),Brauning Bier (Браунинг Бир),Stout - Irish Dry,5.8% ABV,25 IBU,3
Hercules,Midnight Project,Stout - Imperial / Double Oatmeal,9.5% ABV,40 IBU,4.25
SAS Export,Leroy Breweries,Pilsner - Other,5% ABV,20 IBU,3.25
Your Quadruple Sour Right Hops Juice,Midnight Project,Sour - Fruited,11.5% ABV,15 IBU,4
Pavietra: Citra,Malanka,Pale Ale - New England / Hazy,5.6% ABV,30 IBU,4
Labyrinth,Bierstaat,Stout - Imperial / Double,6.9% ABV,25 IBU,3.75
Restructure,13 Litar,Strong Ale - Other,9% ABV,40 IBU,4.25
Black Void Whisper,Bierstaat,Porter - Other,6.9% ABV,20 IBU,4.25
Gold Bird,Hops Brewery,IPA - Rye,6.6% ABV,40 IBU,4
Altstein,Ochakovo (Очаково),Lager - Pale,4.6% ABV,N/A IBU,2.5
Black Metal Matters,Plan B Brewery,Stout - Imperial / Double Milk,9% ABV,20 IBU,4
Narcissism,Punchiller,IPA - Imperial / Double,8.5% ABV,75 IBU,4.25
Lord of the Board,Midnight Project,Pale Ale - American,5.1% ABV,35 IBU,4
Second Chance,Jungle Brewery,IPA - American,6.2% ABV,55 IBU,4
Tajfun: Motueka & Mosaic,Malanka,IPA - Imperial / Double New England / Hazy,8.2% ABV,50 IBU,4.25
17th,BIERBANK,Stout - Russian Imperial,11% ABV,50 IBU,4.5
Спякота ў Цемры,Midnight Project,Stout - Imperial / Double,13.5% ABV,60 IBU,4.5
From the Shadow,13 Litar,Stout - Irish Dry,6.2% ABV,30 IBU,4.25
Saĺsa: Habanero Mix,Malanka,Sour - Tomato / Vegetable Gose,4% ABV,N/A IBU,4.5
Zweihander,Midnight Project,IPA - Imperial / Double,8.5% ABV,70 IBU,4
T-800,Punchiller,Freeze-Distilled Beer,20% ABV,N/A IBU,4.25
Black Or White,Beer.by,Stout - Milk / Sweet,5.7% ABV,12 IBU,3.75
Dandelion & Burdock,Hooper's,Fruit Beer,4% ABV,N/A IBU,3.75
Aecht Schlenkerla Erle – Schwarzbier,"Schlenkerla (""Heller-Bräu"" Trum)",Rauchbier,4.3% ABV,N/A IBU,4
Aecht Schlenkerla Weichsel – Rotbier,"Schlenkerla (""Heller-Bräu"" Trum)",Rauchbier,4.6% ABV,N/A IBU,4.5
Томатная Дичь (Мичелада),Atmosphere Brewery,Sour - Tomato / Vegetable Gose,6.5% ABV,N/A IBU,4
Tomatorro REAL CURRY,Mad Frog Brewery,Sour - Tomato / Vegetable Gose,4.8% ABV,N/A IBU,4.5
Gimme Seven,Time Bomb Brewery,Sour - Fruited,7% ABV,N/A IBU,4
Basic Principles,Jungle Brewery,IPA - Imperial / Double,8.7% ABV,90 IBU,4.25
The Lord of Bounty,Plan B Brewery,Stout - Imperial / Double Milk,9% ABV,24 IBU,4
Lowenbrau Premium Pils,AB InBev Efes,Pilsner - German,4.8% ABV,N/A IBU,3
Chaliera: Idaho Gem,Malanka,IPA - American,6.5% ABV,80 IBU,4
Neolith,Midnight Project,Wheat Beer - Wheat Wine,11.5% ABV,30 IBU,4.25
RRR-Synthesis,Delta Ksi / Дельта Кси,Red Ale - Other,6.9% ABV,15 IBU,3.75
Pizza Time,Sabotage,Sour - Tomato / Vegetable Gose,6% ABV,10 IBU,3.75
Tomatoni: Madras Curry,Jungle Brewery,Sour - Tomato / Vegetable Gose,5% ABV,10 IBU,4.25
Lost Future (Irish Cream Edition),Punchiller,Freeze-Distilled Beer,20% ABV,N/A IBU,4.5
Replica: Galaxy,Zagovor Brewery,IPA - New England / Hazy,6% ABV,35 IBU,4
Darkness,13 Litar,Porter - American,8.2% ABV,25 IBU,4.25
Grimbergen Rouge,Brouwerij Alken-Maes,Fruit Beer,6% ABV,13 IBU,2.75
Vandal,Moscow Brewing Company (Московская Пивоваренная Компания),Lager - Pale,5.5% ABV,N/A IBU,3
Leikeim Weizen,Brauhaus Leikeim,Wheat Beer - Hefeweizen,5.4% ABV,N/A IBU,3
Юзберг Пилснер (Yuzberg Pilsner),Suzdal Brewer (Суздальский Пивовар),Pilsner - Czech / Bohemian,4.9% ABV,30 IBU,3.25
Yuzberg Weiss (Юзберг Вайс),Suzdal Brewer (Суздальский Пивовар),Wheat Beer - Hefeweizen,5.4% ABV,14 IBU,3.25
Yusberg Dunkel (Юзберг Дункель),Suzdal Brewer (Суздальский Пивовар),Lager - Munich Dunkel,5.2% ABV,18 IBU,3.5
Gose Lightyear,Midnight Project,Sour - Fruited Gose,6% ABV,12 IBU,4.25
HoNORAble,Selfmade Brewery,IPA - American,6.8% ABV,54 IBU,4
Diet Pill,Main Rule,IPA - New England / Hazy,6.9% ABV,40 IBU,4
ЛаймаНадо!,UGAR,Sour - Fruited Gose,6% ABV,N/A IBU,4
Flying Cloud IPA,Pivovary Lobkowicz,IPA - American,5.4% ABV,44 IBU,3.5
Celebrator,Ayinger Privatbrauerei,Bock - Doppelbock,6.7% ABV,24 IBU,4
Le Bonheur Existe: Calvados BA,Midnight Project,Belgian Quadrupel,11% ABV,37 IBU,4.5
Limburgse Witte True Original,Brouwerij Cornelissen,Wheat Beer - Witbier / Blanche,5% ABV,12 IBU,3
Иоан,Art'A Brewery,Stout - Russian Imperial,12.8% ABV,N/A IBU,3.75
Независимость,Plague Brew,Sour - Tomato / Vegetable Gose,4.7% ABV,8 IBU,4
Shroomdalf Allspice & Bay Leaf,Selfmade Brewery,Sour - Other Gose,5% ABV,8 IBU,4
Robim Good INFLUENCE,Robim Good Brewery,IPA - American,6.3% ABV,40 IBU,3.75
Klášter Ležák 11°,Pivovar Klášter,Pilsner - Czech / Bohemian,4.6% ABV,N/A IBU,3.25
What Cubes!?,OSTROVICA,IPA - New England / Hazy,8.2% ABV,N/A IBU,4
Mjød Вишня,Gurin Craft,Mead - Melomel,7% ABV,N/A IBU,4.25
Iron Curtain (Maple Syrup Edition),Punchiller,Freeze-Distilled Beer,20% ABV,N/A IBU,4.5
West Coast Classics,Midnight Project,Pilsner - Other,5.3% ABV,37 IBU,4
Chicago (Чикаго),Brauning Bier (Браунинг Бир),IPA - American,6.7% ABV,45 IBU,4
Belgian Tripel,Dargett Brewery,Belgian Tripel,8% ABV,25 IBU,3.5
Axre`necz`! (Ахрэнець!),Pan Kachyn (Пан Качын),Mead - Metheglin,11% ABV,N/A IBU,3.5
Bury Me in Smoke,Rewort Brewery,Sour - Tomato / Vegetable Gose,5.5% ABV,10 IBU,4
Chielito Lindo,Rewort Brewery,Sour - Fruited Gose,6.5% ABV,15 IBU,4
Good Mood,Bierstaat,IPA - American,6.6% ABV,40 IBU,3.75
Ethereal,Rewort Brewery,Pale Ale - New England / Hazy,5% ABV,30 IBU,3.75
Brecht (Брехт),Brauning Bier (Браунинг Бир),Belgian Dubbel,7.2% ABV,20 IBU,3.75
Akimisto,Snowcap Brewing,Sour - Fruited,6% ABV,10 IBU,3.75
Asahi Super Dry,Asahi Breweries,Lager - Japanese Rice,5% ABV,20 IBU,2.75
Nastro Azzurro,Birra Peroni,Lager - Pale,5.1% ABV,24 IBU,3
Tomattoro: Mango&Ginger,Mad Frog Brewery,Sour - Tomato / Vegetable Gose,4.8% ABV,N/A IBU,4.25
Gypsy Queen,Frogking Awesome Meadery,Mead - Other,17% ABV,N/A IBU,4.25
Туган Як,Plague Brew,Sour - Other Gose,4.5% ABV,6 IBU,4.25
Frozen Throne,Midnight Project,IPA - Cold,7.8% ABV,60 IBU,4
№262,Mad Frog Brewery,IPA - American,6.6% ABV,65 IBU,4
Grosser Arber,Plague Brew,Historical Beer - Dampfbier,7% ABV,35 IBU,4
Isnight,Plague Brew,Bock - Weizenbock,7.5% ABV,15 IBU,4
Уголь,4BREWERS,Lager - Smoked,6.5% ABV,N/A IBU,4
Dry Nitro Stout,Red Rocket Brewery,Stout - Irish Dry,4.2% ABV,N/A IBU,3.75
Tajfun: Enigma & Simcoe Cryo,Malanka,IPA - Imperial / Double New England / Hazy,8.2% ABV,40 IBU,4.25
Old Times,Jungle Brewery,Stout - Imperial / Double,12% ABV,40 IBU,4.25
Chvalia: Hrejpfrut,Malanka,Sour - Fruited,6.3% ABV,N/A IBU,4.5
Mitrenha: Citra & Idaho 7,Malanka,IPA - Imperial / Double,8.2% ABV,100 IBU,4.25
Imža: Klubničny Machita,Malanka,Sour - Fruited Berliner Weisse,3.7% ABV,N/A IBU,4
Rager: Vista,Valaduta Brovar,IPA - Imperial / Double,8.5% ABV,70 IBU,4
Abšar: Ahhhroma,Malanka,IPA - White / Wheat,7.8% ABV,40 IBU,4
Capuccino Serenade,Rewort Brewery,Stout - Coffee,6.5% ABV,10 IBU,4
After Christmas Carols,Midnight Project,Winter Warmer,10.5% ABV,25 IBU,4.25
Рассол дико зол,4BREWERS,Sour - Tomato / Vegetable Gose,4.5% ABV,N/A IBU,4.25
Dark Rider,Velka Morava,Stout - Imperial / Double,11% ABV,N/A IBU,4.25
Nightzone,13 Litar,Porter - Imperial / Double,9% ABV,26 IBU,4.25
Inside View,Jungle Brewery,IPA - Imperial / Double New England / Hazy,8.3% ABV,30 IBU,4
Trasca: Simcoe & Sabro,Malanka,IPA - Triple,10% ABV,120 IBU,4
Poklič: Abliapicha,Malanka,Farmhouse Ale - Saison,6% ABV,40 IBU,4.25
Muddy,D3iwa Brewery,Wheat Beer - Witbier / Blanche,5.4% ABV,15 IBU,3.75
Saĺsa: White Habanero,Malanka,Sour - Tomato / Vegetable Gose,4% ABV,N/A IBU,4
Black Celebration,Rock-n-Rolla's,Porter - Baltic,9% ABV,N/A IBU,4
Buschbrand,Jungle Brewery,Rauchbier,5.3% ABV,25 IBU,4
The Grinder,Sabotage,Stout - Other,7% ABV,N/A IBU,4
Bring Back,Jungle Brewery,IPA - New England / Hazy,7.6% ABV,35 IBU,4.25
Браггот медовый,Mozyrpivo (Мозырьпиво),Mead - Braggot,5% ABV,N/A IBU,3.25
The Base,Mad Frog Brewery,Mead - Other,21% ABV,N/A IBU,4
Nirvana,UGAR,IPA - New England / Hazy,6% ABV,30 IBU,3.75
БЕЛАЗ,Midnight Project,IPA - Triple,11% ABV,50 IBU,4
High Voltage,Brouwerij Kees,Stout - Other,17% ABV,45 IBU,4.25
Bretta Maniac,Stamm Brewing,Barleywine - Other,15% ABV,N/A IBU,4.5
Есенин. Том 3 \ Esenin. Volume 3,Brewlok Brewery,Stout - Russian Imperial,11% ABV,N/A IBU,4.5
Decontrol: Chocolate Caramel Peanut,Zagovor Brewery,Porter - Imperial / Double,12% ABV,N/A IBU,4.25
Rager: HBC-630,Valaduta Brovar,IPA - Imperial / Double,8.5% ABV,70 IBU,4.25
Silent Force,Jungle Brewery,IPA - Imperial / Double,9.5% ABV,90 IBU,4
"Conus 5,0",Krinitsa (Криница),Lager - Pale,5% ABV,5 IBU,2.5
Bloody Aronia,Zavod,Chilli / Chile Beer,4.6% ABV,5 IBU,3.75
Titanfall,Sabotage,Stout - Imperial / Double Coffee,8% ABV,N/A IBU,3.75
Worcestershire Sauce,TBP,Sour - Other Gose,5.2% ABV,N/A IBU,4.25
Hello,Robim Good Brewery,Lager - Helles,4.6% ABV,13 IBU,3
Pavietra: El Dorado,Malanka,Pale Ale - New England / Hazy,5.5% ABV,40 IBU,3.75
Regenesis,Jungle Brewery,IPA - New England / Hazy,7% ABV,35 IBU,4.25
Dark Rider: Naga Edition,Velka Morava,Stout - Imperial / Double,11% ABV,N/A IBU,4.25
Marquis Warren,Hops Brewery,IPA - Imperial / Double Black,10.5% ABV,100 IBU,4
Snow Cap,Midnight Project,IPA - Imperial / Double New England / Hazy,8.5% ABV,30 IBU,4
Smorgol,Pan Kachyn (Пан Качын),Mead - Melomel,5.8% ABV,N/A IBU,3.75
Attack of the Killer Tomatoes,UGAR,Sour - Other Gose,6% ABV,N/A IBU,3.5
CRYO IPA.Dual Hop Galaxy Mosaic,Hops Brewery,IPA - American,6.6% ABV,45 IBU,3.75
Monastère Double,United Dutch Breweries,Belgian Dubbel,6.4% ABV,N/A IBU,3.25
Black IPA (Milestones),Dargett Brewery,IPA - Black / Cascadian Dark Ale,7.5% ABV,60 IBU,4.25
Калядны цуд карыца-лiмон,Пивоваренная компания «Аливария» (Alivaria Brewery),Lager - Winter,4.6% ABV,13 IBU,3
ПАНЧО,КУЛИNAR,Sour - Smoothie / Pastry,6% ABV,N/A IBU,3.75
Bertha (Batch#1),Red Button Brewery,Stout - Imperial / Double,15% ABV,N/A IBU,4
кухни мира: Корейское кимчи,ALASKA brewery,Sour - Tomato / Vegetable Gose,6.5% ABV,34 IBU,3.75
Nuclear Laundry Chili Infused (Атомная Прачечная Чили) Red IPA,Jaws Brewery,Chilli / Chile Beer,7% ABV,101 IBU,3.75
Hats And Guns,Main Rule,IPA - Imperial / Double,8% ABV,50 IBU,4
Baby Jesus,Brouwerij 't Verzet,Porter - Imperial / Double Coffee,10% ABV,40 IBU,4
Abšar: Eclipse & Sabro,Malanka,IPA - White / Wheat,7.9% ABV,40 IBU,4.25
Hooligan Collab,Midnight Project,IPA - American,6.5% ABV,50 IBU,4
Boost: Galaxy & Cascade,Jungle Brewery,Pale Ale - New England / Hazy,6% ABV,35 IBU,4.25
Mlosć: Vista,Malanka,Pale Ale - American,5.6% ABV,60 IBU,4
Law of gravity,Carnival Brewery,IPA - Imperial / Double New England / Hazy,8.4% ABV,35 IBU,3.75
Солнечный Ветер,Plan B Brewery,Pale Ale - American,4.8% ABV,35 IBU,3.75
Отличный План,Plan B Brewery,IPA - American,7.3% ABV,70 IBU,4
JuicyK,D3iwa Brewery,IPA - New England / Hazy,5.4% ABV,40 IBU,3.75
Lowrider,Midnight Project,Brown Ale - Imperial / Double,9.6% ABV,20 IBU,4
Tomatoni: Salami Chips,Jungle Brewery,Sour - Tomato / Vegetable Gose,5% ABV,10 IBU,4
FREYJA,Midnight Project,Stout - Imperial / Double Pastry,11.5% ABV,40 IBU,4.5
Imhla: Ahhhroma,Malanka,IPA - New England / Hazy,6.5% ABV,30 IBU,4.25
Zona Adčužennia,Punchiller,Stout - Russian Imperial,12% ABV,30 IBU,4.25
Hungry For Apples? *demi Sec Version,Mad Frog Brewery,Mead - Cyser,11% ABV,N/A IBU,4
Simple Raspberry Life,Mad Frog Brewery,Mead - Melomel,11% ABV,N/A IBU,4.25
Tomattoro: Smoked Piri-Piri,Mad Frog Brewery,Sour - Other Gose,5.2% ABV,N/A IBU,4.5
Good Times Coming,Mad Frog Brewery,IPA - Milkshake,6.4% ABV,35 IBU,4
Cool Koran,Mad Frog Brewery,Mead - Melomel,10% ABV,N/A IBU,4.5
Lycanthropy,Frogking Awesome Meadery,Mead - Other,18% ABV,N/A IBU,4.75
Wild Frog,Mad Frog Brewery,Wild Ale - Other,8.8% ABV,N/A IBU,4.25
Need For Travel,Mad Frog Brewery,IPA - American,6.5% ABV,N/A IBU,4
"Succubus, Oh My!",Frogking Awesome Meadery,Mead - Other,16.5% ABV,N/A IBU,4.5
Прелести Котямбы,Frogking Awesome Meadery,Mead - Melomel,9% ABV,N/A IBU,4
Just Like Heaven,Frogking Awesome Meadery,Mead - Melomel,8% ABV,N/A IBU,4
Pineapple Express,Frogking Awesome Meadery,Mead - Melomel,8.5% ABV,N/A IBU,4.25
Dope Lemon,Frogking Awesome Meadery,Mead - Other,15% ABV,N/A IBU,4.5
Old Ale,Malanka,Old / Stock Ale,6.3% ABV,40 IBU,4
Vietraź: Apieĺsin i laŭr,Malanka,Wheat Beer - Witbier / Blanche,5.5% ABV,20 IBU,4.25
Baltic Porter,Dvinsky Brovar (Двинский Бровар),Porter - Baltic,8% ABV,27 IBU,3.75
Стаут,Dvinsky Brovar (Двинский Бровар),Stout - Other,6.5% ABV,N/A IBU,3.75
Губернское нефильтрованное,Dvinsky Brovar (Двинский Бровар),Kellerbier / Zwickelbier,4.6% ABV,N/A IBU,3
Mild Ale,Kvadrat,Mild - Other,4.5% ABV,N/A IBU,4
Николаевское Нефильтрованное (Nikolayevskoye Nefiltrovannoye),Dvinsky Brovar (Двинский Бровар),Lager - Helles,4.5% ABV,N/A IBU,3.5
Polotmavě,13 Litar,Lager - Polotmavé (Czech Amber),5.6% ABV,20 IBU,3.75
Grand Place,Lyamus (Лямус),Belgian Strong Dark Ale,8.5% ABV,N/A IBU,4
Венское,Lyamus (Лямус),Lager - Vienna,4.7% ABV,N/A IBU,3.75
Lyamus Pshenichnoe (Лямус Пшеничное),Lyamus (Лямус),Wheat Beer - Hefeweizen,4.7% ABV,N/A IBU,3.75
Лямус Блонд эль,Lyamus (Лямус),Blonde / Golden Ale - Other,5.7% ABV,N/A IBU,3.5
Marbin,Plague Brew,Stout - Russian Imperial,12% ABV,60 IBU,3.75
Dreamcatcher,Bierstaat,Stout - Other,6.6% ABV,N/A IBU,4
Imagination,13 Litar,Red Ale - American Amber / Red,6.5% ABV,35 IBU,3.75
HONEY MOON,Vasileostrovskaya Brewery (Василеостровская Пивоварня),Mead - Other,6% ABV,N/A IBU,3.75
Ambient Illusion,Jungle Brewery,IPA - American,6.4% ABV,60 IBU,3.75
Santa Cruz,Sozhski Beer,IPA - American,6% ABV,36 IBU,3.75
Moort,Plague Brew,Belgian Strong Golden Ale,10% ABV,30 IBU,4
Doodles Hardcore Republic Ed.,Strait_Jacket_brewery,Mead - Melomel,30% ABV,N/A IBU,4.25
Black Damnation XXVIII - Van Pouck Stout (2019),De Struise Brouwers,Stout - Belgian,13% ABV,72 IBU,4.25
Сказки на Ночь,Strait_Jacket_brewery,Stout - Imperial / Double Pastry,11% ABV,30 IBU,4
Legacy,Velka Morava,Barleywine - English,13% ABV,N/A IBU,4
Honganual,Snowcap Brewing,Barleywine - Other,12% ABV,40 IBU,4.25
Cidre Яблочный Полусухой,Medovarus / Медоварус,Cider - Traditional / Apfelwein,4.5% ABV,N/A IBU,3
Siempre Festivo Apple-Cherry (Яблочно-Вишнёвый),Первая частная Дистилярня,Cider - Other Fruit,5.5% ABV,N/A IBU,2.5
Bakalář Medový speciál / Honey Lager,Tradiční pivovar v Rakovníku,Honey Beer,5.8% ABV,22 IBU,3.25
24/7,HAS Brew,Dark Ale,5.7% ABV,15 IBU,3.75
Overcast,13 Litar,IPA - White / Wheat,6.3% ABV,50 IBU,3.75
Apple Soot,Valaduta Brovar,Smoked Beer,5.7% ABV,25 IBU,4.25
White Day,Punchiller,Wheat Beer - Witbier / Blanche,5.8% ABV,8 IBU,4
Peppery Christmas,Dr. Piwo,Stout - Other,6.5% ABV,40 IBU,4
Maniac,Coma Brewery,Sour - Smoothie / Pastry,5.5% ABV,N/A IBU,4.25
Vivid Vibe: Raspberry,Plague Brew,Sour - Fruited Berliner Weisse,5.3% ABV,5 IBU,4
Ježek 11 Jedenáctka,Pivovar Jihlava,Pilsner - Czech / Bohemian,4.8% ABV,32 IBU,3.5
Nosferatu,Selfmade Brewery,Porter - Baltic,8.5% ABV,35 IBU,4
ALONE IN A ROOM,COVEN BREWERY,Sour - Smoothie / Pastry,6% ABV,N/A IBU,4.25
Независимость Чеснок,Plague Brew,Sour - Tomato / Vegetable Gose,4.7% ABV,8 IBU,4
Зависимость [Халапеньо],4BREWERS,Sour - Tomato / Vegetable Gose,4.5% ABV,N/A IBU,4.25
Kashtanavy` Myod (Каштанавы мёд),Pan Kachyn (Пан Качын),Mead - Other,12% ABV,N/A IBU,4
Rise the Dark,BIERBANK,Stout - Imperial / Double,10.1% ABV,19 IBU,4
Zavieja: Enigma & Sabro,Malanka,IPA - Imperial / Double New England / Hazy,8.1% ABV,40 IBU,4.25
Bliskavica: Mosaic & Simcoe Cryo,Malanka,IPA - New England / Hazy,7.3% ABV,40 IBU,4
Stout,Primátor,Stout - Irish Dry,4.7% ABV,36 IBU,3.5
Maladzik: Fiejchoa,Malanka Taproom,Wild Ale - Other,6% ABV,N/A IBU,4.25
Mičelada: Huava,Malanka Taproom,Sour - Other Gose,4% ABV,N/A IBU,4.25
PapaCraft Minecraft,Midnight Project,Stout - Imperial / Double,14% ABV,60 IBU,4.5
11 Ležák,Primátor,Pilsner - Czech / Bohemian,4.7% ABV,31 IBU,3.5
Marzipan Duckffiti,Magic Mess,Stout - Pastry,5% ABV,N/A IBU,3.75
Mitrenha: Mosaic & Simcoe Cryo,Malanka,IPA - Imperial / Double,8.5% ABV,100 IBU,4
Аджика Многолика,4BREWERS,Sour - Tomato / Vegetable Gose,5% ABV,N/A IBU,4.25
Rocket Jump,Selfmade Brewery,IPA - American,6.3% ABV,49 IBU,3.75
Вермонтский Затворник,Midnight Project,IPA - New England / Hazy,6.5% ABV,25 IBU,4
Piarevaracień: Smurodziny,Malanka,Stout - Imperial / Double Oatmeal,7.7% ABV,33 IBU,4.25
Monastère Blond,United Dutch Breweries,Belgian Blonde,6.5% ABV,N/A IBU,3.5
Royal Dutch Post Horn,United Dutch Breweries,Lager - Pale,5% ABV,N/A IBU,2.5
Naturtrübes Radler Alkoholfrei,Feldschlößchen Dresden,Non-Alcoholic - Shandy / Radler,0.2% ABV,N/A IBU,3.75
Apostel Weissbier Hell Alkoholfrei,Privatbrauerei Eichbaum,Non-Alcoholic - Wheat,0.5% ABV,N/A IBU,2.25
Karamalz Fresh Pomegranate,Privatbrauerei Eichbaum,Flavored Malt Beverage,N/A ABV,N/A IBU,3.75
Free Damm,Damm,Non-Alcoholic - Lager,N/A ABV,17 IBU,2.75
Clausthaler Dry Hopped,Radeberger Gruppe,Non-Alcoholic - Lager,0.4% ABV,N/A IBU,3
Novichok,Punchiller,IPA - American,6.5% ABV,40 IBU,3.75
Logger,Rewort Brewery,IPA - Imperial / Double,8% ABV,50 IBU,3.75
Лук видит твой испуг,4BREWERS,Sour - Tomato / Vegetable Gose,5% ABV,N/A IBU,4.5
Dog Friendly,Midnight Project,Sour - Fruited,6% ABV,10 IBU,4.25
Lichamanka: Sultana,Malanka,IPA - Imperial / Double,8% ABV,90 IBU,4
Nightlife,13 Litar,Porter - Imperial / Double,8.5% ABV,25 IBU,4
Boost: Vista & Mosaic,Jungle Brewery,Pale Ale - New England / Hazy,6% ABV,35 IBU,4
Löwenbräu Ungefiltert,AB InBev Efes,Kellerbier / Zwickelbier,4.9% ABV,N/A IBU,3
Tomato Kimchi Monster From the Planet ZOG,Plague Brew,Sour - Tomato / Vegetable Gose,4.7% ABV,8 IBU,4
Black Damnation XVI - Ivan The Terrible,De Struise Brouwers,Stout - Russian Imperial,15% ABV,140 IBU,4.5
Аліварскі квас «Карыца-лімон»,Пивоваренная компания «Аливария» (Alivaria Brewery),Kvass,1.2% ABV,N/A IBU,3
Ковбой Мальборо,Plan B Brewery,IPA - American,6.5% ABV,50 IBU,4
American Horror,Midnight Project,IPA - American,6.66% ABV,50 IBU,4.25
Delirium Argentum,Delirium - Huyghe Brewery,IPA - Belgian,7% ABV,48 IBU,3.75
La Tomatina MAXIMA,Rewort Brewery,Sour - Tomato / Vegetable Gose,6.5% ABV,N/A IBU,4
Centennial Basemans,Time Bomb Brewery,IPA - American,6% ABV,40 IBU,4
Дыхание Одина,Медоварня Традиции Предков,Mead - Metheglin,4.7% ABV,N/A IBU,3.5
Chris Mannix,Hops Brewery,IPA - Red,7.4% ABV,100 IBU,3.75
Grape Babe,Rewort Brewery,IPA - Imperial / Double New England / Hazy,6.9% ABV,48 IBU,4
Banshee,Boxing Wizard Brewery,Porter - Imperial / Double,10% ABV,N/A IBU,4.25
Blanche de Namur Radler Lime,Brasserie du Bocq,Shandy / Radler,3.4% ABV,N/A IBU,3.5
Světlý ležák 12,Samson (Budějovický měšťanský pivovar),Pilsner - Czech / Bohemian,5.1% ABV,28 IBU,3.25
Sieben / Зибен,Ochakovo (Очаково),Lager - Pale,4.7% ABV,N/A IBU,3
KULT Svetloe (Leichtbier),Krinitsa (Криница),Lager - Leichtbier,5% ABV,16 IBU,3
Грибочек,Selfmade Brewery,Sour - Other Gose,5.2% ABV,10 IBU,4
BlastWork,GAS Brew,Barleywine - Other,11% ABV,N/A IBU,4
Grottesco,Jaws Brewery,Stout - Imperial / Double,13% ABV,N/A IBU,4.25
Tomato Factory: Sriracha,Valaduta Brovar,Sour - Tomato / Vegetable Gose,5% ABV,10 IBU,4.25
Tosspot,DUDAR Brewery,IPA - New England / Hazy,6% ABV,30 IBU,3.75
Gilde Kellerbier,Gilde Brauerei,Kellerbier / Zwickelbier,4.9% ABV,N/A IBU,3.25
Cream Stout,St. Peter’s Brewery Co.,Stout - English,6.5% ABV,31 IBU,4
Efes Pilsener,Anadolu Efes,Pilsner - Other,5% ABV,22 IBU,2.75
Cat Friendly,Midnight Project,Sour - Fruited,6% ABV,10 IBU,4.25
Feines Urhell,Brauhaus Riegele,Lager - Helles,4.7% ABV,N/A IBU,3
Blanc Select,Kalnapilis Brewery,Wheat Beer - Other,4.7% ABV,N/A IBU,3.5
Muson: Fiejchoa,Malanka,Sour - Fruited,5% ABV,N/A IBU,3.75
Strawberry Hopzilla,Hops Brewery,IPA - Milkshake,6% ABV,25 IBU,3.75
RUBIK SNAKE,Big Village Brewery,Sour - Fruited,6% ABV,N/A IBU,3.75
Potato Day,4BREWERS,Sour - Other Gose,4.5% ABV,N/A IBU,3.75
Pullman (Пулман),Brauning Bier (Браунинг Бир),Pale Ale - American,5.8% ABV,35 IBU,4
Vivid Vibe: Blood Orange,Plague Brew,Sour - Fruited Berliner Weisse,5.3% ABV,6 IBU,4.25
Chaliera: HBC 630,Malanka,IPA - American,7% ABV,80 IBU,4
Mango Crash,Jungle Brewery,Sour - Smoothie / Pastry,5% ABV,10 IBU,3.75
Purple,Bierstaat,IPA - American,6.5% ABV,40 IBU,4
Fairfield (Фэрфилд),Brauning Bier (Браунинг Бир),Corn Beer / Chicha de Jora,5.7% ABV,20 IBU,3.75
Pavietra: Vista,Malanka,Pale Ale - New England / Hazy,5% ABV,30 IBU,3.75
Pavaloka: Galaxy,Malanka,IPA - Triple New England / Hazy,10% ABV,N/A IBU,4.25
Everyday IPA: Mosaic&Cascade,Mad Frog Brewery,IPA - American,5.6% ABV,N/A IBU,3.75
Glyph,Red Button Brewery,Porter - Imperial / Double Baltic,8% ABV,N/A IBU,3.75
Атомная Прачечная XX,Jaws Brewery,IPA - Imperial / Double,9% ABV,130 IBU,4.25
Молоко убежало,Konix Brewery,Stout - Milk / Sweet,5% ABV,10 IBU,4
Escapism Cherry & Vanilla,Black Cat Brewery,Stout - Pastry,6.5% ABV,15 IBU,4
Шоколадный Трюфель,White Stone,Stout - Milk / Sweet,6% ABV,11 IBU,4
American IPA,Shipyard Brewing Company,IPA - American,5% ABV,45 IBU,3.75
Smoked Forester,Plague Brew,Sour - Other Gose,5.2% ABV,7 IBU,4
PUMPKIN PARTY,Бiiрландзiя (Биирландзия),Pumpkin / Yam Beer,5% ABV,10 IBU,3.75
Tomato Punch,Hops Brewery,Sour - Tomato / Vegetable Gose,6% ABV,10 IBU,4
Outline,Bierstaat,Pale Ale - Belgian,6.5% ABV,35 IBU,4
Kapittel Pater,Leroy Breweries,Brown Ale - Belgian,6% ABV,22 IBU,3.5
Your Quadruple Sour Raspberry Juice,Midnight Project,Sour - Fruited,11.5% ABV,15 IBU,4
Get Hight,Valaduta Brovar,IPA - American,6% ABV,40 IBU,4
Holy DIPA,OSTROVICA,IPA - Imperial / Double,8.2% ABV,100 IBU,4
Neon Sun,Carousel Brewery,IPA - New England / Hazy,6.3% ABV,20 IBU,4.25
Cookie Monster,Plan B Brewery,Brown Ale - Other,5.5% ABV,30 IBU,3.75
Shy`paty` Zver (Шыпаты звер),Pan Kachyn (Пан Качын),Mead - Metheglin,6% ABV,N/A IBU,3.5
Mount Elimbari,Plan B Brewery,Brown Ale - Imperial / Double,8% ABV,N/A IBU,4
Craeft Masters Kölsch,Craft Beverages B.V.,Kölsch,4.8% ABV,21 IBU,3.5
Зависимость [Зелёные Оливки],4BREWERS,Sour - Tomato / Vegetable Gose,4.5% ABV,N/A IBU,4
Anybody Seen My Beer?,Carousel Brewery,Stout - Milk / Sweet,6.5% ABV,30 IBU,4.25
Abšar: El Dorado,Malanka,IPA - White / Wheat,7.8% ABV,40 IBU,4.25
In the End,Midnight Project,IPA - Quadruple,13% ABV,85 IBU,4.25
Old Peculier,Theakston,Old / Stock Ale,5.6% ABV,23 IBU,3.75
Barista Stout,Theakston,Stout - Coffee,4.2% ABV,N/A IBU,4
Theakston Pale Ale,Theakston,Pale Ale - English,4.5% ABV,N/A IBU,3.75
Best Bitter,Theakston,Bitter - Best,3.8% ABV,30 IBU,3.75
John Ruth,Hops Brewery,IPA - Triple,10.5% ABV,100 IBU,4
Calypso,13 Litar,IPA - Belgian,6.5% ABV,40 IBU,3.75
Tajfun: Sultana & Sabro Cryo,Malanka,IPA - Imperial / Double New England / Hazy,8.3% ABV,40 IBU,4.25
Rainy Days,Midnight Project,IPA - Imperial / Double New England / Hazy,8.2% ABV,30 IBU,4.25
Na Fálta Dorcha (Дарк Хеджес),Brauning Bier (Браунинг Бир),Stout - Other,6.2% ABV,18 IBU,3.75
Paint It Black,Punchiller,IPA - Imperial / Double Black,8.1% ABV,81 IBU,4.25
Hop Headshot: Ekuanot,Midnight Project,IPA - Triple,11% ABV,111 IBU,4.25
Аплесун,Khoffner Brewery,IPA - Sour,5.9% ABV,14 IBU,3.75
Mlosć: Talus,Malanka,Pale Ale - American,5.6% ABV,70 IBU,4.25
Premium Lager,St. Peter’s Brewery Co.,Lager - Pale,4.2% ABV,N/A IBU,3.5
"Красота и Здоровье: Брусника, Клюква",DIETA / ДИЕТА,Sour - Smoothie / Pastry,7.5% ABV,N/A IBU,4
Plum Porter,St. Peter’s Brewery Co.,Porter - English,5% ABV,N/A IBU,3.75
Yellow Sun,BIERBANK,IPA - American,6.7% ABV,45 IBU,4
Vista One Love,Jungle Brewery,IPA - Session,5% ABV,35 IBU,4
What Is Nelson Sauvin?..,13 Litar,IPA - Imperial / Double,8.2% ABV,65 IBU,4
Dwarfish Brew,Dr. Piwo,Spiced / Herbed Beer,8.1% ABV,15 IBU,4.25
Utsukushiki Hitobito No Uta,COVEN BREWERY,Sour - Tomato / Vegetable Gose,6.9% ABV,N/A IBU,3.75
Every Dog Has Its Day,Zagovor Brewery,IPA - Imperial / Double New England / Hazy,8% ABV,40 IBU,4
Зависимость [Кинза],4BREWERS,Sour - Tomato / Vegetable Gose,4.5% ABV,N/A IBU,4
Everymonth Is A Copy of A Copy of A Copy,Carousel Brewery,IPA - Triple,10% ABV,55 IBU,4.25
Pilsner: Nord,Malanka,Pilsner - German,4.5% ABV,50 IBU,4
Island Cream,Jungle Brewery,Stout - Imperial / Double,10.3% ABV,25 IBU,4
ЗоLa,Hops Brewery,Lager - Dark,4.8% ABV,10 IBU,3.5
Quadrolina,Jaws Brewery,Barleywine - Other,10.5% ABV,35 IBU,4.25
Ultimate Juicenator,Plan B Brewery,IPA - Imperial / Double New England / Hazy,8% ABV,40 IBU,4
Dark Lotus,13 Litar,Stout - American,6.3% ABV,50 IBU,4.25
Ciemra: Simcoe & Sorachi Ace,Malanka,IPA - Imperial / Double Black,7.8% ABV,100 IBU,4.25
Chvalia: Cherry Cola,Malanka,Sour - Fruited,6.5% ABV,N/A IBU,4
SUNSCAPE,BIERBANK,IPA - American,6.4% ABV,40 IBU,3.75
Get In The Flow,Jungle Brewery,IPA - American,6.2% ABV,60 IBU,4
Tomatoni: Bratwurst,Jungle Brewery,Sour - Tomato / Vegetable Gose,5% ABV,10 IBU,3.75
Welcome To Amarillo,Bierstaat,IPA - American,6.7% ABV,40 IBU,4
Planet Pale Ale,BrewDog,Pale Ale - American,4.3% ABV,45 IBU,3.75
Bend the Elbow,DUDAR Brewery,IPA - New England / Hazy,6% ABV,N/A IBU,4
Stewart,Velka Morava,Scottish Ale,5.1% ABV,N/A IBU,3.75
CHILLOUT,HAS Brew,Stout - Other,5.8% ABV,15 IBU,3.5
Compliment: Black Currant,Mad Frog Brewery,Mead - Melomel,13.5% ABV,N/A IBU,4.5
Alhena Coconut,Velka Morava,Stout - Imperial / Double,11.1% ABV,N/A IBU,4
Bière Blanche,Brasserie Champigneulles,Wheat Beer - Witbier / Blanche,4.9% ABV,N/A IBU,3.5
Shifter,Selfmade Brewery,IPA - Black / Cascadian Dark Ale,6.2% ABV,60 IBU,4
Satan Infernalis,Plan B Brewery,Stout - Russian Imperial,15% ABV,55 IBU,4.25
Gotland Light,Velka Morava,Porter - Other,5.5% ABV,N/A IBU,4
Neuromaniac,Selfmade Brewery,IPA - New England / Hazy,6.3% ABV,45 IBU,4
Frost Nova,Midnight Project,IPA - Cold,6.9% ABV,55 IBU,4
Bliskavica: Idaho 7 & Simcoe,Malanka,IPA - New England / Hazy,7.3% ABV,40 IBU,4.25
King Goblin,Marston's Brewery,Strong Ale - English,6.6% ABV,40 IBU,3.75
"Reload, Replay",Jungle Brewery,IPA - New England / Hazy,6.7% ABV,35 IBU,4.25
Non-alco Milk Stout,Origamika,Non-Alcoholic - Porter / Stout,0.5% ABV,10 IBU,3
Bovegne (Бувинь),Brauning Bier (Браунинг Бир),Brown Ale - Belgian,6.8% ABV,7 IBU,3.5
Cocoroon (Lobotomy 23),Red Button Brewery,Stout - Imperial / Double Pastry,16% ABV,N/A IBU,4.5
What Is Strata?..,13 Litar,IPA - Imperial / Double,8% ABV,60 IBU,4
Boost: Sabro & HBC 630,Jungle Brewery,Pale Ale - New England / Hazy,5.8% ABV,35 IBU,4.25
Спякота/Spiakota,Carousel Brewery,IPA - American,6.4% ABV,40 IBU,4
Clausthaler Original / Premium,Radeberger Gruppe,Non-Alcoholic - Lager,0.5% ABV,29 IBU,2.75
Mitrenha: Galaxy & Vic Secret,Malanka,IPA - Imperial / Double,8.5% ABV,100 IBU,4.25
Aquilon,13 Litar,Porter - Baltic,8.3% ABV,20 IBU,4.25
Punk IPA Alcohol Free,BrewDog,Non-Alcoholic - IPA,0.5% ABV,35 IBU,3.25
Sargas,Velka Morava,Stout - Imperial / Double,10.3% ABV,N/A IBU,4
Multiple Phantasm,AF Brew,IPA - Imperial / Double New England / Hazy,8% ABV,40 IBU,4.25
Imhla: Talus,Malanka,IPA - New England / Hazy,6.5% ABV,N/A IBU,4
Atacama (Атакама),Brauning Bier (Браунинг Бир),IPA - Red,6% ABV,40 IBU,3.5
Kriekenbier Cherry Wheat,Brouwerij Cornelissen,Fruit Beer,4% ABV,20 IBU,3.75
Dark Horizon,13 Litar,Porter - Imperial / Double,8.1% ABV,30 IBU,4.25
Takhlakh (Тахлах),Brauning Bier (Браунинг Бир),IPA - American,6.6% ABV,40 IBU,3.75
Vltava (Влтава),Brauning Bier (Браунинг Бир),Lager - Dark,5.8% ABV,20 IBU,3.75
Boksto Alus 5.0,Krinitsa (Криница),Lager - Pale,5% ABV,N/A IBU,3
Decontrol: Marshmallow,Zagovor Brewery,Porter - Imperial / Double,11% ABV,25 IBU,4.25
Watou's Witbier / Bière Blanche Watou,Leroy Breweries,Wheat Beer - Witbier / Blanche,5% ABV,11 IBU,3.5
BFG,Selfmade Brewery,IPA - Imperial / Double,8% ABV,75 IBU,4.25
Soul Fire,Jungle Brewery,IPA - American,5.4% ABV,50 IBU,4
Summerend,Bierstaat,IPA - Imperial / Double,6.9% ABV,55 IBU,4
Sweet Cherry Almond Caramel On Oak Chip,FЁRN CIDER,Cider - Other Fruit,6% ABV,N/A IBU,3.5
Ambiance,13 Litar,Brown Ale - American,7.3% ABV,35 IBU,4
Anger,Midnight Project,Stout - American,11.5% ABV,65 IBU,4.25
Šviesusis Norfa,Kauno Alus,Lager - Pale,5% ABV,N/A IBU,2.5
Ballantine,Moscow Brewing Company (Московская Пивоваренная Компания),Stout - Other,4.1% ABV,N/A IBU,3
Staropolskie Dworskie,Kultowy Browar Staropolski,Märzen,5.7% ABV,N/A IBU,3.25
Lichamanka: Ahhhroma,Malanka,IPA - Imperial / Double,8.8% ABV,100 IBU,4.25
Meteor Blanche,Brasserie Meteor,Wheat Beer - Witbier / Blanche,5% ABV,11 IBU,3.5
Smuha: Enigma,Malanka,IPA - Imperial / Double New England / Hazy,7.6% ABV,30 IBU,4.25
Another,Bierstaat,Blonde / Golden Ale - Other,6.5% ABV,N/A IBU,3.75
Sinisterism,Jungle Brewery,IPA - Imperial / Double,9.1% ABV,90 IBU,4.25
Milk River,CHIBIS Brewery,Stout - Milk / Sweet,6.8% ABV,20 IBU,4
Black Albert,De Struise Brouwers,Stout - Belgian,13% ABV,100 IBU,4.25
Kriekenbier Cherry Lager,Brouwerij Cornelissen,Fruit Beer,4.5% ABV,27 IBU,3.75
Хадыженское,Хадыженский Пивзавод,Lager - Pale,4.5% ABV,N/A IBU,3.5
Lobkowicz Premium ležák,Pivovary Lobkowicz,Pilsner - Czech / Bohemian,4.7% ABV,33 IBU,3.75
Sweet Fat Kiss,Mad Frog Brewery,IPA - Triple,9% ABV,66 IBU,4
Acid Spray,Hops Brewery,IPA - Sour,6.6% ABV,50 IBU,4
Abšar: Vista,Malanka,IPA - White / Wheat,8% ABV,40 IBU,4
Old-Style Porter,St. Peter’s Brewery Co.,Porter - English,5.1% ABV,N/A IBU,3.75
India Pale Ale,St. Peter’s Brewery Co.,IPA - English,5.5% ABV,23 IBU,3.5
Ruby Red Ale,St. Peter’s Brewery Co.,Red Ale - American Amber / Red,4.3% ABV,N/A IBU,3.5
Delirium Noël / Christmas,Delirium - Huyghe Brewery,Winter Ale,10% ABV,26 IBU,3.75
Citra Supremacy,Midnight Project,IPA - Imperial / Double New England / Hazy,8% ABV,25 IBU,4.25
"Hello, My Name Is Ahhhroma",Midnight Project,IPA - Triple New England / Hazy,10.2% ABV,30 IBU,4
Tetrahymena,XP Brew,Barleywine - English,13% ABV,35 IBU,4
The Dark Side of the Peachoholic,Midnight Project,Sour - Other,7% ABV,10 IBU,4
Whisky Beer,St. Peter’s Brewery Co.,Blonde / Golden Ale - Other,4.8% ABV,N/A IBU,3.75
Хлебный панскі,"ЧТУП ""Артельфуд""",Kvass,1.2% ABV,N/A IBU,3.5
Lobkowicz Premium Nealko,Pivovary Lobkowicz,Non-Alcoholic - Lager,0.49% ABV,N/A IBU,3.5
Radler tmavý citron 0.0%,Pivovar Steiger,Non-Alcoholic - Shandy / Radler,N/A ABV,N/A IBU,3.25
Półtorak Jadwiga,Spółdzielnia Pszczelarska Apis,Mead - Melomel,16% ABV,N/A IBU,4
House Beer,Krinitsa (Криница),Lager - Pale,4.6% ABV,N/A IBU,2.5
"Paulaner Weißbier 0,0%",Paulaner Brauerei,Non-Alcoholic - Wheat,N/A ABV,N/A IBU,3
Gingy Strikes Back,Black Cat Brewery,Stout - Pastry,6% ABV,15 IBU,4.25
Хой,Brewlok Brewery,Pale Ale - American,5.2% ABV,N/A IBU,3.5
An Life (Лиффи),Brauning Bier (Браунинг Бир),Stout - Irish Dry,5% ABV,30 IBU,3.75
Tomato Soul Spicy Edition,Brewmen,Sour - Tomato / Vegetable Gose,4.5% ABV,5 IBU,3.75
Хель Владычица,Медоварня Традиции Предков,Mead - Metheglin,4.7% ABV,N/A IBU,3.75
Браггот (ржаной с мёдом),Mozyrpivo (Мозырьпиво),Mead - Braggot,5% ABV,N/A IBU,4
EASY THAI,Bakunin Brewing Co.,Non-Alcoholic - Sour,0.5% ABV,8 IBU,3.5
Dry Neck,Wychwood Brewery,Blonde / Golden Ale - English,4% ABV,N/A IBU,3.75
Black Cab,Fuller's Griffin Brewery,Stout - English,4.5% ABV,40 IBU,3.75
Grimoire,BIERBANK,Stout - Russian Imperial,11.5% ABV,40 IBU,4
Foretaste,Valaduta Brovar,Farmhouse Ale - Saison,6% ABV,20 IBU,4.25
Karl Friedrich Oktober,Saku Õlletehas,Festbier,5% ABV,N/A IBU,3.5
Karl Friedrich Märzen,Saku Õlletehas,Märzen,5% ABV,N/A IBU,3.5
Karl Friedrich,Saku Õlletehas,Lager - Pale,5% ABV,15 IBU,3.5
Saku Rock,Saku Õlletehas,Lager - Pale,5.3% ABV,18 IBU,3.5
Rychtář Grunt 11%,Pivovar Rychtář,Pilsner - Czech / Bohemian,4.6% ABV,30 IBU,3.5
Шабаны,CHIBIS Brewery,Lager - Helles,4.7% ABV,N/A IBU,3.75
Black Wheat,Sozhski Beer,Wheat Beer - Dunkelweizen,6.1% ABV,10 IBU,3.25
Portsmouth (Портсмут),Brauning Bier (Браунинг Бир),Porter - Other,6% ABV,25 IBU,3.75
Жигулевское / ЖигуLEVское,Česky Lev (Чешский Лев),Lager - Pale,4% ABV,N/A IBU,3
Maykopskoe Premium (Майкопское Premium),Pivovarenny Zavod Maykopsky (Пивоваренный Завод Майкопский),Lager - Pale,4.5% ABV,N/A IBU,3.75
Anniversary #08,Brouwerij Kees,Stout - Imperial / Double,12% ABV,N/A IBU,4.5
Spotted,Midnight Project,IPA - New England / Hazy,6.3% ABV,25 IBU,4
Baltic Cupping,Midnight Project,Porter - Imperial / Double Coffee,10.5% ABV,55 IBU,4.25
Pilsner Urquell,Plzeňský Prazdroj,Pilsner - Czech / Bohemian,4.4% ABV,40 IBU,3.75
Hobgoblin Gold,Marston's Brewery,Blonde / Golden Ale - English,4.2% ABV,N/A IBU,3.75
KORONET MCKILT,Lidskae Piva (Лідскае Піва),Scottish Ale,5.8% ABV,15 IBU,3.75
ERIS: Triple BA (2023),Midnight Project,Stout - Russian Imperial,16% ABV,60 IBU,4.75
"Imza: Carnicy, Brusnicy I Lavanda",Malanka,Sour - Fruited Berliner Weisse,3.7% ABV,N/A IBU,4.5
Zolak: Sabro & YQH-1320,Malanka,Farmhouse Ale - Grisette,5.3% ABV,35 IBU,4.25
Creator the Tyler,Midnight Project,IPA - Imperial / Double Black,8.5% ABV,65 IBU,4.25
J.Hardy Lemon Squeezy,Бобруйский бровар,Hard Seltzer,4.6% ABV,N/A IBU,3
Planet TrES-2b: Single Malt Whisky BA (2023),Midnight Project,Stout - Russian Imperial,13% ABV,55 IBU,4.5
Mysterious Island LOBO 2023 Ed,Velka Morava,IPA - New England / Hazy,6.6% ABV,N/A IBU,4
APA,Kvadrat,Pale Ale - American,5.5% ABV,20 IBU,3
RUSSIAN IMPERIAL STOUT SMOKED PEAR,Knightberg,Stout - Russian Imperial,8.5% ABV,N/A IBU,4.25
Boundless,Jungle Brewery,IPA - American,5.7% ABV,55 IBU,4
Tiger Strike,Atmosphere Brewery,IPA - Imperial / Double,8.5% ABV,80 IBU,3.75
Доза [Mango + Sea Buckthorn],4BREWERS,Sour - Smoothie / Pastry,6% ABV,N/A IBU,4
J.Hardy Max Watermelon And Kalamansi,Бобруйский бровар,Flavored Malt Beverage,6.5% ABV,N/A IBU,3
Sriracha Tomato Gose,Bad Balance Brew,Sour - Tomato / Vegetable Gose,6.5% ABV,N/A IBU,4.25
"огородишь: Помидор, Укроп, Чили",ALASKA brewery,Sour - Tomato / Vegetable Gose,6.5% ABV,N/A IBU,4
Guinness Original Extra Stout (Europe),Guinness,Stout - Irish Dry,5% ABV,40 IBU,3.75
Karlova Krčma Světlý,Podkováň,Lager - Světlé (Czech Pale),4% ABV,N/A IBU,3
Bochonok Dlya Druzey (Бочонок Для Друзей),Zavod Trekhsosensky (Завод Трехсосенский),Lager - Pale,4.5% ABV,N/A IBU,2.5
Hell Man: Adjika,CHIBIS Brewery,Sour - Tomato / Vegetable Gose,4.5% ABV,N/A IBU,4.25
Oettinger Radler,Oettinger Brauerei,Shandy / Radler,2.5% ABV,N/A IBU,3
"огородишь: Огурец, Петрушка, Перец",ALASKA brewery,Sour - Other Gose,5.5% ABV,N/A IBU,3.25
Shroomdalf,Selfmade Brewery,Sour - Other Gose,5.2% ABV,8 IBU,4.25
Octopus: McKenzie,Bierstaat,Lager - IPL (India Pale Lager),5.5% ABV,25 IBU,3.75
German Weizen,NoAd.Beer GmbH,Wheat Beer - Hefeweizen,5.2% ABV,N/A IBU,3
Special Request,Jungle Brewery,IPA - Imperial / Double,8.4% ABV,100 IBU,4
Tomato Method - Veggie Mix,Selfmade Brewery,Sour - Tomato / Vegetable Gose,4.3% ABV,8 IBU,4.25
Lilith: Single Malt Whisky BA,Midnight Project,Porter - Imperial / Double Baltic,10.5% ABV,50 IBU,4.5
La Trappe Isid'or,Bierbrouwerij De Koningshoeven,Belgian Strong Golden Ale,7.5% ABV,27 IBU,3.75
Distortion,Jaws Brewery,Barleywine - American,11% ABV,N/A IBU,4.25
Hoegaarden Cherry,Brouwerij Hoegaarden,Wheat Beer - Fruited,4.9% ABV,N/A IBU,3
Quadroletta,Jaws Brewery,Belgian Strong Dark Ale,8.9% ABV,N/A IBU,4.25
Medniy Topor (Медный Топор),Друзья,Pilsner - Czech / Bohemian,4.2% ABV,25 IBU,3.25
IPA,Švyturys,IPA - Other,5% ABV,N/A IBU,3.25
Motörhead Röad Crew,Camerons Brewery,Pale Ale - American,4.5% ABV,45 IBU,3
Fat Bastard,Black Cat Brewery,Stout - Milk / Sweet,6.8% ABV,20 IBU,4
Strongarm,Camerons Brewery,Red Ale - Other,4% ABV,27 IBU,3.5
Hoegaarden Grapefruit,AB InBev Efes,Shandy / Radler,4.6% ABV,N/A IBU,3
Nealkoholinis IPA,Rinkuškiai,Non-Alcoholic - IPA,N/A ABV,N/A IBU,2.25
Phantasm IV,Midnight Project,IPA - Triple New England / Hazy,10% ABV,25 IBU,4
Rechitskoe Zolotistoe (Речецкое Золотистое) Безалкогольное,Бобруйский бровар,Non-Alcoholic - Lager,N/A ABV,12 IBU,2.25
Tauras Pilsneris,Kalnapilis Brewery,Pilsner - Other,4.6% ABV,N/A IBU,3
Hmelka Cerne,Bochkarevsky Pivovarenny Zavod (Бочкаревский Пивоваренный Завод),Lager - Tmavé (Czech Dark),4.3% ABV,N/A IBU,3.25
Kellerbier,Privatbrauerei Kaiserdom,Kellerbier / Zwickelbier,4.7% ABV,13 IBU,3.25
Мотор Плюс Вишня,Moscow Brewing Company (Московская Пивоваренная Компания),Fruit Beer,6.9% ABV,14 IBU,2.25
Kayaki,Global Beer Georgia,Lager - Pale,4.7% ABV,N/A IBU,2.75
"Hefe-Weißbier 0,0%",Privatbrauerei Kaiserdom,Non-Alcoholic - Wheat,N/A ABV,N/A IBU,2
Pilsner: Czech Saaz,Malanka,Pilsner - Czech / Bohemian,4.9% ABV,45 IBU,4
Не Кричи На Кимчи,4BREWERS,Sour - Tomato / Vegetable Gose,5% ABV,N/A IBU,4.25
Red Avenger,Black Cat Brewery,Red Ale - Imperial / Double,8.5% ABV,50 IBU,4
Into the Void: Blueberry,Plague Brew,Sour - Other,6.2% ABV,6 IBU,4
Smuha: Triumph,Malanka,IPA - Imperial / Double New England / Hazy,7.8% ABV,30 IBU,4
Imhla: McKenzie,Malanka,IPA - New England / Hazy,6.9% ABV,30 IBU,4
Braus (Браус) Янтарный эль,Lakinsky Pivzavod (Лакинский Пивзавод),Red Ale - Other,5.2% ABV,N/A IBU,2
Steiger 10%,Pivovar Steiger,Pilsner - Other,4% ABV,N/A IBU,2.5
Coschützer,Feldschlößchen Dresden,Wheat Beer - Hefeweizen,5% ABV,N/A IBU,3.5
Paderborner Pilger,Paderborner Brauerei,Kellerbier / Zwickelbier,5% ABV,N/A IBU,3.25
O’Hara’s Irish Stout Nitro,O'Hara's Brewery,Stout - Irish Dry,4.3% ABV,36 IBU,4
Imža: Limon i Bierhamot,Malanka,Sour - Fruited Berliner Weisse,3.9% ABV,N/A IBU,3.92146
Dark Jazz,Velka Morava,Porter - American,6% ABV,N/A IBU,4
CRYO IPA.Single Hop AMARILLO,Hops Brewery,IPA - American,6.6% ABV,45 IBU,3.75
Salsa: American BBQ,Malanka,Sour - Other Gose,4% ABV,N/A IBU,4.5
Krunk,DUDAR Brewery,IPA - New England / Hazy,5.8% ABV,N/A IBU,3.5
Старый город светлое,Dvinsky Brovar (Двинский Бровар),Lager - Pale,4.4% ABV,N/A IBU,2.25
Старый город темное,Dvinsky Brovar (Двинский Бровар),Lager - Dark,5% ABV,N/A IBU,3.5
Старый Город солодовое,Dvinsky Brovar (Двинский Бровар),Lager - Pale,4.7% ABV,N/A IBU,3.25
Kilikia Jubilee,Yerevan Brewery,Lager - Pale,5.1% ABV,N/A IBU,3
Kilikia Original,Yerevan Brewery,Lager - Pale,4.8% ABV,N/A IBU,3
Lichamanka: Topaz,Malanka,IPA - Imperial / Double,8% ABV,100 IBU,4.25
Fusion,Bierstaat,IPA - Imperial / Double,6.9% ABV,50 IBU,3.75
Foggy Morning In Idaho,Bierstaat,IPA - New England / Hazy,6.8% ABV,30 IBU,3.75
Leikeim Premium Pils,Brauhaus Leikeim,Pilsner - German,4.9% ABV,N/A IBU,3
Steiger 11% Tmavý,Pivovar Steiger,Schwarzbier,4.5% ABV,N/A IBU,3.5
Leikeim Kellerbier,Brauhaus Leikeim,Kellerbier / Zwickelbier,4.9% ABV,N/A IBU,3
Reflexion,13 Litar,IPA - Cold,5.7% ABV,50 IBU,4
ყაზბეგი | Kazbegi Original,Kazbegi (ყაზბეგი),Lager - Pale,4.9% ABV,N/A IBU,2.75
Onyx the Cat,Midnight Project,IPA - Session,4.5% ABV,35 IBU,4.25
Westgate,GAS Brew,Stout - Russian Imperial,11% ABV,N/A IBU,4.25
Patronus Helles,Lidl Deutschland / Germany,Lager - Helles,5% ABV,N/A IBU,2.5
Pink Lady Cider,The Apple Thief,Cider - Traditional / Apfelwein,4.5% ABV,N/A IBU,3.75
Triest (Триест),Brauning Bier (Браунинг Бир),Lager - Vienna,5.2% ABV,18 IBU,3.75
Wheat HARVESTER,Hops Brewery,IPA - White / Wheat,7.2% ABV,50 IBU,3.75
Passion Blast,Bierstaat,IPA - Milkshake,6.5% ABV,35 IBU,3.75
Expectation,13 Litar,IPA - Other,6.7% ABV,40 IBU,3.75
Chiller,13 Litar,Lager - IPL (India Pale Lager),6% ABV,30 IBU,3.75
WelfBräu,Brauerei Mönchengladbach,Pilsner - German,4.3% ABV,23 IBU,3
Harvest Caramel Porter,Česká pinta,Porter - English,5.9% ABV,N/A IBU,3.5
Robim Good WELCOME,Robim Good Brewery,Wheat Beer - Witbier / Blanche,4.6% ABV,5 IBU,3.75
Hazy Deal,Carousel Brewery,IPA - New England / Hazy,6.5% ABV,50 IBU,4
Litovel Premium,Litovel,Pilsner - Czech / Bohemian,5% ABV,22 IBU,2.5
Helter Skelter,Khoffner Brewery,IPA - American,5.8% ABV,52 IBU,3.75
The Gift,Selfmade Brewery,Sour - Other,6.3% ABV,8 IBU,4
Smash,Zagovor Brewery,IPA - Triple New England / Hazy,9.2% ABV,45 IBU,4
Синяя пчела.Клубника.,Салаир-М,Mead - Melomel,5% ABV,N/A IBU,2.5
West Breeze,Midnight Project,IPA - Session,4.5% ABV,35 IBU,4
Anger & Control,Jungle Brewery,IPA - Imperial / Double,8.3% ABV,100 IBU,4
Hercules Constellation,Midnight Project,Stout - Imperial / Double,8.2% ABV,30 IBU,4.25
Black Sheep Irish Stout,Объединённые Пивоварни - Холдинг,Stout - Irish Dry,4% ABV,N/A IBU,3.25
Zubr Gold,Pivovar Zubr,Pilsner - Czech / Bohemian,4.6% ABV,N/A IBU,3
Zubr Grand 11,Pivovar Zubr,Pilsner - Czech / Bohemian,4.8% ABV,N/A IBU,3
Zubr Classic,Pivovar Zubr,Pilsner - Czech / Bohemian,4.1% ABV,N/A IBU,3
Bootstrap,GAS Brew,Stout - Russian Imperial,11% ABV,N/A IBU,4
Синдром хронической усталости,Hophead Brewery,Stout - Russian Imperial,13.5% ABV,20 IBU,4.25
Wandlitz,Plague Brew,Historical Beer - Berliner Braunbier,3.5% ABV,18 IBU,4
Best Bitter,Malanka,Bitter - Best,4.1% ABV,30 IBU,3.75
Mroiva: Sabro & Sabro Cryo,Malanka,IPA - Session,3.9% ABV,30 IBU,4
Patronus Premium Weissbier,Lidl Deutschland / Germany,Wheat Beer - Hefeweizen,5.5% ABV,12 IBU,3.25
Аливария Безалкогольное (Лимон),Пивоваренная компания «Аливария» (Alivaria Brewery),Non-Alcoholic - Shandy / Radler,0.5% ABV,N/A IBU,3.75
Löwenbräu Dunkel,Spaten-Franziskaner-Löwenbräu-Gruppe,Lager - Munich Dunkel,5.2% ABV,N/A IBU,3.5
Brok Premium,Van Pur,Lager - Pale,5% ABV,25 IBU,2.75
Killer Whale,Midnight Project,Stout - Other,6.9% ABV,25 IBU,4.25
Massive,13 Litar,IPA - Imperial / Double,8.3% ABV,75 IBU,3.75
Mlosć: Galaxy,Malanka,Pale Ale - Australian,4.7% ABV,60 IBU,4
Tropical Slasher,Selfmade Brewery,Sour - Smoothie / Pastry,7% ABV,20 IBU,3.75
BOTTOMS UP!,Bierstaat,IPA - American,6.7% ABV,30 IBU,4
Spolach: Abrykos,Malanka,Historical Beer - Lichtenhainer,4% ABV,N/A IBU,4
Ciemra: Citra & Mosaic,Malanka,IPA - Imperial / Double Black,8% ABV,100 IBU,4.25
Meadwest: Cherry,Zagovor Brewery,Mead - Melomel,14% ABV,N/A IBU,4
IV,Malanka,IPA - Quadruple,12% ABV,150 IBU,4
Tomato Method - Bell Pepper,Selfmade Brewery,Sour - Tomato / Vegetable Gose,5% ABV,10 IBU,4.25
Mitrenha: Vista & Simcoe,Malanka,IPA - Imperial / Double,8.2% ABV,90 IBU,4
Galaxy Paws,Midnight Project,IPA - American,6% ABV,55 IBU,4
Slow Drop,Midnight Project,Sour - Fruited Gose,6.9% ABV,10 IBU,4.25
Le Murmure Des Dieux,Midnight Project,Belgian Dubbel,7% ABV,30 IBU,4.25
Hell Man: Salsa,CHIBIS Brewery,Sour - Tomato / Vegetable Gose,4.4% ABV,N/A IBU,4
Rinktinis,Volfas Engelman,Lager - Pale,5.2% ABV,N/A IBU,3.5
Mosaic APA,Sozhski Beer,Pale Ale - American,5.5% ABV,34 IBU,3.5
LOKI,Midnight Project,Barleywine - English,11% ABV,45 IBU,4.25
Odin,Sozhski Beer,IPA - American,6.7% ABV,29 IBU,3.75
White Phoenix Black Cherry,Cider House,Mead - Melomel,5.6% ABV,N/A IBU,3.25
Spacetime,Bierstaat,Stout - Milk / Sweet,6.5% ABV,N/A IBU,3.75
White Phoenix Grape & Mandarin,Cider House,Mead - Pyment,5.6% ABV,N/A IBU,3
Rouge De Fleur,Gletcher Brewery (Глетчер),Fruit Beer,3.8% ABV,N/A IBU,1.25
White Phoenix Grape & Passion Fruit,Cider House,Mead - Melomel,4.7% ABV,N/A IBU,3.25
Pražan Světlý Ležák,Pivovar Liberec Vratislavice,Pilsner - Czech / Bohemian,4.8% ABV,N/A IBU,3
Different Groove,Jungle Brewery,IPA - New England / Hazy,6.8% ABV,35 IBU,4.25
Егор (Egor),Zagovor Brewery,Stout - Russian Imperial,10% ABV,60 IBU,4.5
Rebellion,13 Litar,Stout - Foreign / Export,7.3% ABV,30 IBU,4.25
DUBBEL LIGHT,Бiiрландзiя (Биирландзия),Belgian Dubbel,7.6% ABV,27 IBU,4
Road Trip,Bierstaat,IPA - Imperial / Double,6.9% ABV,50 IBU,4
Oranjeboom,United Dutch Breweries,Lager - Pale,5% ABV,19 IBU,3
Rinkuškių Proginis,Rinkuškiai,Lager - Pale,5.2% ABV,N/A IBU,3.5
Pale Ale,Sullivan's Brewing Company,Pale Ale - Other,4.7% ABV,N/A IBU,4
Cat Sidhe,Midnight Project,Stout - Imperial / Double,11.7% ABV,60 IBU,4.5
Beer With Taste of Beer: Gose,Пивная Диета (Beer Diet),Sour - Traditional Gose,4.6% ABV,7 IBU,4
Just Do It,Bierstaat,Pale Ale - American,6.5% ABV,30 IBU,3.75
Vir: Ajva,Malanka,Wild Ale - Other,6.9% ABV,N/A IBU,4.5
Navaĺnica: Cognac BA,Malanka,Barleywine - American,14% ABV,N/A IBU,4.25
Abšar: Eclipse,Malanka,IPA - White / Wheat,7% ABV,30 IBU,4
Candy Flip #2,GAS Brew,Barleywine - Other,11% ABV,N/A IBU,4
Stoner Coconut,Zagovor Brewery,Stout - Milk / Sweet,5.5% ABV,35 IBU,4
Рассольник,Burning Brewery | Пивоварня Бёрнинг,Sour - Other Gose,5.5% ABV,N/A IBU,4
Kotlin,Velka Morava,Porter - Baltic,8.5% ABV,N/A IBU,4
Slim Summer,Selfmade Brewery,Sour - Fruited,6.8% ABV,10 IBU,4.25
Сinco De Mayo,Bierstaat,IPA - Imperial / Double,6.9% ABV,55 IBU,3.75
Thor,Midnight Project,Mead - Braggot,14.5% ABV,20 IBU,4
Metabolic Boost,DIETA / ДИЕТА,Stout - Imperial / Double,12.3% ABV,N/A IBU,4.25
Frankfurter Pilsener,Frankfurter Brauhaus,Pilsner - German,5.2% ABV,N/A IBU,3
Fall Then Rise,Jungle Brewery,IPA - American,5.8% ABV,60 IBU,4
III,Malanka,IPA - Triple New England / Hazy,10% ABV,60 IBU,4.5
Le Bonheur Existe,Midnight Project,Belgian Quadrupel,10.8% ABV,37 IBU,4.25
Zlatý Roh Tmavý Ležák,Old Prague Distribution,Lager - Tmavé (Czech Dark),4.6% ABV,N/A IBU,3.75
Zlatý Roh Světlý Ležák,Old Prague Distribution,Pilsner - Czech / Bohemian,4.6% ABV,N/A IBU,3
Frankfurter Hefeweizen,Frankfurter Brauhaus,Wheat Beer - Hefeweizen,5% ABV,5 IBU,3.25
Krušovice 10 / Královské Světlé,Heineken Česká Republika,Lager - Světlé (Czech Pale),4.2% ABV,23 IBU,3.25
Intensity,13 Litar,Strong Ale - American,10.2% ABV,50 IBU,4
Manana #3 Extra Hot,GAS Brew,Sour - Other Gose,5.2% ABV,N/A IBU,4
Shadowcaster,Bierstaat,IPA - Black / Cascadian Dark Ale,6.8% ABV,40 IBU,4
Bahna: Whisky BA 2022,Malanka,Stout - Imperial / Double,13% ABV,N/A IBU,4.25
Imža: Smurodziny i Razmaryn,Malanka,Sour - Fruited Berliner Weisse,4% ABV,N/A IBU,3.75
Smuha: YQH-1320,Malanka,IPA - Imperial / Double New England / Hazy,8% ABV,30 IBU,4.25
Riverside,13 Litar,Porter - American,5.9% ABV,20 IBU,4.25
Candy Crush,Sabotage,Stout - Milk / Sweet,7% ABV,N/A IBU,3.75
Your Quadruple Sour Peach Juice,Midnight Project,Sour - Fruited,11.5% ABV,15 IBU,4
Frecciarossa,AF Brew,Sour - Fruited,5% ABV,N/A IBU,3.75
Супер-Эго,4BREWERS,Stout - Imperial / Double Pastry,10% ABV,N/A IBU,4.25
Muson: Piersik & Kivi & Limon,Malanka,Sour - Fruited,5% ABV,N/A IBU,4.25
Irish Gold,Sullivan's Brewing Company,Blonde / Golden Ale - English,5.2% ABV,N/A IBU,3.75
Аліварыя Пітнае,Пивоваренная компания «Аливария» (Alivaria Brewery),Lager - Pale,4.4% ABV,11 IBU,2.75
Saĺsa: Teriyaki,Malanka,Sour - Other Gose,4% ABV,N/A IBU,4
Cthulhu Sauce,Mad Frog Brewery,IPA - Black / Cascadian Dark Ale,6.9% ABV,90 IBU,4
#7,Sozhski Beer,Stout - Milk / Sweet,6.9% ABV,16 IBU,3.75
Doom Metal,Plague Brew,Bock - Doppelbock,14% ABV,30 IBU,4.25
Bringer Of Storm,Mantra,Porter - Imperial / Double,13% ABV,30 IBU,4.25
Vienas Golden Lager,Uab Lukritma,Lager - Vienna,5% ABV,N/A IBU,3
Vienas Premium Traditional 1975,Uab Lukritma,Lager - Pale,5.8% ABV,N/A IBU,3
ESSA Melon & Strawberry,AB InBev Efes,Fruit Beer,6.5% ABV,N/A IBU,2.62066
Good Omen,Bad Balance Brew,Stout - Imperial / Double Coffee,15% ABV,25 IBU,4.25
Algorithm: Chocolate + Cinnamon + Allspice,Zagovor Brewery,Stout - Imperial / Double,12% ABV,N/A IBU,4
Dark Spin: Oatmeal,Carousel Brewery,Stout - Oatmeal,6.5% ABV,40 IBU,3.75
Mini Bar Negroni,Moscow Brewing Company (Московская Пивоваренная Компания),Flavored Malt Beverage,6% ABV,N/A IBU,2.5
Ice Cream Porter Fruit,Konix Brewery,Porter - Baltic,7% ABV,19 IBU,3.5
Chill-N-Cheers,Midnight Project,IPA - Imperial / Double New England / Hazy,8% ABV,20 IBU,4.25
Difference,13 Litar,Porter - Other,7.7% ABV,20 IBU,4.25
LIDSKAE LID FRESH LAGER,Lidskae Piva (Лідскае Піва),Lager - Other,4.5% ABV,9 IBU,3.25
Dark,Privatbrauerei Kaiserdom,Lager - Dark,4.7% ABV,N/A IBU,3.75
Neon Time,Carousel Brewery,IPA - New England / Hazy,6% ABV,20 IBU,4
Zavieja: Galaxy & Nelson,Malanka,IPA - Imperial / Double New England / Hazy,8% ABV,30 IBU,4.25
Du Soleil Dans Un Verre,Midnight Project,Belgian Tripel,8.5% ABV,30 IBU,4.25
Liege (Льеж),Brauning Bier (Браунинг Бир),Lager - Helles,4.4% ABV,19 IBU,3.5
Murquell Pilsner,Plan B Brewery,Pilsner - Czech / Bohemian,4.8% ABV,30 IBU,4
Ballsy,DUDAR Brewery,IPA - Session,5.6% ABV,30 IBU,4.25
Spring of Joy,Bierstaat,IPA - American,6.7% ABV,30 IBU,3.75
Export Porter 1750,Brouwerij Kees,Porter - Imperial / Double,10.5% ABV,108 IBU,4.25
Catch the Wave,Midnight Project,Pale Ale - Australian,5% ABV,40 IBU,4
Imhla: Vista,Malanka,IPA - New England / Hazy,6.2% ABV,30 IBU,4.25
Grotwerg Alkoholfrei,Oettinger Brauerei,Non-Alcoholic - Lager,0.5% ABV,N/A IBU,2.75
Достоевский. Том 8,Brewlok Brewery,Porter - Imperial / Double Baltic,12.9% ABV,N/A IBU,4.5
Yard Cat,Midnight Project,IPA - Imperial / Double,7.5% ABV,50 IBU,4.25
Casual: HBC 630,Carousel Brewery,IPA - American,6.5% ABV,50 IBU,4
Black Marble,Sullivan's Brewing Company,Stout - Irish Dry,5.1% ABV,30 IBU,4.25
Unity,Saltaire Brewery,IPA - English,6% ABV,N/A IBU,3.75
Big Bad Wolf,Selfmade Brewery,Stout - Imperial / Double,11.6% ABV,58 IBU,4.25
Perpetual Infinity,Mantra,Stout - Russian Imperial,13% ABV,30 IBU,4.5
Stay Puft,Selfmade Brewery,Stout - Pastry,6.9% ABV,28 IBU,4
Popiel: Saaz,Malanka,Lager - Dark,5.5% ABV,45 IBU,4.5
Maltings Irish Ale (Red Ale),Sullivan's Brewing Company,Red Ale - Irish,5% ABV,35 IBU,4
Vesely Sladek (весёлый пивовар),Krinitsa (Криница),Lager - Pale,4.2% ABV,N/A IBU,2.5
Hofer,Samko Brewery (Пивоваренный Завод Самко),Pilsner - German,4.5% ABV,N/A IBU,2.75
Maltss,Varnitsa (Варница),Wheat Beer - Hefeweizen,4.7% ABV,N/A IBU,2
Bakalář Nealko Za studena chmelený,Tradiční pivovar v Rakovníku,Non-Alcoholic - Lager,0.5% ABV,N/A IBU,3
Desert Snake,Midnight Project,IPA - Imperial / Double New England / Hazy,8% ABV,26 IBU,4.25
Зимняя Меланхолия (Winter Melancholy),AF Brew,Porter - Imperial / Double Baltic,10.3% ABV,30 IBU,4
Bright Queen,Selfmade Brewery,Sour - Fruited,5.3% ABV,10 IBU,4.25
Sourroundings,Jungle Brewery,Sour - Fruited,5.2% ABV,13 IBU,3.75
Panskaya Medovuha (Панская Медовуха),Pan Kachyn (Пан Качын),Mead - Other,5% ABV,N/A IBU,3.5
Синяя пчела,Салаир-М,Mead - Other,5% ABV,N/A IBU,3.5
White Mood,13 Litar,IPA - White / Wheat,6.2% ABV,40 IBU,4
Hedgehog In the Fog. Citra Sabro Mosaic,Hops Brewery,IPA - New England / Hazy,6.6% ABV,25 IBU,4
Zelená Koruna Černé,Pivovar Liberec Vratislavice,Lager - Tmavé (Czech Dark),4.4% ABV,20 IBU,3.5
Enamour,Jungle Brewery,Pale Ale - American,5.3% ABV,50 IBU,3.75
Dualsence,13 Litar,IPA - Imperial / Double,8.2% ABV,60 IBU,4
Eastside,13 Litar,IPA - New England / Hazy,6% ABV,30 IBU,4
DIRIGIBLE,BIERBANK,Strong Ale - Other,9.3% ABV,20 IBU,4.25
Stimulant,Jungle Brewery,IPA - American,6.4% ABV,70 IBU,4
Бычье сердце ЛЕЧО,Pivot Point,Sour - Other Gose,6.5% ABV,9 IBU,4
Chaco (Чако),Brauning Bier (Браунинг Бир),IPA - American,6.1% ABV,45 IBU,3.75
Elk (Элк),Brauning Bier (Браунинг Бир),Porter - Other,6% ABV,16 IBU,3.75
Mlosć: Zappa,Malanka,Pale Ale - American,5.2% ABV,50 IBU,4
Wey Think Broadcast,Red Button Brewery,Stout - White / Golden,7% ABV,N/A IBU,4
CANDELABRA,Red Button Brewery,Roggenbier,5% ABV,N/A IBU,3.75
Chmara: Brandy BA 2022,Malanka,Stout - Imperial / Double Oatmeal,14% ABV,N/A IBU,4.5
Preussen Hefeweizen-Bier,Forstquell-Brauerei / Brauerei zum Schwarzen Adler,Wheat Beer - Hefeweizen,4.9% ABV,N/A IBU,3
Stammgast Lager,Frankenthaler Brauhaus,Lager - Helles,5% ABV,N/A IBU,3
Who’s In the Box?,Midnight Project,Sour - Fruited,6.9% ABV,20 IBU,4
Bastet,Midnight Project,Stout - Imperial / Double,14.2% ABV,60 IBU,4.25
Neowise,Zagovor Brewery,IPA - New England / Hazy,6% ABV,30 IBU,4
SURFACE,BIERBANK,IPA - American,6.5% ABV,45 IBU,4
Tomato Method Curry,Selfmade Brewery,Sour - Tomato / Vegetable Gose,5.6% ABV,12 IBU,4.25
Six Years Anniversary Double NEIPA,Midnight Project,IPA - Imperial / Double New England / Hazy,7.7% ABV,30 IBU,4.25
Six Years Anniversary Triple NEIPA,Midnight Project,IPA - Triple New England / Hazy,10.5% ABV,40 IBU,4.5
Thestral,Midnight Project,Stout - Milk / Sweet,6.5% ABV,30 IBU,4.5
Iron Abyss WBA,Plan B Brewery,Stout - Russian Imperial,12.5% ABV,25 IBU,4.25
Tyson,Sozhski Beer,IPA - American,6.5% ABV,33 IBU,3.75
Karahod: Galaxy & Simcoe Cryo,Malanka,IPA - Imperial / Double New England / Hazy,8% ABV,40 IBU,4.25
St. Marienthaler Klosterbräu St. M Hell,Privatbrauerei Eibau,Lager - Helles,5% ABV,N/A IBU,3.25
Strict Attention,Jungle Brewery,Stout - Imperial / Double,12.2% ABV,50 IBU,4
Hammer,Robim Good Brewery,Wheat Beer - Hefeweizen,4.9% ABV,5 IBU,3
Urban Beer,Krinitsa (Криница),Lager - Pale,4% ABV,N/A IBU,2.5
Minga (Мюнхен),Brauning Bier (Браунинг Бир),IPA - American,6.7% ABV,45 IBU,3.75
Чернышёв,WS Brew,Stout - Oatmeal,5.3% ABV,13 IBU,3.75
Tomatoni: Ajika,Jungle Brewery,Sour - Tomato / Vegetable Gose,5% ABV,10 IBU,4
Perseids,Zagovor Brewery,IPA - Triple New England / Hazy,9% ABV,40 IBU,4
Kanapinis Šviesusis / Kanapinis Light,Aukštaitijos Bravorai,Lager - Pale,5.1% ABV,5 IBU,3.75
Smuha: Riwaka,Malanka,IPA - Imperial / Double New England / Hazy,8.2% ABV,40 IBU,4.25
ESB,Malanka,Bitter - Extra Special / Strong (ESB),5.1% ABV,30 IBU,4
Altbairisch Dunkel,Ayinger Privatbrauerei,Lager - Munich Dunkel,5% ABV,21 IBU,3.75
Acaill (Акилл),Brauning Bier (Браунинг Бир),Red Ale - Irish,5.5% ABV,14 IBU,3.75
Native,13 Litar,Strong Ale - American,8.7% ABV,50 IBU,4
King Crimson,Bierstaat,Stout - Imperial / Double,6.9% ABV,25 IBU,4.25
Žyhulioŭskaje žytniaje (Жыгулёўскае Жытняе),Lidskae Piva (Лідскае Піва),Rye Beer,5% ABV,15 IBU,3.25
Lichamanka: YQH-1320,Malanka,IPA - Imperial / Double,8.2% ABV,80 IBU,4.25
Otherworld,13 Litar,Stout - Imperial / Double,9% ABV,20 IBU,4
Svetlý lezák,Starohradský pivovar,Pilsner - Czech / Bohemian,4.8% ABV,N/A IBU,3.25
Decontrol: Krembo,Zagovor Brewery,Porter - Imperial / Double,11% ABV,N/A IBU,4.25
Калекцыя майстра Hoppy Lager,Lidskae Piva (Лідскае Піва),Lager - IPL (India Pale Lager),5% ABV,25 IBU,3.75
Lancelot,Brasserie Lancelot,Blonde / Golden Ale - Other,6% ABV,19 IBU,3.5
Trasca: Medusa,Malanka,IPA - Triple,10.5% ABV,100 IBU,4
Cosmic Travel,BIERBANK,IPA - American,6.7% ABV,55 IBU,3.75
Who Said “MEOW”?!,Midnight Project,IPA - Imperial / Double,8.2% ABV,35 IBU,4
Naše Šestnáctka,Midnight Project,Pilsner - Imperial / Double,7% ABV,45 IBU,4.25
Average Bear St. Patrick's Day Edition,XP Brew,Stout - Milk / Sweet,5% ABV,25 IBU,3.75
Zhiguli Barnoe Non-Alcoholic (Жигули Барное Безалкогольное),Moscow Brewing Company (Московская Пивоваренная Компания),Non-Alcoholic - Lager,0.5% ABV,N/A IBU,3.25
Gilde Pale Wheat - Charlotte,Gilde USA,Wheat Beer - Hefeweizen,5% ABV,N/A IBU,3.5
Latgale Nefiltrēts,Latgales Alus,Lager - Pale,5.5% ABV,N/A IBU,3.5
Dahlen,Latgales Alus,Lager - Pale,4.5% ABV,N/A IBU,3.5
MONDAY IN FIRE,Big Village Brewery,Wheat Beer - American Pale Wheat,5.5% ABV,30 IBU,3.75
Red Liquid,CHIBIS Brewery,Sour - Tomato / Vegetable Gose,5.2% ABV,N/A IBU,3.75
Great Gatsby,Bierstaat,IPA - New England / Hazy,6.6% ABV,35 IBU,3.75
Hedgehog In the Fog. Galaxy Citra,Hops Brewery,IPA - New England / Hazy,6.6% ABV,25 IBU,4.25
Cyklon: Citra & Idaho 7,Malanka,IPA - Imperial / Double,8% ABV,40 IBU,4
Irish Red Nitro,O'Hara's Brewery,Red Ale - Irish,4.3% ABV,25 IBU,3.5
Маяковский. Том 2. Глава 2,Brewlok Brewery,Stout - Russian Imperial,11% ABV,N/A IBU,4.25
Molecular,13 Litar,Sour - Traditional Gose,5.1% ABV,15 IBU,3.75
Mlosć: Citra & Idaho 7,Malanka,Pale Ale - American,5.4% ABV,40 IBU,3.75
TANAMI,Бiiрландзiя (Биирландзия),Strong Ale - Other,8% ABV,35 IBU,3.75
Сrazy Journey,Bierstaat,IPA - American,6.3% ABV,40 IBU,3.75
Tomatoni: Arrabbiata,Jungle Brewery,Sour - Tomato / Vegetable Gose,5% ABV,10 IBU,4
Вялікая Вёска: Whiskey BA,Midnight Project,Belgian Quadrupel,12% ABV,30 IBU,4.5
Memento Mori,Rock-n-Rolla's,Porter - Baltic,9.5% ABV,25 IBU,4.25
Wheat Harvester,Hops Brewery,Wheat Beer - Hefeweizen,4.8% ABV,10 IBU,3.75
Oud Bruin Vineyard (2021),Brouwerij 't Verzet,Sour - Flanders Oud Bruin,6% ABV,20 IBU,3.75
Pramień: Sunicy,Malanka,Wild Ale - Other,6.8% ABV,N/A IBU,4.25
ONE MORE MINUTE,Big Village Brewery,Stout - Imperial / Double Milk,8.5% ABV,30 IBU,3.75
Midway,13 Litar,IPA - American,6.1% ABV,45 IBU,3.75
Target: Renegade,Midnight Project,IPA - Imperial / Double,8.5% ABV,65 IBU,4.25
Grape Sour Ale Riesling,Resonance,Grape Ale - Other,8.1% ABV,22 IBU,4.5
Imhla: Zappa,Malanka,IPA - New England / Hazy,6% ABV,30 IBU,4
Candy Stick,White Stone,Porter - Other,8% ABV,20 IBU,4
Tomatoni: BBQ,Jungle Brewery,Sour - Tomato / Vegetable Gose,5% ABV,10 IBU,4
Just: Milk Stout,Midnight Project,Stout - Milk / Sweet,6% ABV,30 IBU,4
Black Steel,Midnight Project,IPA - Imperial / Double Black,11.7% ABV,90 IBU,4.25
Light,Robim Good Brewery,Lager - Pale,4.4% ABV,13 IBU,3
Камчатка,Пивоваренная компания РОЯН,Wheat Beer - Hefeweizen,5% ABV,8 IBU,3.25
Hard To Say No,CHIBIS Brewery,Stout - Oatmeal,6.5% ABV,15 IBU,3.75
The Miner - Hannover,Gilde USA,Schwarzbier,5% ABV,N/A IBU,3.5
Morland Old Speckled Hen,Greene King,Pale Ale - English,5% ABV,N/A IBU,3.5
Weizen,Jaws Brewery,Wheat Beer - Hefeweizen,5.6% ABV,27 IBU,4
Mysterious Mountain,Bierstaat,IPA - American,6.5% ABV,40 IBU,3.75
Happy Pilsner: Evergreen,Bierstaat,Pilsner - Other,5.2% ABV,21 IBU,3.75
Duck Brother #2,Magic Mess,Stout - Pastry,6% ABV,N/A IBU,4
Борщ с чесноком и салом,Burning Brewery | Пивоварня Бёрнинг,Sour - Other Gose,5.5% ABV,N/A IBU,3.75
Just: Doppelbock,Midnight Project,Bock - Doppelbock,8.5% ABV,35 IBU,4
Future Forms,Jungle Brewery,IPA - New England / Hazy,6.7% ABV,40 IBU,3.75
Obscurity,13 Litar,Stout - Irish Dry,6.4% ABV,25 IBU,4
Fogin’ Frog,Midnight Project,IPA - Imperial / Double New England / Hazy,7.7% ABV,25 IBU,4.25
PRESSURE,Бiiрландзiя (Биирландзия),IPA - New England / Hazy,7.5% ABV,45 IBU,3.25
What Is Vista?..,13 Litar,IPA - White / Wheat,8% ABV,60 IBU,3.75
Weiss Berg Лимон-Лайм,Bochkarevsky Pivovarenny Zavod (Бочкаревский Пивоваренный Завод),Wheat Beer - Fruited,4% ABV,N/A IBU,1.75
Tropical Milkshake,Wolf's Brewery (Волковская Пивоварня),Pale Ale - Milkshake,5% ABV,35 IBU,3
Barista Coffee Flavour,Реал,Flavored Malt Beverage,5.5% ABV,N/A IBU,2
The Privateer,Selfmade Brewery,Porter - Imperial / Double Baltic,10% ABV,41 IBU,4
So Much Caffeine: Cuba Serrano,Bierstaat,Stout - Coffee,6.8% ABV,16 IBU,4
Lichamanka: Medusa,Malanka,IPA - Imperial / Double,8.2% ABV,100 IBU,4
Saĺsa: Curry,Malanka,Sour - Other Gose,4% ABV,N/A IBU,4.25
Urstein Weizen,Dvinsky Brovar (Двинский Бровар),Wheat Beer - Hefeweizen,4.2% ABV,N/A IBU,3.25
бутлегер: Peated Whisky,ALASKA brewery,Stout - Russian Imperial,14.8% ABV,N/A IBU,4.25
КАША Овсяный Стаут /KASHA Oat Stout,Vasileostrovskaya Brewery (Василеостровская Пивоварня),Stout - Oatmeal,6.9% ABV,25 IBU,3.5
Weizen,Gorkovskaya Brewery (Горьковская пивоварня),Wheat Beer - Hefeweizen,5% ABV,13 IBU,3
Blanche de Namur Hop ‘n Spice,Brasserie du Bocq,Wheat Beer - Witbier / Blanche,4.5% ABV,N/A IBU,3.5
Bohemian Pils,Gorkovskaya Brewery (Горьковская пивоварня),Pilsner - Other,5.2% ABV,30 IBU,3
Кровь Ётуна,Медоварня Традиции Предков,Mead - Melomel,4.7% ABV,5 IBU,3.5
Gabe,Velka Morava,Bock - Doppelbock,11% ABV,N/A IBU,4
J.Hardy MAX Pineapple Chinotto,Бобруйский бровар,Flavored Malt Beverage,6.5% ABV,N/A IBU,2.5
80,Black Cat Brewery,IPA - Imperial / Double,8.2% ABV,80 IBU,4
Campinas,Sozhski Beer,Pale Ale - American,5.4% ABV,28 IBU,3.25
ODIN,Midnight Project,Porter - Imperial / Double Baltic,9.2% ABV,56 IBU,4.25
Nebula,Robim Good Brewery,IPA - New England / Hazy,6.9% ABV,20 IBU,2.75
Hits The Ground,Jungle Brewery,Pale Ale - New England / Hazy,5.2% ABV,30 IBU,4
Anarkist New England IPA,Theodor Schiøtz Brewing Company,IPA - New England / Hazy,5.4% ABV,25 IBU,3.75
Break Dancer,Bakunin Brewing Co.,Stout - Imperial / Double Pastry,10.5% ABV,30 IBU,4
бутлегер: Jäger,ALASKA brewery,Stout - Other,10% ABV,N/A IBU,3.5
From Heaven to Hell,Sabotage,Porter - Baltic,10% ABV,N/A IBU,4
Пражский след Пржевальского,Smolensk Heroes,Pilsner - Czech / Bohemian,4.8% ABV,30 IBU,3.75
Кондитер | Pastryman,ALASKA brewery,Stout - Imperial / Double Milk,11% ABV,N/A IBU,3.75
Балтийский Портер,Augustine (Августин),Porter - Baltic,8.2% ABV,25 IBU,4
Hagen Медовуха Классическая,Hagen / Хаген,Mead - Other,5.5% ABV,N/A IBU,3.5
Kriek,Hagen / Хаген,Fruit Beer,5% ABV,30 IBU,1.5
Hagen Пшеничное Premium Weizen,Hagen / Хаген,Wheat Beer - Hefeweizen Light / Leicht,4.5% ABV,N/A IBU,3.5
Brown Ale,Hagen / Хаген,Brown Ale - American,5.2% ABV,N/A IBU,3.5
Hagen Темное Premium Porter,Hagen / Хаген,Porter - Other,5% ABV,N/A IBU,3
Hagen Pilsner,Hagen / Хаген,Pilsner - Other,4.5% ABV,N/A IBU,3.25
Blanche,Hagen / Хаген,Wheat Beer - Witbier / Blanche,2.5% ABV,N/A IBU,3.5
Weihenstephaner Kristallweissbier,Bayerische Staatsbrauerei Weihenstephan,Wheat Beer - Kristallweizen,5.4% ABV,16 IBU,3.75
Bräuweisse,Ayinger Privatbrauerei,Wheat Beer - Hefeweizen,5.1% ABV,13 IBU,3.75
Twisted Thistle IPA,Belhaven Brewery,IPA - Other,5.6% ABV,45 IBU,3.5
MYSTERY CASE,Big Village Brewery,Stout - Imperial / Double,11.5% ABV,30 IBU,4.25
Dark Soul,Sabotage,Barleywine - English,10% ABV,N/A IBU,4.5
Доза [Blackcurrant + Strawberry + Cranberry + Raspberry + Cherry + Cowberry],4BREWERS,Sour - Smoothie / Pastry,6% ABV,N/A IBU,4.5
Brownstorm,13 Litar,Brown Ale - Imperial / Double,8.2% ABV,40 IBU,4
Schwarzbier,Gilde Brauerei,Schwarzbier,5% ABV,N/A IBU,3.5
Baltic Porter,Volfas Engelman,Porter - Baltic,6% ABV,25 IBU,3.5
Ciemra: Idaho 7 & Medusa,Malanka,IPA - Imperial / Double Black,7.8% ABV,145 IBU,4.25
Чертополох,Knightberg,Historical Beer - Gruit / Ancient Herbed Ale,4.1% ABV,30 IBU,4
Pale Wheat,Gilde Brauerei,Wheat Beer - Hefeweizen,5% ABV,N/A IBU,3.75
Birra Moretti L'Autentica / Ricetta Originale,Birra Moretti,Lager - Pale,4.6% ABV,12 IBU,3.25
LIE TO ME,BIERBANK,IPA - American,6.9% ABV,50 IBU,4
Slodyč: Kakos i Mindaĺ,Malanka,Stout - Imperial / Double Pastry,10% ABV,N/A IBU,4.5
Baltic Bay,Plague Brew,Porter - Baltic,7.5% ABV,24 IBU,3.75
BLANCHE de LUTIN,Vasileostrovskaya Brewery (Василеостровская Пивоварня),Wheat Beer - Witbier / Blanche,4.5% ABV,17 IBU,3.5
Ceremony,Selfmade Brewery,IPA - New England / Hazy,6.9% ABV,42 IBU,4
Milford,Sozhski Beer,Pale Ale - American,5.8% ABV,28 IBU,3.5
Palach,Plague Brew,Porter - Baltic,8.5% ABV,31 IBU,3.75
Kriek Boon,Brouwerij Boon,Lambic - Kriek,4% ABV,N/A IBU,3.75
Hyper India DIPA,Jaws Brewery,IPA - Imperial / Double,8.5% ABV,130 IBU,4
Darkworld,13 Litar,Porter - Imperial / Double,8.6% ABV,25 IBU,4
Chaliera: Eclipse,Malanka,IPA - American,6.9% ABV,50 IBU,4.25
Climbing Plants,Zagovor Brewery,IPA - New England / Hazy,6.5% ABV,35 IBU,4
TIMESHIFT,BIERBANK,IPA - American,6.8% ABV,45 IBU,4
Рамонский Туман,Brewlok Brewery,Stout - Other,6% ABV,N/A IBU,3.75
Holba Šerák,Holba,Pilsner - Czech / Bohemian,4.7% ABV,26 IBU,3
Little Big Hero,Midnight Project,IPA - Triple New England / Hazy,11% ABV,10 IBU,4
Tajfun: Citra & Mosaic,Malanka,IPA - Imperial / Double New England / Hazy,8% ABV,60 IBU,4
Rager: CTZ,Valaduta Brovar,IPA - Imperial / Double,8% ABV,70 IBU,4
Сheers! Enigma & Bru 1,Bierstaat,IPA - Imperial / Double,6.9% ABV,60 IBU,4
Lay Low,Bierstaat,IPA - Belgian,6.5% ABV,37 IBU,4
Morgana,Velka Morava,Stout - English,5.8% ABV,29 IBU,4
Cyklon: HBC 586,Malanka,IPA - Imperial / Double,7.6% ABV,N/A IBU,4
Complete Mayhem,Jungle Brewery,IPA - Other,6% ABV,50 IBU,4
Navaĺnica: Whisky BA,Malanka,Barleywine - Other,15% ABV,N/A IBU,4
Медовуха Копченая Слива,Dvinsky Brovar (Двинский Бровар),Mead - Melomel,5% ABV,N/A IBU,2.5
Reeper B. Blondes Weissbier,Reepbana,Wheat Beer - Hefeweizen,5.4% ABV,15 IBU,3.25
Хреновина/Hrenovina,Hophead Brewery,Sour - Other Gose,6% ABV,5 IBU,4
Dark Lantern,Selfmade Brewery,Porter - Other,6% ABV,28 IBU,4
Gorynych / Горыныч,Brewlok Brewery,Stout - Other,6.5% ABV,N/A IBU,4
Over Shadow,Jungle Brewery,Stout - Imperial / Double Milk,10% ABV,30 IBU,4.25
Relax,Robim Good Brewery,Stout - Imperial / Double,10% ABV,21 IBU,4
Mysterious Island,Bierstaat,IPA - American,6.5% ABV,37 IBU,3.75
Hop Stranding,Midnight Project,IPA - Imperial / Double,8% ABV,72 IBU,4
Kilikia Dark,Yerevan Brewery,Lager - Munich Dunkel,4.4% ABV,N/A IBU,3.25
Ride the Wave,Valaduta Brovar,IPA - American,7.2% ABV,35 IBU,4
Libourne (Либурн),Brauning Bier (Браунинг Бир),Wheat Beer - Witbier / Blanche,6.9% ABV,10 IBU,3.75
Dualshock,13 Litar,IPA - Imperial / Double,8.5% ABV,65 IBU,4
Moxee (Мокси),Brauning Bier (Браунинг Бир),IPA - New England / Hazy,6.6% ABV,50 IBU,4
Doom Spell,Jungle Brewery,Lager - Dark,5.4% ABV,20 IBU,3.75
So Much Caffeine: Santos,Bierstaat,Stout - Coffee,6.8% ABV,16 IBU,4.25
Крылы Полымя,Midnight Project,Sour - Fruited,6.9% ABV,17 IBU,4.25
Crossroad,13 Litar,IPA - American,6.1% ABV,55 IBU,3.5
Finish Him!,Bierstaat,Porter - Baltic,6.9% ABV,19 IBU,4
Кухни мира: Индия,ALASKA brewery,Sour - Other Gose,5% ABV,N/A IBU,4
"PIG ON FIRE smoked bacon, bourbon and BBQ sauce",Burning Brewery | Пивоварня Бёрнинг,Sour - Other,7% ABV,14 IBU,4.25
Suchaviej: Rosé,Malanka,IPA - Brut,10% ABV,40 IBU,4
West Wave: Citra & Strata,Midnight Project,IPA - American,6.5% ABV,50 IBU,4.25
Quantum Algorithm,Zagovor Brewery,Stout - Imperial / Double Milk,12% ABV,N/A IBU,4.25
Lichamanka: Vista,Malanka,IPA - Imperial / Double,8.6% ABV,115 IBU,4
Принеси Подай,4BREWERS,Sour - Tomato / Vegetable Gose,5% ABV,N/A IBU,4.25
Чижик,Midnight Project,Stout - Milk / Sweet,6.9% ABV,34 IBU,4.25
CRYO IPA.Dual Hop Citra Cascade,Hops Brewery,IPA - American,6.6% ABV,45 IBU,4
The Middle of Nowhere,Rewort Brewery,Stout - Russian Imperial,11% ABV,28 IBU,4.25
Gauloise Ambrée,Brasserie du Bocq,Pale Ale - Belgian,5.5% ABV,30 IBU,3.5
Satan Infernalis III,Plan B Brewery,Stout - Russian Imperial,16.5% ABV,40 IBU,4.25
Ska Face (2019),Ska Brewing,Barleywine - American,13% ABV,N/A IBU,4.75
Abbot Ale,Greene King,Bitter - Extra Special / Strong (ESB),5% ABV,50 IBU,3.5
Inedit Damm,Damm,Wheat Beer - Witbier / Blanche,4.8% ABV,11 IBU,3.5
Chmara: Calvados BA 2022,Malanka,Stout - Imperial / Double Oatmeal,13% ABV,N/A IBU,4.5
Кружечка Под Ёлочкой IPA №4/2023,BIERBANK,IPA - New England / Hazy,6.5% ABV,35 IBU,4
Том Ям с креветками/ Tom Yum Soup With Shrimp,Hophead Brewery,Sour - Other Gose,6% ABV,5 IBU,4
Cloud Burst,Jungle Brewery,IPA - New England / Hazy,6.9% ABV,35 IBU,4
Cascade,Saltaire Brewery,Pale Ale - American,4.8% ABV,N/A IBU,3.25
Mroiva: Sabro,Malanka,IPA - Session,3.9% ABV,N/A IBU,4.25
Sliozy Helijad: Brandy BA 2022,Malanka,Porter - Imperial / Double Baltic,12% ABV,N/A IBU,4.5
Abšar: Galaxy,Malanka,IPA - White / Wheat,7.7% ABV,40 IBU,4
Just: Mexican Lager,Midnight Project,Lager - Mexican,4.5% ABV,18 IBU,3.5
Khalzan (Халзан),Ochakovo (Очаково),Lager - Pale,4.5% ABV,N/A IBU,2.5
Kristoffel Blonde / Blond,Brouwerij Martens,Belgian Blonde,6% ABV,21 IBU,3
Your Quadruple Sour Barbie Juice,Midnight Project,Sour - Fruited,11.5% ABV,15 IBU,4.25
Rank: Simcoe,Midnight Project,IPA - Imperial / Double,8.5% ABV,70 IBU,4
Безумный Монах,Česky Lev (Чешский Лев),Lager - IPL (India Pale Lager),5.2% ABV,20 IBU,2.75
Chaliera: Talus,Malanka,IPA - American,7% ABV,60 IBU,4.25
Triple Choc,Saltaire Brewery,Stout - Other,4.8% ABV,N/A IBU,3.5
Dimensity,13 Litar,Strong Ale - Other,8.5% ABV,35 IBU,4
Epping (Эппинг),Brauning Bier (Браунинг Бир),Porter - Other,5.5% ABV,20 IBU,3.75
Saturn’s Rings,Konix Brewery,Stout - Milk / Sweet,5.5% ABV,25 IBU,4
Wonder World Beaten Cucumber,Konix Brewery,Sour - Other Gose,4.5% ABV,10 IBU,3.75
Sweet Disaster,Sabotage,Stout - Milk / Sweet,7% ABV,N/A IBU,4
Hop Headshot: Amarillo,Midnight Project,IPA - Triple,11% ABV,111 IBU,4.25
Saĺsa: Fajitas,Malanka,Sour - Other Gose,5% ABV,N/A IBU,4.5
TÝR,Midnight Project,Brown Ale - Imperial / Double,10.3% ABV,47 IBU,4.25
Enigma,Bierstaat,Stout - American,6.9% ABV,27 IBU,3.75
American Gothic,Bierstaat,IPA - New England / Hazy,6.8% ABV,40 IBU,4
Елецкий Крафт,Пивоваренный Завод Панкрат,Lager - Pale,4.5% ABV,N/A IBU,2.75
Настроение (Christmas Stout),White Stone,Stout - Milk / Sweet,6% ABV,13 IBU,4
ALLEGORIA,BIERBANK,IPA - Triple,10.2% ABV,75 IBU,4
Play Twice,Jungle Brewery,IPA - Imperial / Double,8.7% ABV,90 IBU,4.5
Belle Blanche,Bierstaat,Wheat Beer - Witbier / Blanche,5.3% ABV,8 IBU,4
Nightglow,13 Litar,Porter - Baltic,8% ABV,25 IBU,4.5
Peachebo,Punchiller,Sour - Fruited,6% ABV,N/A IBU,4.25
RUSSIAN IMPERIAL STOUT SMOKED CHERRY,Knightberg,Stout - Russian Imperial,8.5% ABV,N/A IBU,4
Hidden Benefits,Zagovor Brewery,IPA - New England / Hazy,6% ABV,35 IBU,4
Cascade & Simcoe IPA,Sozhski Beer,IPA - American,6.5% ABV,45 IBU,3.75
Idaho 7 IPA,Sozhski Beer,IPA - American,6.5% ABV,38 IBU,3.75
More Black MASS,BIERBANK,Stout - Milk / Sweet,8% ABV,10 IBU,3.75
Is It Black Enough For You?,Bottle Share,IPA - Imperial / Double Black,8% ABV,45 IBU,4.25
Fallen Moon,13 Litar,Stout - American,6.2% ABV,25 IBU,4.25
Russian Imperial Stout (barrel #2),Konix Brewery,Stout - Russian Imperial,12.5% ABV,40 IBU,4.25
Petrus Red,Brouwerij De Brabandere,Fruit Beer,8.5% ABV,20 IBU,4
Konrad Spytihněv,Pivovar Liberec Vratislavice,Pilsner - Czech / Bohemian,6% ABV,N/A IBU,3.25
Stout,Чисто пивоварня,Stout - Irish Dry,4.3% ABV,25 IBU,3.75
Yorkshire (Йоркшир),Brauning Bier (Браунинг Бир),Stout - Oatmeal,5.8% ABV,20 IBU,3.75
LOLLI-POP,Big Village Brewery,IPA - Imperial / Double New England / Hazy,8.5% ABV,40 IBU,4.25
IMPERIAL BALTIC PORTER ANNIVERSARY 15%,Knightberg,Porter - Imperial / Double Baltic,15% ABV,N/A IBU,4.5
Samarium Banana Strawberry Edition,Nuclear Brewery,Sour - Smoothie / Pastry,4.5% ABV,N/A IBU,4
Kikimora Coconut Story | Кикимора с кокосом,Brewlok Brewery,Stout - Milk / Sweet,6.5% ABV,N/A IBU,3.75
Doppelbock,Malanka,Bock - Doppelbock,11% ABV,N/A IBU,4
Pavietra: Pink Boots,Malanka,Pale Ale - New England / Hazy,5.4% ABV,N/A IBU,3.75
Pécsi Prémium Szűretlen Pils,Pécsi Sörfőzde,Pilsner - Czech / Bohemian,4.7% ABV,18 IBU,3.5
SILENT SHOUT,BIERBANK,IPA - American,6.7% ABV,50 IBU,3.75
Psychodelicious,Jungle Brewery,Sour - Fruited,5.7% ABV,15 IBU,4
Best,Saltaire Brewery,Bitter - Best,4.4% ABV,N/A IBU,3.5
Radiance,13 Litar,IPA - Imperial / Double,8% ABV,60 IBU,3.75
Good Vibes,Valdsam Bjorn Brewery,Lager - IPL (India Pale Lager),5% ABV,25 IBU,3.75
Populism Pluralism,Jaws Brewery,IPA - New England / Hazy,6.5% ABV,N/A IBU,4.25
Root,Courage Brewery,Sour - Other Gose,5% ABV,N/A IBU,4
Yezhevukha. Black Edition (Ежевуха. Чорна Эдыцыя),Pan Kachyn (Пан Качын),Mead - Braggot,5.7% ABV,N/A IBU,3.75
FENRIR,Midnight Project,Stout - Imperial / Double Oatmeal,10.3% ABV,58 IBU,4.25
Cloudy Moscow IPA,Zagovor Brewery,IPA - New England / Hazy,6.5% ABV,60 IBU,4.25
Luigi,GAS Brew,Sour - Other Gose,5% ABV,10 IBU,4.25
3 Years Papa,Midnight Project,Stout - Imperial / Double Pastry,11% ABV,35 IBU,4.5
Staropramen Extra chmelená 12,Pivovary Staropramen,Pilsner - Czech / Bohemian,5.2% ABV,32 IBU,2.75
Konrad 11° / Vratislavický ležák,Pivovar Liberec Vratislavice,Pilsner - Czech / Bohemian,4.8% ABV,28 IBU,2.75
Blue Monkey Wheat Ale,Gletcher Brewery (Глетчер),Wheat Beer - Witbier / Blanche,5.4% ABV,N/A IBU,3.5
Stay Crazy,Valdsam Bjorn Brewery,IPA - American,6.4% ABV,40 IBU,4
Smoked Tomato,Hops Brewery,Sour - Other Gose,6% ABV,N/A IBU,2.75
Robim Good BREAKFAST,Robim Good Brewery,Bock - Hell / Maibock / Lentebock,5.9% ABV,16 IBU,3
Caramel Delight,Rewort Brewery,Porter - Other,6.9% ABV,27 IBU,4.25
Your Quadruple Sour Cranberry Juice,Midnight Project,Sour - Fruited,11.5% ABV,15 IBU,4.25
ERIS,Midnight Project,Stout - Russian Imperial,16% ABV,60 IBU,4.75
Moravia,13 Litar,Pilsner - Czech / Bohemian,4.5% ABV,30 IBU,3.75
Robim Good BOGEMA,Robim Good Brewery,Belgian Blonde,6.4% ABV,11 IBU,3.5
Dream,Robim Good Brewery,Lager - Dark,4.5% ABV,8 IBU,3.75
Чехов. Том 1.,Brewlok Brewery,Porter - Imperial / Double,12.8% ABV,N/A IBU,4.25
Old Town,Valaduta Brovar,Pale Ale - American,5.5% ABV,25 IBU,4
Cold Fresh Air,Jungle Brewery,IPA - American,6.2% ABV,60 IBU,4
Affligem Blonde,Affligem Brouwerij,Belgian Blonde,6.7% ABV,24 IBU,3.25
ПЕРВЫЙ АВ**ТОР,Bakunin Brewing Co.,IPA - Session,4.5% ABV,40 IBU,3.75
Zbiten Rzhanoy (Збитень Ржаной),Mozyrpivo (Мозырьпиво),Mead - Other,5% ABV,N/A IBU,3.5
Rusalka / Русалка,Brewlok Brewery,Sour - Fruited,5% ABV,10 IBU,3.75
Puzzle: Azacca,Bierstaat,Porter - American,6.8% ABV,25 IBU,4
Just: Gose,Midnight Project,Sour - Traditional Gose,5.5% ABV,12 IBU,4
Blanche De Brogelonne,Varnitsa (Варница),Wheat Beer - Witbier / Blanche,4.5% ABV,N/A IBU,3
Mighty Ravendark,TAKE AWAY,Stout - Milk / Sweet,5.5% ABV,20 IBU,3.75
Chvalia: Fiejchoa,Malanka,Sour - Fruited,7.5% ABV,N/A IBU,4
COME ALIVE,BIERBANK,IPA - American,6.8% ABV,45 IBU,3.75
Imhla: Mosaic,Malanka,IPA - New England / Hazy,6.8% ABV,N/A IBU,4.5
Pale Vale,Valdsam Bjorn Brewery,IPA - American,6.5% ABV,47 IBU,3.75
ЧЕХОВ / CHEKHOV,Vasileostrovskaya Brewery (Василеостровская Пивоварня),Fruit Beer,6.3% ABV,16 IBU,3
NOISE NOIR,Black Cat Brewery,Porter - Other,6.5% ABV,10 IBU,4
Keltainen (Келтайнен),Schwarzkaiser Brewery,Lager - IPL (India Pale Lager),4.5% ABV,22 IBU,3.5
Zolak: Citra & Mosaic,Malanka,Farmhouse Ale - Grisette,3.8% ABV,52 IBU,4
РИТМЫ (Rhythms),Bakunin Brewing Co.,IPA - Sour,6.5% ABV,34 IBU,4.25
Pastry Shores Pear x Cherry x Mango x Bisquit,GAS Brew,Sour - Smoothie / Pastry,5% ABV,N/A IBU,4.25
Velocity,13 Litar,IPA - American,6.1% ABV,40 IBU,4
FRACTAL,Zagovor Brewery,IPA - New England / Hazy,6.5% ABV,43 IBU,4
Northwind,13 Litar,Porter - Imperial / Double,9.1% ABV,20 IBU,4
Breakline,13 Litar,Brown Ale - American,6.5% ABV,40 IBU,4
IPL HOPS,Hops Brewery,Lager - IPL (India Pale Lager),4.4% ABV,25 IBU,3.5
Reeper B. Exotisches IPA,Reepbana,IPA - Session,5% ABV,39 IBU,3.25
Belgian Blond Ale,Konix Brewery,Belgian Blonde,6.1% ABV,20 IBU,3.25
Ether [Passion Fruit],4BREWERS,IPA - Sour,6.5% ABV,40 IBU,4
Тюря томатная,Hophead Brewery,Sour - Tomato / Vegetable Gose,6.5% ABV,5 IBU,4
Чучвара,Hophead Brewery,Sour - Other Gose,6.5% ABV,5 IBU,4.25
Smoky Island / Небольшой Мыс,Jaws Brewery,Stout - Russian Imperial,11% ABV,40 IBU,4.25
Pilsner: Tettnanger,Malanka,Pilsner - German,5% ABV,33 IBU,4
Trasca: Sabro,Malanka,IPA - Triple,10.5% ABV,141 IBU,4.25
DEEP CONCERN,Krupiecki Brovar,IPA - Imperial / Double,7.5% ABV,100 IBU,3.75
Revenge,13 Litar,IPA - Imperial / Double,8% ABV,60 IBU,4
Belgian Krone Lager,Brouwerij Martens,Lager - Pale,5.4% ABV,N/A IBU,2.75
Belgian Krone Weizen,Brouwerij Martens,Wheat Beer - Hefeweizen,5% ABV,N/A IBU,3.25
Liebenbrau Helles,Kaiser Bräu,Lager - Helles,5.1% ABV,N/A IBU,3
Buffalo Peaks Brown,South Park Brewing,Brown Ale - English,6% ABV,40 IBU,4
Your Quadruple Sour Orange Juice,Midnight Project,Sour - Fruited,11.5% ABV,15 IBU,4.25
Know Your Enemy,Sabotage,IPA - Sour,6% ABV,N/A IBU,4.25
Imperial S'mores Stout,South Park Brewing,Stout - Russian Imperial,9% ABV,N/A IBU,4.25
Бунинъ. Том 6 / Bunin. Volume 6,Brewlok Brewery,Stout - Russian Imperial,13% ABV,N/A IBU,4.25
Rank: Mosaic,Midnight Project,IPA - Imperial / Double,8.5% ABV,70 IBU,4
Алтай Хан,Bochkarevsky Pivovarenny Zavod (Бочкаревский Пивоваренный Завод),Lager - Pale,4.7% ABV,N/A IBU,2.5
Замковое Фест,Tabak-Invest (Табак-Инвест),Märzen,6% ABV,N/A IBU,3.25
MELON ALE,Vasileostrovskaya Brewery (Василеостровская Пивоварня),Fruit Beer,6% ABV,14 IBU,3.25
Repeater 5,Zagovor Brewery,Stout - Imperial / Double Milk,12% ABV,N/A IBU,4.5
ПЕПЕЛ (Ash),Bakunin Brewing Co.,Historical Beer - Lichtenhainer,4% ABV,10 IBU,3.75
Session IPA,Grupo Mahou-San Miguel,IPA - Session,4.5% ABV,40 IBU,3.5
Duality: Citra & Lemondrop,Bierstaat,IPA - Imperial / Double,6.9% ABV,60 IBU,4
Blues APA,Чисто пивоварня,Pale Ale - American,5.3% ABV,45 IBU,3.75
Peel (Пил),Brauning Bier (Браунинг Бир),Porter - Other,6.9% ABV,18 IBU,3.75
LIDSKAE Zimovae (ЛІДСКАЕ Зiмовае),Lidskae Piva (Лідскае Піва),Lager - Winter,4.8% ABV,20 IBU,3
Калядны Цуд Мандарын,Пивоваренная компания «Аливария» (Alivaria Brewery),Lager - Winter,5.1% ABV,10 IBU,3
Belgian Dubbel,Konix Brewery,Belgian Dubbel,6.2% ABV,30 IBU,3.5
Holy Trip,Jaws Brewery,Belgian Tripel,9.2% ABV,20 IBU,3.75
Holba Premium,Holba,Pilsner - Czech / Bohemian,5.2% ABV,26 IBU,3
Lichamanka: Idaho 7,Malanka,IPA - Imperial / Double,8.5% ABV,130 IBU,4
Yellow Dragon,Midnight Project,IPA - Triple New England / Hazy,12% ABV,25 IBU,4.5
Pécsi Prémium Lager,Pécsi Sörfőzde,Lager - Pale,5% ABV,18 IBU,3.25
Тверская Бавария Тёмное,Afanasy | Афанасий,Lager - Dark,4.5% ABV,N/A IBU,3.5
Паўночнае ззянне,Прамень,Stout - Oatmeal,6.6% ABV,20 IBU,4
Tomato,Hops Brewery,Sour - Other Gose,6% ABV,N/A IBU,2.75
Прастора Talus,Прамень,IPA - American,6.3% ABV,35 IBU,3.5
Blegny (Бленьи),Brauning Bier (Браунинг Бир),Dark Ale,6.3% ABV,15 IBU,3.75
Weissbier,Чисто пивоварня,Wheat Beer - Hefeweizen,5.6% ABV,16 IBU,3.5
Cynic / Green Edition,Jaws Brewery,Sour - Flanders Oud Bruin,5.5% ABV,7 IBU,4
Grotwerg Weissbier,Oettinger Brauerei,Wheat Beer - Hefeweizen,4.9% ABV,N/A IBU,3
Sparklingcat,Midnight Project,IPA - Brut,7% ABV,15 IBU,4
Vivid Vision,GAS Brew,Wild Ale - Other,9% ABV,N/A IBU,4
Бунинъ. Том 7 / Bunin. Volume 7,Brewlok Brewery,Stout - Russian Imperial,13% ABV,N/A IBU,4.5
Bad Beat: Citra & Ekuanot,Midnight Project,IPA - Imperial / Double,8.5% ABV,70 IBU,4
Cashmere,Bierstaat,IPA - New England / Hazy,6.8% ABV,30 IBU,3.75
Крафтовое,Arbat (Арбат),Blonde / Golden Ale - Other,5.8% ABV,N/A IBU,3.75
Talus,Bierstaat,IPA - Imperial / Double,6.9% ABV,60 IBU,3.75
Augend & Addend,Red Button Brewery,Barleywine - Other,10.5% ABV,N/A IBU,4
Lost Wish,BIERBANK,IPA - American,6.7% ABV,55 IBU,4.25
Rager: BRU-1,Valaduta Brovar,IPA - Imperial / Double,8% ABV,70 IBU,4
PATHWAY,BIERBANK,Lager - IPL (India Pale Lager),5.7% ABV,35 IBU,4
Reversion,Jungle Brewery,IPA - Imperial / Double,8.6% ABV,80 IBU,4.25
WOODCUTTER,BIERBANK,Strong Ale - American,10.5% ABV,22 IBU,4.25
Populism Talus + Mosaic,Jaws Brewery,IPA - New England / Hazy,6.5% ABV,N/A IBU,4
Mitrenha: Galaxy & Vista,Malanka,IPA - Imperial / Double,8.5% ABV,135 IBU,4
Gothic Smoke,Midnight Project,Bock - Doppelbock,8.5% ABV,35 IBU,4.25
Compassion,13 Litar,Stout - Foreign / Export,7.5% ABV,30 IBU,4.25
Burning Fox,Midnight Project,Sour - Other Gose,6.5% ABV,15 IBU,4.25
Saĺsa: Carolina Reaper & Habanero,Malanka,Sour - Tomato / Vegetable Gose,4% ABV,N/A IBU,4.25
Your Quadruple Sour Purple Juice,Midnight Project,Sour - Fruited,11.5% ABV,15 IBU,4.5
Moonstone: Colombia Popayan Kauka Reserve,Midnight Project,Stout - Imperial / Double Coffee,11% ABV,40 IBU,4.25
West Wave: Columbus & Citra,Midnight Project,IPA - American,6.5% ABV,50 IBU,4
Smuha: Pink Boots,Malanka,IPA - Imperial / Double New England / Hazy,7.6% ABV,N/A IBU,4
Enveloped,Valdsam Bjorn Brewery,Porter - Imperial / Double,8.9% ABV,40 IBU,4
Staročeské tradiční,Tradiční pivovar v Rakovníku,Pilsner - Czech / Bohemian,4.7% ABV,27 IBU,2.5
Bavik Super Wit,Brouwerij De Brabandere,Wheat Beer - Witbier / Blanche,5% ABV,11 IBU,3.25
Pavietra: Medusa,Malanka,Pale Ale - New England / Hazy,4.7% ABV,N/A IBU,4
The Rush,Jungle Brewery,IPA - American,5.7% ABV,50 IBU,3.75
Don’t Look Up: Plantation Rum BA,Midnight Project,Stout - Imperial / Double Pastry,11% ABV,40 IBU,4.5
IPA,Feldschlößchen Dresden,IPA - Other,5.8% ABV,N/A IBU,3
Warped Minds,Jungle Brewery,IPA - New England / Hazy,6% ABV,35 IBU,4
Dark Outcast,Midnight Project,Stout - Imperial / Double,11% ABV,40 IBU,4.5
Dryhva: Calvados BA,Malanka,Porter - Imperial / Double Baltic,13% ABV,N/A IBU,4.5
Hammerheart,Plan B Brewery,Strong Ale - American,9% ABV,50 IBU,4.25
"Петрушка (Рассольник, Russian Pickle Soup)",Hophead Brewery,Sour - Other Gose,6% ABV,5 IBU,4.5
Assimilation: Centennial+Zappa,13 Litar,IPA - Imperial / Double,8% ABV,60 IBU,4
Unexpected,Valdsam Bjorn Brewery,Porter - Imperial / Double,8.9% ABV,40 IBU,4.25
Calm Down,Hops Brewery,Pale Ale - New England / Hazy,4.8% ABV,25 IBU,4
Oktoberfest IPA,Hops Brewery,IPA - American,6.8% ABV,45 IBU,3.5
Копченое Пиво,Hops Brewery,Rauchbier,4.8% ABV,10 IBU,3.75
Queen Anne III,Velka Morava,Barleywine - English,12% ABV,N/A IBU,3.75
Pramień: Abliapicha,Malanka,Farmhouse Ale - Saison,6.3% ABV,N/A IBU,4
QUANTUM NUKA TRIPLE IPA,Hops Brewery,IPA - Triple,11% ABV,110 IBU,4
Folded Hands,Zagovor Brewery,IPA - Imperial / Double New England / Hazy,8% ABV,35 IBU,4.5
Tauras Tradicinis,Kalnapilis Brewery,Lager - Strong,6% ABV,N/A IBU,2.75
Laźnia: Biaroza i Eŭkalipt,Malanka,Smoked Beer,5% ABV,30 IBU,4.25
Colombiana,13 Litar,IPA - Black / Cascadian Dark Ale,6.3% ABV,45 IBU,4
Key Light,GAS Brew,Barleywine - American,11% ABV,N/A IBU,4
Dryhva: Brandy BA,Malanka,Porter - Imperial / Double Baltic,13% ABV,N/A IBU,4.25
Grotwerg Bayerisch Hell,Oettinger Brauerei,Lager - Helles,4.7% ABV,N/A IBU,3
Черный Черный Город,Hops Brewery,Lager - Dark,4.8% ABV,10 IBU,3
Candy Flip,GAS Brew,Barleywine - Other,11% ABV,N/A IBU,4
Битые огурцы/Smashed cucumbers,Hophead Brewery,Sour - Other Gose,6% ABV,5 IBU,4.5
Holy Dark,Jaws Brewery,Belgian Strong Dark Ale,8% ABV,32 IBU,4
Медовуха,Medovarus / Медоварус,Mead - Traditional,5.8% ABV,N/A IBU,3.5
Pécsi APA,Pécsi Sörfőzde,Pale Ale - American,5% ABV,31 IBU,3.5
Maisel's Weisse Dunkel,Brauerei Gebr. Maisel,Wheat Beer - Dunkelweizen,5.1% ABV,12 IBU,3.75
Flight Mode,GAS Brew,Porter - Baltic,9.5% ABV,N/A IBU,4.25
City Limits,Jungle Brewery,IPA - American,5.8% ABV,50 IBU,4
Rager: Idaho 7,Valaduta Brovar,IPA - Imperial / Double,8% ABV,70 IBU,4
American Pale Ale,Knightberg,Pale Ale - American,4.8% ABV,35 IBU,4
Tweed Club,Rewort Brewery,Stout - Imperial / Double,10% ABV,55 IBU,4
Pécsi Prémium Barna,Pécsi Sörfőzde,Lager - Dark,5.8% ABV,18 IBU,3.5
Pécsi Prémium Búza,Pécsi Sörfőzde,Wheat Beer - Hefeweizen,5% ABV,15 IBU,3.25
Paulaner Oktoberfest Bier (2022),Paulaner Brauerei,Festbier,6% ABV,20 IBU,3.75
Bakalář Za studena chmelený / Dry Hopped Lager,Tradiční pivovar v Rakovníku,Pilsner - Czech / Bohemian,5.2% ABV,34 IBU,3.5
Bakalář Tmavá desítka / Dark Lager,Tradiční pivovar v Rakovníku,Lager - Tmavé (Czech Dark),3.8% ABV,22 IBU,3.25
Just: Kölsch,Midnight Project,Kölsch,4.9% ABV,22 IBU,3.75
Nectar Noir,Jaws Brewery,Stout - Russian Imperial,10.5% ABV,N/A IBU,4.25
Smoky Island / Впадина у мельницы,Jaws Brewery,Stout - Russian Imperial,11% ABV,40 IBU,4.25
Vershovice Tmavý Ležák,Samson (Budějovický měšťanský pivovar),Lager - Dark,4.5% ABV,N/A IBU,3.5
Postoverhype,AF Brew,Stout - Imperial / Double,12% ABV,50 IBU,4.25
Хваля: Zappa,Прамень,Pale Ale - American,5% ABV,25 IBU,3.5
PSYCHEDELIC,Krupiecki Brovar,IPA - Imperial / Double,7.5% ABV,100 IBU,3.75
Dream Sequence,Jungle Brewery,Porter - Other,6.8% ABV,25 IBU,4
Kinston (Кингстон),Brauning Bier (Браунинг Бир),Stout - Foreign / Export,6.1% ABV,25 IBU,4
PROMETHEUS,13 Litar,Porter - Imperial / Double,8.2% ABV,30 IBU,4
Heavy Traffic,Jungle Brewery,IPA - White / Wheat,6% ABV,45 IBU,4
Pošasć: El Dorado,Malanka,IPA - Quadruple,11.58% ABV,175 IBU,4
Imhla: Simcoe,Malanka,IPA - New England / Hazy,6.8% ABV,N/A IBU,4.25
Smuha: Vista,Malanka,IPA - Imperial / Double New England / Hazy,7.6% ABV,N/A IBU,4.25
кухни мира: Украина,ALASKA brewery,Sour - Other Gose,6.5% ABV,N/A IBU,4.25
Варяг,Brewlok Brewery,Porter - Baltic,6% ABV,N/A IBU,3.75
Dunkel Berg,Bochkarevsky Pivovarenny Zavod (Бочкаревский Пивоваренный Завод),Lager - Munich Dunkel,4.3% ABV,N/A IBU,3.25
Трюфель Шоколад,084Brewery,Stout - Russian Imperial,11% ABV,30 IBU,4.25
Space Barrel,084Brewery,Stout - Russian Imperial,12% ABV,60 IBU,3.75
Party Break,Midnight Project,Pale Ale - American,5.5% ABV,35 IBU,4
THYMUS (semisweet),Krupiecki Brovar,Mead - Metheglin,4% ABV,N/A IBU,3.75
Азербайджанский Туршу,Hophead Brewery,Sour - Tomato / Vegetable Gose,6% ABV,5 IBU,4.25
Octopus,Robim Good Brewery,Lager - Pale,4.5% ABV,12 IBU,3.5
Lichamanka: HBC 586,Malanka,IPA - Imperial / Double,8% ABV,145 IBU,4
Mixdown,13 Litar,IPA - Session,4.8% ABV,40 IBU,3.75
Citraizen,Jaws Brewery,Wheat Beer - Kristallweizen,6% ABV,20 IBU,4.25
Айдаха Medusa Ed.,Прамень,Pale Ale - American,6% ABV,30 IBU,3.5
Backstage,13 Litar,IPA - American,6.5% ABV,50 IBU,3.75
Sound Wave,Bierstaat,Stout - Milk / Sweet,6.8% ABV,17 IBU,4
Hedgehog In the Fog. Pink Boots 2021 Blend,Hops Brewery,IPA - New England / Hazy,6.6% ABV,25 IBU,4
Stangen Lager Bier,Reepbana,Lager - Pale,5.4% ABV,20 IBU,3
Stangen Pils,Reepbana,Pilsner - German,4.7% ABV,25 IBU,3.25
Bistrampolio dvaro Šokolado Juodasis/ Bistrampolio Dvaro Chocolate Black,Aukštaitijos Bravorai,Porter - Baltic,6% ABV,20 IBU,4
Vershovice Světlý Ležák,Samson (Budějovický měšťanský pivovar),Pilsner - Czech / Bohemian,4.7% ABV,N/A IBU,3
Buddy Kraft Dunkel,Lipetskpivo (Липецкпиво),Lager - Munich Dunkel,4.2% ABV,N/A IBU,3
Buddy Kraft Blanche,Lipetskpivo (Липецкпиво),Wheat Beer - Other,4.4% ABV,N/A IBU,2.25
Bones,Pike Season Brewery,Sour - Flanders Red Ale,5.2% ABV,N/A IBU,3.75
Abšar: Talus,Malanka,IPA - White / Wheat,7.6% ABV,N/A IBU,4.25
Nottingham (Ноттингем),Brauning Bier (Браунинг Бир),Dark Ale,6% ABV,18 IBU,3.75
Icon,Robim Good Brewery,IPA - American,6.6% ABV,65 IBU,2.5
Vinyl: Sabro & Zappa,Bierstaat,Pale Ale - American,4.8% ABV,30 IBU,3.75
Saflor (Сафлор),Brauning Bier (Браунинг Бир),Farmhouse Ale - Saison,6.8% ABV,15 IBU,3.75
The Primal Instinct,Jungle Brewery,IPA - New England / Hazy,6.7% ABV,40 IBU,4
Muson: Mandaryn I Manha,Malanka,Sour - Fruited,5% ABV,N/A IBU,4
Lemon Pie,Mad Frog Brewery,IPA - Milkshake,5.4% ABV,20 IBU,4
Речицкое черное,Бобруйский бровар,Lager - Dark,3.9% ABV,20 IBU,3.5
Zavieja: Citra & Simcoe,Malanka,IPA - Imperial / Double New England / Hazy,7.68% ABV,N/A IBU,4
Remedy,13 Litar,IPA - American,6.3% ABV,40 IBU,3.75
Борщ Петровский,Hophead Brewery,Sour - Other Gose,6% ABV,5 IBU,4
Brewtality: Heaven Hill BA,Midnight Project,Stout - Imperial / Double,12.5% ABV,55 IBU,4.5
What Is Azacca?..,13 Litar,IPA - Imperial / Double,7.8% ABV,60 IBU,3.75
Konrad 12°,Pivovar Liberec Vratislavice,Pilsner - Czech / Bohemian,5.2% ABV,34 IBU,2.75
Schwarzbier / Black Beer / Black Lager,Feldschlößchen Dresden,Schwarzbier,5% ABV,N/A IBU,3.5
Mr. Golding / Мистер Голдинг,Пивоварня Одна тонна / Odna Tonna Brewery,Porter - English,6% ABV,N/A IBU,3.75
Robim Good SPACE,Robim Good Brewery,Stout - Oatmeal,6.3% ABV,21 IBU,3.5
Liebenweiss Hefe Weissbier,Kaiser Bräu,Wheat Beer - Hefeweizen,5.1% ABV,N/A IBU,3
Schlosskeller Unfiltered,Белый Кремль (Bely Kreml),Kellerbier / Zwickelbier,4.7% ABV,N/A IBU,2.5
Martens Pils,Brouwerij Martens,Pilsner - Other,5% ABV,N/A IBU,3
Krinitsa Klasichnae (Крыніца Класiчнае),Krinitsa (Криница),Lager - Pale,4.8% ABV,N/A IBU,2.75
Стаут,Chester Brewery,Stout - Milk / Sweet,5.5% ABV,23 IBU,3
Kraftovoe | Крафтовое,Afanasy | Афанасий,IPA - American,4.5% ABV,N/A IBU,3
Dobroe Krepkoe | Доброе Крепкое,Afanasy | Афанасий,Lager - Strong,7.3% ABV,N/A IBU,2.5
From the Black,13 Litar,Porter - English,6% ABV,18 IBU,4
Beech Soot,Valaduta Brovar,Smoked Beer,5.7% ABV,25 IBU,4
Stencil,Zagovor Brewery,Sour - Fruited Gose,7% ABV,10 IBU,3.75
American Pale Ale,Stamm Brewing,Pale Ale - American,4.7% ABV,25 IBU,4.25
Satsebeli,Bierstaat,Sour - Other Gose,5.5% ABV,10 IBU,3.75
Hard Feelings,Jungle Brewery,IPA - Imperial / Double,7.6% ABV,80 IBU,4.5
Strakovice Psenice,Varnitsa (Варница),Wheat Beer - Hefeweizen,4.7% ABV,N/A IBU,3.5
Eichbaum Red Lager / Red Beer,Privatbrauerei Eichbaum,Lager - Amber / Red,5.9% ABV,N/A IBU,2.25
Eichbaum Hefeweizen Hell,Privatbrauerei Eichbaum,Wheat Beer - Hefeweizen,5.2% ABV,N/A IBU,2.75
Żywiec 0.0%,Grupa Żywiec,Non-Alcoholic - Lager,N/A ABV,N/A IBU,3
Carlsberg Non Alcoholic,Carlsberg Group,Non-Alcoholic - Lager,0.5% ABV,25 IBU,3
Karamalz,Privatbrauerei Eichbaum,Malt Beer,N/A ABV,N/A IBU,3
Stammgast Gold Alkoholfrei,Frankenthaler Brauhaus,Non-Alcoholic - Lager,0.5% ABV,N/A IBU,2.75
Alivaria Bezalkogolnoe (Аливария Безалкогольное),Пивоваренная компания «Аливария» (Alivaria Brewery),Non-Alcoholic - Lager,0.5% ABV,N/A IBU,3
Kristoffel Belgian White Beer,Brouwerij Martens,Wheat Beer - Witbier / Blanche,5% ABV,N/A IBU,3.25
Bohemian Premium Dark Lager,Old Prague Distribution,Lager - Tmavé (Czech Dark),4.4% ABV,N/A IBU,3.5
Прастора: Amarillo & Dr. Rudi,Прамень,IPA - American,6.7% ABV,40 IBU,3.75
Steininger Hefe Weissbier,Privatbrauerei Eichbaum,Wheat Beer - Hefeweizen,5.2% ABV,N/A IBU,3
Emotion,Bierstaat,Stout - Milk / Sweet,6.5% ABV,16 IBU,4
Saltence,13 Litar,Sour - Traditional Gose,5% ABV,15 IBU,3.75
Five Grains Porter,Salden's Brewery,Porter - Other,7.2% ABV,N/A IBU,3.75
Divine Fog: Cashmere,Midnight Project,Pale Ale - New England / Hazy,5.5% ABV,N/A IBU,4.25
Spin Vibe: Black Currant Orange,Plague Brew,Sour - Fruited Berliner Weisse,5.3% ABV,5 IBU,4
Sensual Seduction,Rewort Brewery,Stout - Other,6.7% ABV,21 IBU,4
Just: Czech Pilsner,Midnight Project,Pilsner - Czech / Bohemian,5% ABV,25 IBU,4
Saĺsa: Chinese BBQ,Malanka,Sour - Tomato / Vegetable Gose,4% ABV,N/A IBU,4.5
Imhla: Nelson Sauvin,Malanka,IPA - New England / Hazy,6% ABV,N/A IBU,4.25
Rechitskoe Lebenbeer (Рэчыцкае Лебенбiр),Бобруйский бровар,Kellerbier / Zwickelbier,4.9% ABV,16 IBU,3.25
Пивная карта. Blond Ale,Krinitsa (Криница),Belgian Blonde,5% ABV,10 IBU,3.5
Mist Around,Jungle Brewery,Pale Ale - New England / Hazy,5.2% ABV,40 IBU,4.25
Tkemali,Bierstaat,Sour - Other Gose,5.5% ABV,10 IBU,3.75
Assimilation: Sabro + Cascade,13 Litar,IPA - Imperial / Double,7.8% ABV,60 IBU,4
Plum Soot,Valaduta Brovar,Smoked Beer,5.7% ABV,25 IBU,3.75
Senojo Vilniaus Šviesusis Nefiltruotas,Vilniaus Alus,Lager - Pale,5% ABV,11 IBU,3.5
Strakovice Tmavé,Varnitsa (Варница),Lager - Tmavé (Czech Dark),4.5% ABV,N/A IBU,3.25
PSYCHOTROP,Krupiecki Brovar,IPA - Imperial / Double,6.5% ABV,100 IBU,3.75
White Squall,Hops Brewery,IPA - White / Wheat,6.6% ABV,50 IBU,3.75
Искра / Spark,Coma Brewery,Sour - Smoothie / Pastry,6.5% ABV,N/A IBU,4.25
Stammgast Hefeweizen,Oettinger Brauerei,Wheat Beer - Hefeweizen,5% ABV,N/A IBU,3.5
West Wave: Cashmere & Mosaic,Midnight Project,IPA - American,6.5% ABV,50 IBU,4
Sky Beyond Sky,Jungle Brewery,IPA - Imperial / Double,7.9% ABV,90 IBU,4.25
Divine Fog: Vista,Midnight Project,Pale Ale - New England / Hazy,5.5% ABV,N/A IBU,4
AK-BREWERY Светлое нефильтрованное,AK Brewery,Blonde / Golden Ale - Other,4.2% ABV,12 IBU,3.25
Zhigulevskoe Traditsiya (Жигулевское Традиция),Dvinsky Brovar (Двинский Бровар),Lager - Pale,4.5% ABV,N/A IBU,2.75
Lidski Crazy Crush Kvass (Лидский квас Крэйзи краш апельсин-мята),Lidskae Piva (Лідскае Піва),Kvass,1.2% ABV,N/A IBU,3
Urstein Dunkel,Dvinsky Brovar (Двинский Бровар),Lager - Munich Dunkel,4.8% ABV,N/A IBU,3.75
Витбир,Dvinsky Brovar (Двинский Бровар),Wheat Beer - Other,5% ABV,10 IBU,3.75
Most Wonderful Time 4 A Beer,Red Button Brewery,Stout - Milk / Sweet,5% ABV,30 IBU,3.75
Wake Up! Waimea & Ahtanum,Bierstaat,IPA - American,6.8% ABV,40 IBU,3.75
Forever MA,Rewort Brewery,Pale Ale - American,5.5% ABV,27 IBU,3.75
Expression,Bierstaat,Stout - Milk / Sweet,5.5% ABV,15 IBU,4.25
Baltic Waves,Zagovor Brewery,Porter - Baltic,9% ABV,40 IBU,4
Out Of The Light,Jungle Brewery,IPA - New England / Hazy,6% ABV,45 IBU,4.25
Острая томатная дичь V 2.0,Atmosphere Brewery,Sour - Tomato / Vegetable Gose,6.5% ABV,10 IBU,3.5
Scratch,Midnight Project,Pale Ale - American,5.9% ABV,35 IBU,4
Wasted Youth,Zagovor Brewery,Pale Ale - American,5.5% ABV,38 IBU,3.75
Blacklist,13 Litar,IPA - Black / Cascadian Dark Ale,6.3% ABV,45 IBU,4
Cascadian APA,AK Brewery,Pale Ale - American,6.2% ABV,30 IBU,3.75
Eichbaum Schwarzbier,Privatbrauerei Eichbaum,Schwarzbier,4.9% ABV,N/A IBU,3
Hop Rider Extra Stout,Privatbrauerei Eichbaum,Stout - Foreign / Export,5.7% ABV,16 IBU,2.5
AK-BREWERY Ржаное,AK Brewery,Roggenbier,5.2% ABV,11 IBU,3.75
Ogorod Peach & Yuzu,Pivot Point,Sour - Fruited Berliner Weisse,4.7% ABV,8 IBU,3.75
Взлом,4BREWERS,Stout - Imperial / Double Pastry,6.9% ABV,N/A IBU,4
Black DIPA,AK Brewery,IPA - Imperial / Double Black,9.2% ABV,111 IBU,3.75
Dark Side,Great Habit,Lager - Dark,5.8% ABV,15 IBU,3.75
Imža: Truskaŭki i Bazilik,Malanka,Sour - Fruited Berliner Weisse,3% ABV,N/A IBU,3.75
Mlosć: Sabro,Malanka,Pale Ale - American,5.5% ABV,50 IBU,4
Pavietra: Lemondrop,Malanka,Pale Ale - New England / Hazy,4.7% ABV,N/A IBU,3.75
Breaking Codes,Jungle Brewery,IPA - Imperial / Double,7.9% ABV,85 IBU,4.5
Smuha: HBC 630,Malanka,IPA - Imperial / Double New England / Hazy,7.6% ABV,N/A IBU,4.25
Zmrok: Banan i Šakalad,Malanka,Stout - Imperial / Double Milk,9.5% ABV,N/A IBU,4.5
BraufactuM German Pale Ale,Radeberger Gruppe,Pale Ale - Other,5% ABV,20 IBU,3.5
СТОЛИЦА МИРА (The Capital of The World),Bakunin Brewing Co.,Lager - IPL (India Pale Lager),5.2% ABV,25 IBU,3.75
Žatecký Gus Nefiltrovaný,Baltika Breweries (Балтика),Kellerbier / Zwickelbier,4.8% ABV,N/A IBU,2.5
Blanche Dè LION,Česky Lev (Чешский Лев),Wheat Beer - Witbier / Blanche,4.7% ABV,N/A IBU,3
Average Bear,XP Brew,Stout - Milk / Sweet,5% ABV,25 IBU,3.75
Stammgast Lager,Oettinger Brauerei,Lager - Helles,5% ABV,35 IBU,2.75
Zibert Bayern (Зіберт Баварське),Obolon (Оболонь),Lager - Pale,4.8% ABV,N/A IBU,2.25
Alder Soot,Valaduta Brovar,Smoked Beer,6% ABV,25 IBU,4
The Infinity Gauntlet,Midnight Project,Stout - Russian Imperial,13% ABV,50 IBU,4.5
Nautilus & Zeppelin,Rewort Brewery,Barleywine - Other,16% ABV,47 IBU,4.5
Macro Series: Berries Barrels Broken Beans,Jaws Brewery,Stout - Russian Imperial,9.4% ABV,40 IBU,4.75
Oatmeal Stout,Jaws Brewery,Stout - Oatmeal,5.2% ABV,23 IBU,3.75
Есенин,Česky Lev (Чешский Лев),Lager - Pale,4.5% ABV,N/A IBU,2.75
Sunflower,13 Litar,IPA - Imperial / Double,7.8% ABV,60 IBU,3.75
Greek Fire,Axiom Brewery,Stout - Russian Imperial,12.5% ABV,60 IBU,4.25
Cloudy St. Petersburg,Midnight Project,Pale Ale - New England / Hazy,3% ABV,N/A IBU,4.25
1664 Rosé,Kronenbourg Brewery,Wheat Beer - Fruited,4.5% ABV,15 IBU,3
LIDSKAE HARD EXOTIC LEMONADE,Lidskae Piva (Лідскае Піва),Shandy / Radler,4.6% ABV,N/A IBU,3.25
Motörhop,Sabotage,Porter - American,8% ABV,40 IBU,4.25
Ardrishaig,Plague Brew,Porter - Smoked,7.5% ABV,45 IBU,3.75
Muson: Manha I Ananas,Malanka,Sour - Fruited,5% ABV,N/A IBU,3.75
Lichamanka: Pahto,Malanka,IPA - Imperial / Double,8% ABV,100 IBU,4.5
I Need A Zero: Apple & Black Currant,Black Cat Zero,Non-Alcoholic - Sour,0.5% ABV,N/A IBU,3.75
Dark Lager,Чисто пивоварня,Lager - Dark,4.7% ABV,18 IBU,3.75
Pavaloka: Citra & Sabro,Malanka,IPA - Triple New England / Hazy,10% ABV,N/A IBU,4.5
Lichamanka: Galaxy,Malanka,IPA - Imperial / Double,7.6% ABV,80 IBU,4
Winston Pepper,LaBEERint Brewery,Stout - Russian Imperial,12.8% ABV,N/A IBU,4
Lagervar Weiss,Lakinsky Pivzavod (Лакинский Пивзавод),Wheat Beer - Other,4.7% ABV,N/A IBU,2.5
Lagervar Amber,Lakinsky Pivzavod (Лакинский Пивзавод),Lager - Amber / Red,5.2% ABV,N/A IBU,2.5
Just: Hefeweizen,Midnight Project,Wheat Beer - Hefeweizen,5.8% ABV,11 IBU,3.75
Baltika Cooler / Балтика Кулер,Baltika Breweries (Балтика),Lager - Pale,4.7% ABV,15 IBU,2.5
La Pénitence,Midnight Project,Belgian Dubbel,8.2% ABV,24 IBU,4.25
Rager: Cashmere,Valaduta Brovar,IPA - Imperial / Double,8.6% ABV,70 IBU,4
Bely Medved Zhivoy (Белый Медведь Живой),AB InBev Efes,Lager - Pale,4.5% ABV,N/A IBU,2
Currant Mood,Rewort Brewery,Sour - Fruited,5.8% ABV,13 IBU,3.75
Simple Dimple,Midnight Project,Pale Ale - New England / Hazy,3% ABV,N/A IBU,3.75
Nuage (50/50),Red Button Brewery,Sour - Smoothie / Pastry,6% ABV,N/A IBU,4.25
Just: American IPA,Midnight Project,IPA - American,5.5% ABV,45 IBU,4.25
Medusa In the Dark,Bierstaat,IPA - Black / Cascadian Dark Ale,6.8% ABV,40 IBU,4.25
Chaliera: Citra & Galaxy & Kohatu,Malanka,IPA - American,6% ABV,60 IBU,4.25
Пiва Градзiскае,Valaduta Brovar,Grodziskie / Grätzer,3.3% ABV,20 IBU,4
Зависимость Укропная,4BREWERS,Sour - Tomato / Vegetable Gose,4.5% ABV,N/A IBU,4.25
Lucha Fighter,4BREWERS,IPA - Rye,7.2% ABV,67 IBU,3.75
Double IPA / Hardcore Panda,Heartly Brewery,IPA - Imperial / Double,8.6% ABV,76 IBU,4
Weiss Berg Вишня,Bochkarevsky Pivovarenny Zavod (Бочкаревский Пивоваренный Завод),Wheat Beer - Fruited,4% ABV,N/A IBU,3
RAD-X,Hops Brewery,IPA - Imperial / Double,9% ABV,100 IBU,3.75
Milk Flow,Midnight Project,Stout - Imperial / Double Milk,9% ABV,25 IBU,4.25
Brauberg Original,Krinitsa (Криница),Lager - Pale,4% ABV,N/A IBU,2.75
Faxe Premium,Royal Unibrew,Lager - Pale,5% ABV,N/A IBU,2.75
Dnepro Svetloe (Днепро Светлое),Бобруйский бровар,Lager - Pale,4.1% ABV,N/A IBU,2.5
Kokosovy`j Ulyot (Кокосовый улёт),Pan Kachyn (Пан Качын),Mead - Melomel,5.1% ABV,N/A IBU,3.5
Beaver Craft - Красный Эль (Red Ale),BEAVER (Пивоваренная компания БИВЕР),Red Ale - Irish,5.2% ABV,N/A IBU,3.25
Petrus Cranberry Rosé,Brouwerij De Brabandere,Pale Ale - Fruited,5% ABV,N/A IBU,3.75
Smokie Doke (Extra Hot),Jungle Brewery,Chilli / Chile Beer,5.3% ABV,12 IBU,4
TIME IS UP,BIERBANK,IPA - American,6.5% ABV,50 IBU,4
Poklič: Dźmuchaŭcy,Malanka,Farmhouse Ale - Saison,6.9% ABV,N/A IBU,4.25
Birthday Batch For Cute Spontan,Midnight Project,Stout - Imperial / Double Pastry,11% ABV,40 IBU,4.5
Underground Ale,Gletcher Brewery (Глетчер),Bitter - Session / Ordinary,4.7% ABV,15 IBU,3.25
Duality: Lupulin Ekuanot & Medusa,Bierstaat,IPA - Imperial / Double,6.9% ABV,55 IBU,4
Mushroom Carousel,BIERBANK,Sour - Tomato / Vegetable Gose,4.1% ABV,7 IBU,4.25
Sweet Start of the Games,Midnight Project,IPA - Imperial / Double New England / Hazy,8.5% ABV,N/A IBU,4.5
Rising Sun,13 Litar,Lager - IPL (India Pale Lager),5.3% ABV,35 IBU,3.75
Mind In Motion,Jungle Brewery,Stout - Milk / Sweet,6.3% ABV,20 IBU,4
Атолла,Brewlok Brewery,Stout - Milk / Sweet,8.6% ABV,N/A IBU,4
Blackberry Blood,Zavod,Sour - Smoothie / Pastry,4.4% ABV,N/A IBU,4
Leffe Blonde / Blond,Abbaye de Leffe,Belgian Blonde,6.6% ABV,20 IBU,3.5
Surf In A Big City,Zagovor Brewery,Sour - Fruited,5% ABV,5 IBU,4
кухни мира: Таиланд,ALASKA brewery,Sour - Other Gose,5% ABV,N/A IBU,4.25
STRONG DADDY,BIERBANK,Strong Ale - Other,9.8% ABV,35 IBU,4
Похищение человеков инопланетянами,4BREWERS,IPA - White / Wheat,7.5% ABV,67 IBU,4.25
MANGO,Gorkovskaya Brewery (Горьковская пивоварня),Fruit Beer,5% ABV,8 IBU,2
Saule Dunkel,Valaduta Brovar,Wheat Beer - Dunkelweizen,5% ABV,10 IBU,3.5
Mičelada: Hrejpfrut & Habanera,Malanka,Sour - Tomato / Vegetable Gose,4% ABV,N/A IBU,4.5
Kukko Pils,Laitilan Wirvoitusjuomatehdas,Pilsner - Other,4.5% ABV,35 IBU,3.75
Divine Fog: Sabro,Midnight Project,Pale Ale - New England / Hazy,5.5% ABV,N/A IBU,4
СУДЬБА,4BREWERS,Stout - Imperial / Double,13% ABV,N/A IBU,4.75
After 6,Red Button Brewery,Stout - Milk / Sweet,6% ABV,N/A IBU,4
La Paloma,Rewort Brewery,Sour - Fruited Gose,6.2% ABV,N/A IBU,4.25
Full Tank,Big Village Brewery,IPA - Black / Cascadian Dark Ale,7% ABV,70 IBU,4
Imža: Parečka i miata,Malanka,Sour - Fruited Berliner Weisse,3.5% ABV,N/A IBU,4.25
Refresh.exe /Calamansi,Midnight Project,Sour - Fruited Gose,5.5% ABV,12 IBU,4
Just: Helles Lager,Midnight Project,Lager - Helles,4.5% ABV,12 IBU,4
Smokie Doke,Jungle Brewery,Sour - Other Gose,5.3% ABV,12 IBU,4
Silence & Ataraxy,Rewort Brewery,Stout - Russian Imperial,10% ABV,31 IBU,4.25
Black Werewolf,Hophead Brewery,IPA - Black / Cascadian Dark Ale,6.5% ABV,80 IBU,4
ETERNITY,13 Litar,Sour - Flanders Oud Bruin,6.8% ABV,N/A IBU,4.25
Inflection Point,Jungle Brewery,IPA - American,5.7% ABV,50 IBU,4
CRYO IPA. Dual Hop IDAHO GEM CITRA,Hops Brewery,IPA - American,6.6% ABV,45 IBU,4
Eibauer Dunkler Bock,Privatbrauerei Eibau,Bock - Single / Traditional,6.7% ABV,20 IBU,3.25
Hofbräu Original,Staatliches Hofbräuhaus München,Lager - Helles,5.1% ABV,24 IBU,3.5
Ocean Keeper,Valdsam Bjorn Brewery,Sour - Traditional Gose,6.5% ABV,10 IBU,3.75
Zbiten Po-Mozyrsky (Збитень По-Мозырски),Mozyrpivo (Мозырьпиво),Mead - Other,6.3% ABV,N/A IBU,3.25
Next To You,Jungle Brewery,IPA - American,6% ABV,55 IBU,3.75
Corona Extra,Grupo Modelo,Lager - Mexican,4.6% ABV,18 IBU,3
Bloody Mary V2.0,Zavod,Sour - Tomato / Vegetable Gose,4.2% ABV,7 IBU,3.5
Cherry Temptation,Hops Brewery,IPA - Imperial / Double Milkshake,6.9% ABV,25 IBU,3.5
BIERASCEISKI LAGER,13 Litar,Pilsner - Czech / Bohemian,4.3% ABV,20 IBU,3.5
Morak: Žytniovy,Malanka,Porter - Imperial / Double Baltic,11.3% ABV,N/A IBU,4.25
Planet TrES-2b,Midnight Project,Stout - Russian Imperial,13% ABV,55 IBU,4.5
Bohemian Pilsner,Gubernija Brewery,Pilsner - Czech / Bohemian,4.6% ABV,N/A IBU,3
Вялікая Вёска,Midnight Project,Belgian Quadrupel,12% ABV,30 IBU,4.25
Duality:Lupulin Amarilo & Idaho Gem,Bierstaat,IPA - Imperial / Double,6.9% ABV,55 IBU,4
Pancho Villa,Coma Brewery,Sour - Smoothie / Pastry,6.1% ABV,N/A IBU,4.25
Ananas-Ha! Dry Edition (Ананас-Ха! Cуха Эдыцыя),Pan Kachyn (Пан Качын),Mead - Melomel,7.2% ABV,N/A IBU,3.75
Inspiration,Valaduta Brovar,IPA - American,6% ABV,40 IBU,4
Lighthouse,13 Litar,IPA - Session,4.9% ABV,35 IBU,4.25
Lava Run,Rewort Brewery,Sour - Tomato / Vegetable Gose,6.3% ABV,N/A IBU,4.25
Лунная Нефть,Sabotage,Stout - Imperial / Double,8% ABV,25 IBU,4
J Pils,Jungle Brewery,Pilsner - Czech / Bohemian,4.9% ABV,35 IBU,4
Mild,Malanka,Mild - Dark,3.8% ABV,22 IBU,3.75
Weizen,Brewmen,Wheat Beer - Hefeweizen,4.7% ABV,7 IBU,3.5
Hop Headshot: Pahto,Midnight Project,IPA - Triple,11% ABV,111 IBU,4.25
Idol,Robim Good Brewery,IPA - American,6.6% ABV,62 IBU,3.75
Stammgast Gold Alkoholfrei,Feldschlößchen Dresden,Non-Alcoholic - Lager,0.5% ABV,N/A IBU,2.75
Single Hop Player: Idaho7,Midnight Project,IPA - American,7% ABV,50 IBU,4
Working Class Hero: Loral,13 Litar,Porter - English,5.6% ABV,25 IBU,4.25
České Ezék,Varnitsa (Варница),Lager - Pale,4.7% ABV,N/A IBU,2.5
Blasphemy,Valaduta Brovar,Barleywine - English,14% ABV,70 IBU,4.5
"Sour Morning: Mango, Lime, Melon",Carousel Brewery,Sour - Smoothie / Pastry,5% ABV,6 IBU,4.25
Mlosć: Loral,Malanka,Pale Ale - American,5.3% ABV,50 IBU,4.25
ORIGINAL PIRATE MATERIAL,Bakunin Brewing Co.,Lager - Helles,4.8% ABV,22 IBU,3.75
Zavieja: Mosaic & Simcoe,Malanka,IPA - Imperial / Double New England / Hazy,7.6% ABV,N/A IBU,4.25
Mroiva: Nelson Sauvin & Motueka & Mosaic,Malanka,IPA - Session,3.8% ABV,N/A IBU,4
Mitrenha: Cashmere & Mosaic,Malanka,IPA - Imperial / Double,7.6% ABV,80 IBU,4
Aloha,Bierstaat,Stout - Milk / Sweet,6.5% ABV,16 IBU,4
Eibauer Zwick'l Dunkel,Privatbrauerei Eibau,Kellerbier / Zwickelbier,6.7% ABV,N/A IBU,3.5
Wake Up! Sitiva,Bierstaat,IPA - American,6.8% ABV,40 IBU,4
West Wave: Centennial & Chinook,Midnight Project,IPA - American,6.5% ABV,50 IBU,4.25
Rank: Amarillo,Midnight Project,IPA - Imperial / Double,8.5% ABV,70 IBU,4.25
Hobbits Hole,LaBEERint Brewery,Pale Ale - New Zealand,5% ABV,50 IBU,3.5
Suburban Poison,Jungle Brewery,Belgian Strong Dark Ale,10% ABV,30 IBU,4.25
Telenn Du,Brasserie Lancelot,Specialty Grain,4.5% ABV,20 IBU,3.75
Blanche Hermine,Brasserie Lancelot,Wheat Beer - Witbier / Blanche,4% ABV,15 IBU,3.5
Leixlip (Лейкслип),Brauning Bier (Браунинг Бир),Stout - Irish Dry,6% ABV,23 IBU,3.5
Rager: Nelson Sauvin,Valaduta Brovar,IPA - Imperial / Double,8% ABV,70 IBU,4.25
Abšar: Simcoe,Malanka,IPA - White / Wheat,7.5% ABV,N/A IBU,4.25
Funky Tonka,Time Bomb Brewery,Stout - Russian Imperial,10% ABV,45 IBU,4
Infusion,13 Litar,IPA - American,6.2% ABV,45 IBU,4
Landscape,13 Litar,IPA - Session,5% ABV,40 IBU,3.75
Brownwood,13 Litar,Brown Ale - American,5% ABV,30 IBU,4
Makariy Marochnoe (Макарий Марочное),Pivovarenny Zavod Lyskovsky (Пивоваренный Завод Лысковский),Lager - Pale,4.5% ABV,N/A IBU,1.75
Sovpivo (Совпиво),Pivovarenny Zavod Lyskovsky (Пивоваренный Завод Лысковский),Lager - Pale,4% ABV,N/A IBU,2
So Much Caffeine: Lamdong,Bierstaat,Stout - Coffee,6.8% ABV,16 IBU,4.25
Maple Giant,Plague Brew,Stout - Imperial / Double Milk,10% ABV,N/A IBU,4
Полоцкое Золотистое Люкс,Polotskoe Pivo (Полоцкое Пиво),Lager - Pale,4.7% ABV,N/A IBU,2.75
Luna Park: Mango+Melon,Пивоварня Одна тонна / Odna Tonna Brewery,Mead - Other,7% ABV,N/A IBU,4
Robim Good DARLING,Robim Good Brewery,Lager - Dark,4.7% ABV,8 IBU,3.25
Drunken Parrot,Salden's Brewery,IPA - Black / Cascadian Dark Ale,7.5% ABV,85 IBU,4
Istina,Robim Good Brewery,IPA - American,5.7% ABV,40 IBU,3.75
Oatish (Bourbon Vanilla),Red Button Brewery,Stout - Oatmeal,6% ABV,N/A IBU,4
Poklič: Saaz,Malanka,Farmhouse Ale - Saison,6% ABV,N/A IBU,4
Baltika #7 Export / Балтика #7 Экспортное,Baltika Breweries (Балтика),Lager - Dortmunder / Export,5.4% ABV,12 IBU,3.5
Белый Волк (Bely Volk),Бобруйский бровар,Lager - Pale,4.3% ABV,N/A IBU,2.5
Ортодокс Портер,Пивоварня Ортодокс,Porter - English,4.8% ABV,15 IBU,3.75
Zuppa Del Duca,Rewort Brewery,Stout - Other,6.9% ABV,14 IBU,4
Prozess,Zagovor Brewery,IPA - New England / Hazy,6.5% ABV,30 IBU,4.5
Stangen Weiss Bier,Reepbana,Wheat Beer - Hefeweizen,4.9% ABV,12 IBU,3.25
XII Flemish Red Ale,Sosab - Sour Ale Brewery,Sour - Flanders Red Ale,5.2% ABV,8 IBU,4
MANGO HAZY IPA,Hops Brewery,IPA - New England / Hazy,6.6% ABV,30 IBU,4
Багемскае цемнае,Прамень,Lager - Dark,5% ABV,12 IBU,3.5
MOON TUNE,Bakunin Brewing Co.,Porter - Other,6.9% ABV,10 IBU,4
Питерский Олдскул: Say 26,Midnight Project,Lager - Helles,4.8% ABV,15 IBU,4
На велосипеде,Brewlok Brewery,Sour - Fruited,8.6% ABV,N/A IBU,3.75
Wheat Night Sky And Butterflies,Midnight Project,Wheat Beer - American Pale Wheat,6.5% ABV,35 IBU,4.25
Imhla: Motueka,Malanka,IPA - New England / Hazy,6.5% ABV,N/A IBU,4.25
Folky,Red Button Brewery,Sour - Smoothie / Pastry,6% ABV,N/A IBU,4
Berliner Geschichte Schwarzbier,Privatbrauerei Eibau,Schwarzbier,4.5% ABV,20 IBU,3
Reserve,Feldschlößchen Dresden,Lager - Dortmunder / Export,5.2% ABV,18 IBU,3
White Rock,Бiiрландзiя (Биирландзия),Wheat Beer - American Pale Wheat,5.5% ABV,22 IBU,3.5
New Identity,Jungle Brewery,IPA - New England / Hazy,6.3% ABV,40 IBU,4.5
Mitrenha: Citra & Mosaic & Simcoe,Malanka,IPA - Imperial / Double,7.6% ABV,80 IBU,4.25
Bad Beat: Simcoe & Mosaic,Midnight Project,IPA - Imperial / Double,8.5% ABV,70 IBU,4.25
Spring Pilsner: Evergreen,Bierstaat,Pilsner - Other,5% ABV,25 IBU,3.75
Soft To Hard,Jungle Brewery,IPA - Imperial / Double,8% ABV,80 IBU,4
Вока Лондана,Прамень,Brown Ale - English,6.5% ABV,16 IBU,3.75
Seth & Riley’s Garage Hardcore Grapefruit,Baltika Breweries (Балтика),Shandy / Radler,6% ABV,N/A IBU,3
Бочкове (Bochkove),Перша Приватна Броварня (Persha Pryvatna Brovarnya),Lager - Pale,4.8% ABV,11 IBU,3
Seth & Riley’s Garage Hardcore Pineapple,Baltika Breweries (Балтика),Shandy / Radler,6% ABV,N/A IBU,2.5
Broeksel,Brouwerij Martens,Lager - Pale,5% ABV,N/A IBU,2.75
Мякоть Банан/Гуава/Малина,Panzer Brewery,Sour - Smoothie / Pastry,6% ABV,12 IBU,3.75
Гранат,Česky Lev (Чешский Лев),Fruit Beer,5.2% ABV,N/A IBU,2.75
Bierstaat,Bierstaat,Kellerbier / Zwickelbier,4.8% ABV,N/A IBU,3.75
BUGGEL Weiss | Вайсс,Ростовский Пивоваренный завод Солнечный,Wheat Beer - Other,4.7% ABV,N/A IBU,2.5
Imperial Pride,Brestskoe Pivo (Брестское Пиво),Lager - Helles,5% ABV,N/A IBU,2.5
CRYO IPA. Single Hop GALAXY,Hops Brewery,IPA - American,6.6% ABV,45 IBU,4
Haus In Schwarz (Хаус Ин Шварц),Brauning Bier (Браунинг Бир),Schwarzbier,5% ABV,18 IBU,3.75
Insomnia,Rewort Brewery,Stout - Russian Imperial,8.6% ABV,34 IBU,4
Saĺsa: Adžyka,Malanka,Sour - Other Gose,4% ABV,N/A IBU,4.25
Pražačka,Tradiční pivovar v Rakovníku,Lager - Světlé (Czech Pale),4% ABV,23 IBU,3.25
Brewtality,Midnight Project,Stout - Imperial / Double,12.5% ABV,55 IBU,4.5
Banana Smoothie,Zavod,Fruit Beer,4% ABV,N/A IBU,3.5
Stangen IPA,Reepbana,IPA - Other,5% ABV,45 IBU,3.5
Stangen Schwarz Bier,Reepbana,Schwarzbier,4.9% ABV,19 IBU,3.25
Ureich Hefeweizen Hell,Privatbrauerei Eichbaum,Wheat Beer - Hefeweizen,5.2% ABV,13 IBU,3.25
Смага Бельгийская,Hops Brewery,Wheat Beer - Witbier / Blanche,4.8% ABV,15 IBU,3.5
Сибирская тьма,Brewlok Brewery,Stout - Milk / Sweet,8.6% ABV,N/A IBU,4
Don't Ask Me Why,Jungle Brewery,IPA - Imperial / Double New England / Hazy,9% ABV,50 IBU,4.25
Candyman! Candyman! Candyman! Candyman! Candyman!,AF Brew,Stout - Imperial / Double Pastry,10% ABV,30 IBU,4.25
Together As One: 13 Sins,Carousel Brewery,IPA - American,6.5% ABV,60 IBU,4
Batyushka WBA,Plan B Brewery,Stout - Russian Imperial,14% ABV,30 IBU,4.25
Oettinger Schwarzbier,Oettinger Brauerei,Schwarzbier,4.9% ABV,N/A IBU,3.5
Ureich Premium Lager,Privatbrauerei Eichbaum,Lager - Pale,4.8% ABV,N/A IBU,2.5
Hop Headshot: Mosaic,Midnight Project,IPA - Triple,11% ABV,111 IBU,4.25
SVOI American Porter,Пивоварня Ортодокс,Porter - American,6.9% ABV,27 IBU,3.75
Vietraź: Čorny lajm i kardamon,Malanka,Wheat Beer - Witbier / Blanche,5.3% ABV,N/A IBU,4
Tropical Paradise,Valaduta Brovar,IPA - American,6% ABV,35 IBU,4
Chaliera: Medusa,Malanka,IPA - American,6% ABV,50 IBU,4
LIDSKAE Ideal Royal (ЛIДСКАЕ Iдэал Раял),Lidskae Piva (Лідскае Піва),Blonde / Golden Ale - Other,5% ABV,10 IBU,3.5
Bistrampolio Weissbier Pale  Beer,Aukštaitijos Bravorai,Wheat Beer - Other,4.6% ABV,12 IBU,3
BIERAŠCIEJSKI WEIZEN,13 Litar,Wheat Beer - Hefeweizen,4.6% ABV,20 IBU,3.75
Viliya «Pils»,"ИУП ""Косвик"" Viliya Brewery",Pilsner - German,5.2% ABV,N/A IBU,3.75
Viliya «Weissbier»,"ИУП ""Косвик"" Viliya Brewery",Wheat Beer - Hefeweizen,5% ABV,N/A IBU,3.75
Viliya «Helles»,"ИУП ""Косвик"" Viliya Brewery",Lager - Helles,5.2% ABV,N/A IBU,3.5
Viliya «Dunkel»,"ИУП ""Косвик"" Viliya Brewery",Lager - Munich Dunkel,5.2% ABV,N/A IBU,3.25
Viliya «Golden Ale»,"ИУП ""Косвик"" Viliya Brewery",Blonde / Golden Ale - Other,5% ABV,N/A IBU,3.75
Dimension,13 Litar,IPA - American,6.5% ABV,45 IBU,4
Higher Sense,Jungle Brewery,IPA - New England / Hazy,6.7% ABV,40 IBU,4.25
Night Walker,Jungle Brewery,Stout - Imperial / Double Coffee,10% ABV,50 IBU,4.25
Empathy,13 Litar,IPA - Imperial / Double Black,7.6% ABV,70 IBU,4.5
Метэор,Прамень,Stout - Oatmeal,6.3% ABV,15 IBU,4.5
Starovar English Porter,Коломенская Пивоварня,Porter - English,6.7% ABV,20 IBU,3.5
Vampire Juice,Coma Brewery,Sour - Smoothie / Pastry,5.7% ABV,N/A IBU,4.25
CHimangovuha (Чиманговуха),Pan Kachyn (Пан Качын),Mead - Melomel,5.7% ABV,N/A IBU,4
MOON LIGHT,Valdsam Bjorn Brewery,Stout - American,5% ABV,30 IBU,3.75
Dun Briste (Дан Брист),Brauning Bier (Браунинг Бир),Red Ale - Irish,5.4% ABV,25 IBU,3.5
Spice Vendor,Selfmade Brewery,Spiced / Herbed Beer,6.4% ABV,10 IBU,4
Депрессия,Hophead Brewery,Stout - Imperial / Double,11.5% ABV,30 IBU,4
Lichamanka: Hallertau Blanc,Malanka,IPA - Imperial / Double,7.6% ABV,80 IBU,4.5
Ирландский Эль (Irish Ale),Zavod Trekhsosensky (Завод Трехсосенский),Red Ale - Irish,4.9% ABV,N/A IBU,2.5
Single Hop Player: Mosaic,Midnight Project,IPA - American,7% ABV,50 IBU,4.25
Smuha: Simcoe,Malanka,IPA - Imperial / Double New England / Hazy,7.6% ABV,N/A IBU,4.25
Shorthair Wisdom,Midnight Project,IPA - New England / Hazy,7% ABV,N/A IBU,4
Пылающая Дичь,Atmosphere Brewery,Chilli / Chile Beer,6.9% ABV,10 IBU,3.75
Łomża Jasne,Browar Łomża,Lager - Pale,5.7% ABV,N/A IBU,3
Pantheon,Selfmade Brewery,Barleywine - Other,13.6% ABV,57 IBU,4
Квадратура круга,Brewmen,Pilsner - Other,5.2% ABV,20 IBU,3.75
Diest (Дист),Brauning Bier (Браунинг Бир),IPA - Belgian,7.5% ABV,55 IBU,3.75
Rager: Wakatu,Valaduta Brovar,IPA - Imperial / Double,8% ABV,70 IBU,4.25
"Casual: Azacca, Citra Cryo, Mosaic Cryo",Carousel Brewery,IPA - American,5.8% ABV,70 IBU,3.75
S.P.I.N.,Malanka,IPA - Imperial / Double New England / Hazy,7.6% ABV,N/A IBU,4.25
Brewers Gold (Landbier),Warsteiner,Kellerbier / Zwickelbier,5.2% ABV,12 IBU,3.25
PILS,Konix Brewery,Pilsner - Czech / Bohemian,5% ABV,32 IBU,3
Рижское,Afanasy | Афанасий,Lager - Pale,4.1% ABV,N/A IBU,3
Durak из бочки,Jaws Brewery,Porter - Imperial / Double,10.7% ABV,46 IBU,4.5
Negroni,Zavod,Hard Seltzer,9% ABV,N/A IBU,3
Comedy of Masks,Selfmade Brewery,Sour - Smoothie / Pastry,6.9% ABV,15 IBU,3.75
Žalia Balta,Utenos Alus,Lager - Pale,5% ABV,N/A IBU,2.5
Sequoia  IPA,Bierstaat,IPA - American,6.8% ABV,40 IBU,3.75
TOOK A WILD `21,Bakunin Brewing Co.,Sour - Other,6.7% ABV,N/A IBU,4
ВAСИЛЕОСТРОВСКОЕ тёмный ржаной лагер / VASILEOSTROVSKOE Dark Rye Lager,Vasileostrovskaya Brewery (Василеостровская Пивоварня),Rye Beer,5.8% ABV,15 IBU,3.25
Rollin,Bakunin Brewing Co.,Stout - Other,6.9% ABV,25 IBU,4
Pošasć: Simcoe,Malanka,IPA - Quadruple,12% ABV,110 IBU,4.25
Everyone Is A Copy of A Copy of A Copy,Carousel Brewery,IPA - Triple,10% ABV,85 IBU,4.25
Trinity,13 Litar,IPA - Triple,9.4% ABV,70 IBU,4.25
Burn Masha,Zavod,Chilli / Chile Beer,6.9% ABV,8 IBU,4.25
Worked Up,13 Litar,Porter - Other,7.4% ABV,20 IBU,4.25
Californian IPA,Staromestny Pivovar (Староместный Пивовар),IPA - American,5.5% ABV,40 IBU,3.75
Vytenis,Carousel Brewery,Stout - Imperial / Double,9.2% ABV,N/A IBU,4.25
Tomato Soul,Brewmen,Sour - Tomato / Vegetable Gose,4.5% ABV,5 IBU,4
Weizen Blanche,Feldschlösschen,Wheat Beer - Witbier / Blanche,5.2% ABV,12 IBU,3.5
Smuha: Idaho 7,Malanka,IPA - Imperial / Double New England / Hazy,7.6% ABV,N/A IBU,4.25
Kitty's Secret,Midnight Project,IPA - Imperial / Double New England / Hazy,8.5% ABV,N/A IBU,4.25
Dark Spin: Coffee,Carousel Brewery,Stout - Coffee,6.9% ABV,14 IBU,4.25
Equilibrium,Bierstaat,IPA - Imperial / Double,6.9% ABV,55 IBU,4
CRYO IPA. Dual Hop El Dorado Loral,Hops Brewery,IPA - American,6.6% ABV,45 IBU,3.75
Warsteiner Light Pilsener,Lidskae Piva (Лідскае Піва),Pilsner - German,4.2% ABV,20 IBU,3
Horn Disel Tamsusis,Volfas Engelman,Lager - Dark,6% ABV,N/A IBU,3.25
Lager,Arbat (Арбат),Lager - Pale,5.4% ABV,N/A IBU,3.5
Maisel's Weisse Kristall,Brauerei Gebr. Maisel,Wheat Beer - Kristallweizen,5% ABV,11 IBU,3.5
American Pale Ale,Gorkovskaya Brewery (Горьковская пивоварня),Pale Ale - American,5.5% ABV,40 IBU,3.25
Cynic / Red Edition,Jaws Brewery,Sour - Flanders Oud Bruin,5.5% ABV,7 IBU,4.25
Decontrol: Cinnamon Brownie,Zagovor Brewery,Porter - Imperial / Double,11% ABV,N/A IBU,4.5
HedgeHog in The Fog. Sabro Amarillo,Hops Brewery,IPA - New England / Hazy,6.6% ABV,10 IBU,3.75
Rank: HBC 630,Midnight Project,IPA - Imperial / Double,8.5% ABV,65 IBU,4
Dilemma,Midnight Project,Porter - Imperial / Double Baltic,10% ABV,40 IBU,4.5
Weekend,Robim Good Brewery,Wheat Beer - Hefeweizen Light / Leicht,4.5% ABV,5 IBU,3.25
Lion,Robim Good Brewery,Lager - IPL (India Pale Lager),4.5% ABV,21 IBU,3
Patrick Hops,Hops Brewery,IPA - American,5.8% ABV,45 IBU,3.75
CRYO IPA.Dual Hop Citra Mosaic,Hops Brewery,IPA - American,6.6% ABV,45 IBU,3.75
Damn Fine Stout,Selfmade Brewery,Stout - Imperial / Double Coffee,10% ABV,62 IBU,4.75
Viliya «Irish Stout»,"ИУП ""Косвик"" Viliya Brewery",Stout - Irish Dry,5% ABV,N/A IBU,3.5
Tuman: Sabro,Malanka,IPA - Quadruple,11.4% ABV,N/A IBU,4
Assimilation: Loral + Ekuanot,13 Litar,IPA - Imperial / Double,8.1% ABV,75 IBU,4.25
Lebenbach Premium,Podkováň,Lager - Pale,5% ABV,N/A IBU,3
Rhapsody In Black,Rewort Brewery,Stout - Other,6.9% ABV,20 IBU,4.25
Karol Jan Sparkling Pineapple,Пивоваренная компания «Аливария» (Alivaria Brewery),Fruit Beer,5.6% ABV,10 IBU,3
Canis Lupus,Vilniaus Alus,Lager - Pale,4.6% ABV,N/A IBU,3
Darkwood,13 Litar,Brown Ale - English,6.7% ABV,30 IBU,4.25
Смага Берлинская,Hops Brewery,Wheat Beer - Dunkelweizen,5.4% ABV,10 IBU,3.5
Murder IPA Birthday Edition,AF Brew,IPA - Triple,10% ABV,200 IBU,3.75
Devil's Tongue,Selfmade Brewery,Sour - Tomato / Vegetable Gose,6% ABV,10 IBU,3.75
Your Quintuple Symbiote Juice,Midnight Project,Sour - Fruited,13% ABV,10 IBU,4.25
HYPERBOLOID,Big Village Brewery,IPA - Triple,10% ABV,90 IBU,4.25
Ocean of Storms,Zagovor Brewery,IPA - New England / Hazy,6% ABV,25 IBU,4
Space Diver,Rewort Brewery,Stout - Russian Imperial,11.1% ABV,41 IBU,4
Single Hop Player: Citra,Midnight Project,IPA - American,7% ABV,50 IBU,4
Frühlingsnacht,SCREW Brewery,Stout - Imperial / Double,8% ABV,30 IBU,4.25
Left Future Myth,Red Button Brewery,Sour - Smoothie / Pastry,6% ABV,N/A IBU,4
Уже,Brewlok Brewery,IPA - New England / Hazy,5.4% ABV,N/A IBU,3.75
India Pale Ale,Gorkovskaya Brewery (Горьковская пивоварня),IPA - American,5.9% ABV,55 IBU,3
Доза [Mango + Strawberry],4BREWERS,Sour - Smoothie / Pastry,6% ABV,N/A IBU,4.5
Too Fit To Quit,DIETA / ДИЕТА,Stout - Russian Imperial,12.3% ABV,N/A IBU,4
Scotty West Wheat Beer,A. Le Coq,Wheat Beer - Other,5% ABV,N/A IBU,3
Scotty West Dark Lager,Cēsu Alus,Lager - Dark,5% ABV,N/A IBU,2.75
Imhla: Strata,Malanka,IPA - New England / Hazy,6.5% ABV,N/A IBU,4
SNARLING DOG,Mad Frog Brewery,Stout - Imperial / Double,7.2% ABV,N/A IBU,4
Oettinger Hefeweißbier Naturtrüb / Weissbier,Oettinger Brauerei,Wheat Beer - Hefeweizen,4.9% ABV,11 IBU,3.25
Bekker Svetloe (Беккер Светлое),Беккер-Систем,Lager - Pale,4.9% ABV,20 IBU,3.5
HOPMEISTER Weizen,KBREW | Пивоварня в Кожевниково,Wheat Beer - Hefeweizen,4.2% ABV,N/A IBU,3.5
The People United Will Never Be Defeated,Jungle Brewery,IPA - New England / Hazy,5.6% ABV,55 IBU,4.25
Back To Basics,13 Litar,IPA - American,6.4% ABV,45 IBU,4
Shadow,Bierstaat,Smoked Beer,6.7% ABV,23 IBU,4.5
Большой медведь,Brestskoe Pivo (Брестское Пиво),Lager - Pale,5.2% ABV,N/A IBU,2.5
Holland Crown Wit / Blanche Unfiltered,H-West B.V.,Wheat Beer - Witbier / Blanche,5% ABV,N/A IBU,2.25
Drumstas Nefiltruotas,Rinkuškiai,Lager - Pale,5.2% ABV,N/A IBU,3.25
"Белка, я люблю тебя!",Pivot Point,Porter - Other,6.5% ABV,20 IBU,3.75
Into the Shadow,Rewort Brewery,Stout - Russian Imperial,10.4% ABV,45 IBU,4.5
Honey Puzzle,BIERBANK,Honey Beer,5.4% ABV,20 IBU,3.5
Milkshake IPA Pineapple&Vanilla,BIERBANK,IPA - Milkshake,6.2% ABV,25 IBU,3.75
Ghetto Dub,Jungle Brewery,IPA - New Zealand,5.5% ABV,50 IBU,4.25
København (Копенгаген),Brauning Bier (Браунинг Бир),Porter - Baltic,8.4% ABV,25 IBU,3.75
Палитра #1 Pineapple & Guava,Brewlok Brewery,IPA - Milkshake,6.8% ABV,N/A IBU,3.75
Отличный урожай / I.P.A. Fu..ing Perfect Harvest,Пивоварня Одна тонна / Odna Tonna Brewery,IPA - American,6% ABV,75 IBU,3.75
Introvert,Robim Good Brewery,IPA - American,5.2% ABV,40 IBU,3.25
Sequoia Trail,Zagovor Brewery,IPA - American,6% ABV,55 IBU,3.75
Нехороший лес,Brewlok Brewery,IPA - Imperial / Double Black,8.6% ABV,N/A IBU,4
Senojo Vilniaus Stiprusis,Vilniaus Alus,Lager - Strong,6.8% ABV,14 IBU,3.25
Boggart's Breakfast,Bierstaat,Stout - Oatmeal,6.6% ABV,17 IBU,3.75
MEOW,Бiiрландзiя (Биирландзия),Stout - Milk / Sweet,6.5% ABV,35 IBU,3.75
DARKNESS,Bierstaat,IPA - Black / Cascadian Dark Ale,6.8% ABV,40 IBU,4.25
Zombie DIPA,Atmosphere Brewery,IPA - Imperial / Double,8.5% ABV,80 IBU,3.75
RED MANIAC,Bakunin Brewing Co.,Chilli / Chile Beer,6.8% ABV,70 IBU,3.75
God Jammit,Rewort Brewery,Sour - Smoothie / Pastry,5.8% ABV,6 IBU,4.25
Zona Tropica,Valaduta Brovar,IPA - American,6% ABV,45 IBU,4
Chameleon,Rewort Brewery,IPA - Sour,6.9% ABV,33 IBU,4
Pilsner,Malanka,Pilsner - German,4.8% ABV,35 IBU,4
Доза  [Apple + Pear + Goosberry + Vanilla],4BREWERS,Sour - Smoothie / Pastry,6.9% ABV,N/A IBU,4.25
Zavieja: Citra & Mosaic,Malanka,IPA - Imperial / Double New England / Hazy,7.8% ABV,N/A IBU,4.25
Mičelada: Apieĺsin & Habanera,Malanka,Sour - Tomato / Vegetable Gose,4% ABV,N/A IBU,4.75
Hot Wax,Zagovor Brewery,IPA - Imperial / Double New England / Hazy,8% ABV,40 IBU,4.25
Борщ,Hophead Brewery,Sour - Other Gose,6% ABV,5 IBU,4.25
Yeti,Great Divide Brewing Company,Stout - Imperial / Double,9.5% ABV,75 IBU,4.25
Kvietinis,Vilniaus Alus,Wheat Beer - Hefeweizen Light / Leicht,5% ABV,N/A IBU,3.75
Nuclear Laundry (Атомная Прачечная) Black IPA,Jaws Brewery,IPA - Black / Cascadian Dark Ale,7.2% ABV,101 IBU,4.25
Single Hop Player: Talus,Midnight Project,IPA - American,7% ABV,50 IBU,4
Rager: Sabro,Valaduta Brovar,IPA - Imperial / Double,8% ABV,70 IBU,4.25
Dissonance,13 Litar,Porter - American,6.8% ABV,20 IBU,4.25
Barley Winegradoff,Midnight Project,Barleywine - English,13.5% ABV,50 IBU,4.25
REDSKIN,Hops Brewery,IPA - American,7.2% ABV,40 IBU,4.25
AEROSTAT,BIERBANK,Strong Ale - American,9.5% ABV,40 IBU,4.25
What Is Loral?..,13 Litar,IPA - Imperial / Double,8% ABV,65 IBU,4
Breakfast Algorithm,Zagovor Brewery,Stout - Imperial / Double Pastry,13.5% ABV,N/A IBU,4.5
Fluffy Smoosh: Guava & Blueberry,Black Cat Brewery,Sour - Smoothie / Pastry,5% ABV,N/A IBU,4
MEMORIES,13 Litar,Stout - Milk / Sweet,7% ABV,25 IBU,4.25
ANYWEISSE,Bakunin Brewing Co.,Wheat Beer - Hefeweizen,4.7% ABV,7 IBU,3.5
CzechBrau Tmavy Lezak,United Breweries,Lager - Tmavé (Czech Dark),4.8% ABV,N/A IBU,3
Don’t Look Up,Midnight Project,Stout - Imperial / Double Pastry,11% ABV,40 IBU,4.25
My Chemistry: Passionfruit,Mad Frog Brewery,Sour - Fruited,4.2% ABV,N/A IBU,4.25
Mimic Chest,Selfmade Brewery,Stout - Milk / Sweet,6.9% ABV,22 IBU,4
Шард,Прамень,Brown Ale - English,6.2% ABV,15 IBU,3.75
Laitilan Tumma Savu,Laitilan Wirvoitusjuomatehdas,Smoked Beer,5.3% ABV,25 IBU,3.5
Abšar: Citra & Mosaic,Malanka,IPA - White / Wheat,8% ABV,N/A IBU,4.25
Great Smog,Zavod,Sour - Other Gose,4.2% ABV,N/A IBU,4
Kozel Premium Lager / Kozel 11,Pivovar Velké Popovice,Pilsner - Czech / Bohemian,4.6% ABV,25 IBU,3
Nebula,Valaduta Brovar,Stout - Imperial / Double,8% ABV,15 IBU,4
Milk of Amnesia V. Tropic Milkshake IPA,Gletcher Brewery (Глетчер),IPA - Milkshake,5.5% ABV,35 IBU,3.75
SLOW & TRVE: DDH+Lupulin Powder,Zagovor Brewery,Pale Ale - New England / Hazy,4.8% ABV,35 IBU,4
Мжаве комбосто (მჟავე კომბოსტო),Hophead Brewery,Sour - Tomato / Vegetable Gose,6% ABV,5 IBU,4.25
Two Tickets In the First Row,4BREWERS,Stout - Imperial / Double Pastry,10% ABV,N/A IBU,4.25
Vortex of Creation,Mantra,Stout - Russian Imperial,13% ABV,40 IBU,4.25
Shoot Out,Jungle Brewery,IPA - Imperial / Double,8.1% ABV,100 IBU,4.25
Kogge,Velka Morava,Porter - Imperial / Double Baltic,9.3% ABV,N/A IBU,3.75
Antares'22,Velka Morava,Stout - Russian Imperial,10% ABV,N/A IBU,4.25
Arcade IPA,Bierstaat,IPA - Session,6.4% ABV,30 IBU,3.5
Jimbo,Brewlok Brewery,IPA - Milkshake,6.9% ABV,40 IBU,4
Whisky Barrel Aged Suburban Poison,Jungle Brewery,Belgian Strong Dark Ale,10% ABV,30 IBU,4.5
SPLURGE,Red Button Brewery,Sour - Smoothie / Pastry,7% ABV,N/A IBU,4.5
Basement Vibes,Red Rocket Brewery,Stout - Imperial / Double Oatmeal,8% ABV,N/A IBU,4.25
Grillz,COUP,IPA - Brut,6.7% ABV,15 IBU,4
M81,Taler (Талер),IPA - Imperial / Double,6.9% ABV,70 IBU,3.75
Пивная карта. Sabro IPA,Krinitsa (Криница),IPA - Other,6% ABV,N/A IBU,3.75
Крылья доблести,Rewort Brewery,Sour - Fruited,6.9% ABV,11 IBU,4
FRESH OIL,OSTROVICA,IPA - Imperial / Double,8% ABV,50 IBU,4.25
Chocolate & Orange Stout,Salden's Brewery,Stout - Imperial / Double Milk,6.5% ABV,N/A IBU,4
Fraser (Фрейзер),Brauning Bier (Браунинг Бир),IPA - New England / Hazy,6.9% ABV,40 IBU,3.75
Смага Пражская,Hops Brewery,Pilsner - Czech / Bohemian,4.8% ABV,30 IBU,3.5
Hefeweizen / Pale Wheat,Feldschlößchen Dresden,Wheat Beer - Hefeweizen,5% ABV,N/A IBU,3
Зло Умрёт,Punchiller,Pale Ale - American,5% ABV,50 IBU,4
Disco 80s,Bierstaat,Lager - American Amber / Red,6.5% ABV,17 IBU,3.5
Happinezz,Rewort Brewery,IPA - Imperial / Double,8.4% ABV,33 IBU,4.25
Tonka Overdose,Midnight Project,Stout - Imperial / Double Pastry,11% ABV,40 IBU,4.5
Адская Пляска,Brewlok Brewery,IPA - Imperial / Double Black,8.6% ABV,22 IBU,4
Coco Loco,Zavod,Stout - Imperial / Double,8.5% ABV,30 IBU,4
Medusa White IPA,Balance Brewery,IPA - White / Wheat,6.5% ABV,45 IBU,3.75
Mlosć: Citra,Malanka,Pale Ale - American,5.3% ABV,50 IBU,4
Saĺsa: Naga & Bonnet & Habanero,Malanka,Sour - Tomato / Vegetable Gose,4% ABV,N/A IBU,4
Признание / Confession,Coma Brewery,Sour - Smoothie / Pastry,5.7% ABV,N/A IBU,4.25
Black Soul,13 Litar,Stout - American,7.5% ABV,30 IBU,4
Trasca: Enigma,Malanka,IPA - Triple,10% ABV,90 IBU,4.25
Pavaloka: HBC 472,Malanka,IPA - Triple New England / Hazy,11.2% ABV,N/A IBU,4
Eclipse,13 Litar,IPA - American,6.3% ABV,55 IBU,4
Cascade One Love,Jungle Brewery,IPA - Session,5% ABV,40 IBU,4
Эльдарада,Прамень,IPA - American,6.4% ABV,43 IBU,3.75
Amberland,13 Litar,Red Ale - American Amber / Red,6.7% ABV,30 IBU,3.75
Leader,Robim Good Brewery,Lager - Pale,5.5% ABV,19 IBU,3
Champ De Fleurs,Midnight Project,Farmhouse Ale - Saison,7.6% ABV,35 IBU,4.25
Fleg,Red Button Brewery,Porter - Smoked,6.5% ABV,15 IBU,4
KRAMPUS,FFF BREW,Stout - Imperial / Double,11% ABV,N/A IBU,4
FLUORENCE,Big Village Brewery,IPA - New England / Hazy,7% ABV,35 IBU,4
Tex Mex,Hophead Brewery,Sour - Tomato / Vegetable Gose,6% ABV,5 IBU,4.5
Australian IPA / Koala In Vegas,Heartly Brewery,IPA - Other,6.8% ABV,44 IBU,3.75
YELLOW AIRLINES,Big Village Brewery,IPA - Imperial / Double New England / Hazy,8.5% ABV,40 IBU,4.5
Šturmano Tamsus,Utenos Alus,Lager - Dark,5.8% ABV,N/A IBU,3
Burg Premium Wheat Beer,Darguner Brauerei,Wheat Beer - Hefeweizen,5% ABV,N/A IBU,2.75
Maklarin Remeslennoe Temnoe | Макларин Ремесленное Тёмное,Afanasy | Афанасий,Lager - Dark,4.5% ABV,20 IBU,3.75
Reaper & Prunes,Balance Brewery,Porter - Other,5.7% ABV,30 IBU,3.75
Tranquility,BIERBANK,IPA - American,5.8% ABV,40 IBU,4
GINGERBREAD STOUT,Red Button Brewery,Stout - Milk / Sweet,6% ABV,N/A IBU,4.25
Shape The Future,Jungle Brewery,IPA - New England / Hazy,7.1% ABV,30 IBU,4.25
APA,Wolf's Brewery (Волковская Пивоварня),Pale Ale - American,5.5% ABV,27 IBU,3
Stoner,Zagovor Brewery,Stout - Milk / Sweet,5.5% ABV,23 IBU,4
Fruited Things,Rewort Brewery,Sour - Smoothie / Pastry,5.9% ABV,10 IBU,4.25
Zavieja: HBC 472 & Medusa,Malanka,IPA - Imperial / Double New England / Hazy,7.6% ABV,N/A IBU,4.25
ASSIMILATION: Centennial+Simcoe,13 Litar,IPA - Imperial / Double,7.6% ABV,70 IBU,3.75
French Coffee (Французский кофе),Pan Kachyn (Пан Качын),Porter - Coffee,6.5% ABV,N/A IBU,3.25
Klosterkeller Schwarzbier,Brauhaus Leikeim,Schwarzbier,4.9% ABV,N/A IBU,3
Street Justice // Idaho7,Zagovor Brewery,IPA - Imperial / Double,8.5% ABV,75 IBU,4
Moravský Klas Světlé (Моравский Класс Светлое),Velka Morava,Pilsner - Czech / Bohemian,4.5% ABV,35 IBU,3.75
Fondue Fountain,Red Button Brewery,Stout - Milk / Sweet,6% ABV,30 IBU,4
ANTIRADINE,Hops Brewery,IPA - Triple,10.1% ABV,100 IBU,4
Konrad Svatopavelské 16°,Pivovar Liberec Vratislavice,Bock - Single / Traditional,7% ABV,N/A IBU,3.5
Salvus (Салвус),Brauning Bier (Браунинг Бир),Dark Ale,6.2% ABV,15 IBU,3.75
Idyll,Robim Good Brewery,IPA - American,5.7% ABV,40 IBU,3.75
Wonder,Robim Good Brewery,Bock - Weizenbock,6.7% ABV,16 IBU,3.75
STOUT,One Brew,Stout - Other,6% ABV,15 IBU,3.75
NEON RELAX,Big Village Brewery,Sour - Fruited Gose,6.5% ABV,N/A IBU,3.75
Lichamanka: Simcoe,Malanka,IPA - Imperial / Double,8% ABV,90 IBU,4.25
Feel the Best!,DIETA / ДИЕТА,IPA - Imperial / Double New England / Hazy,8.2% ABV,N/A IBU,4
Denninghoff's Weizen,Denninghoff's,Wheat Beer - Hefeweizen,5.3% ABV,N/A IBU,2.5
Šturmano Baltas,Utenos Alus,Wheat Beer - Hefeweizen,5% ABV,14 IBU,3.5
Kava: Burundi Izuba,Malanka,Stout - Imperial / Double Coffee,10% ABV,N/A IBU,4.25
Denninghoff's Premium Schwarz,Denninghoff's,Schwarzbier,4.9% ABV,N/A IBU,2
Bud Light,Anheuser-Busch,Lager - American Light,4.2% ABV,6 IBU,1.75
Tomato Gose Italian Edition,Salden's Brewery,Sour - Tomato / Vegetable Gose,5% ABV,N/A IBU,3.75
Mash Me Low,Landau Beerlab,Stout - Imperial / Double Pastry,10% ABV,N/A IBU,4.25
Feel Good!,DIETA / ДИЕТА,Pale Ale - New England / Hazy,5.5% ABV,N/A IBU,4
Beer With Taste of Beer: Baltic Porter,Пивная Диета (Beer Diet),Porter - Baltic,8.5% ABV,25 IBU,4
Кружечка Под Ёлочкой IPA №3/2022,BIERBANK,IPA - Brut,6.2% ABV,35 IBU,4
Imhla: Hallertau Blanc,Malanka,IPA - New England / Hazy,6.5% ABV,N/A IBU,4
Black Color: Tonka Beans,Bierstaat,Stout - Milk / Sweet,6.4% ABV,18 IBU,4
Grape Shard,Hops Brewery,Grape Ale - Italian,9% ABV,N/A IBU,3.75
Смага Темное,Hops Brewery,Lager - Dark,4.7% ABV,10 IBU,3.25
CRYO IPA. SITIVA HOP BLEND,Hops Brewery,IPA - American,6.6% ABV,45 IBU,4
ENIGMATIC,13 Litar,Belgian Tripel,8.3% ABV,30 IBU,3.75
Kali's Kiss,Rewort Brewery,Sour - Tomato / Vegetable Gose,6.3% ABV,N/A IBU,4.5
Затечь могло в брюки,CHIBIS Brewery,Belgian Tripel,8% ABV,N/A IBU,3.25
ROUGH BITES,OSTROVICA,IPA - Imperial / Double New England / Hazy,8% ABV,N/A IBU,3.75
Верность,4BREWERS,IPA - American,6.9% ABV,N/A IBU,4
Patch,Zagovor Brewery,Sour - Fruited Gose,5.5% ABV,10 IBU,4
Тигррр | Tigerrr,Brewlok Brewery,Bock - Doppelbock,8.6% ABV,N/A IBU,3.75
C is for Cookie,4BREWERS,Stout - Imperial / Double Pastry,8.5% ABV,N/A IBU,4.25
Wasted SUGAR FREE,Rising Moon Brewery,Stout - Russian Imperial,12% ABV,30 IBU,4
The King of Ivanteevka Wheat the First,Victory Art Brew,Wild Ale - Other,8.8% ABV,10 IBU,4
Erdinger Weißbier / Hefe-Weizen,Erdinger Weissbräu,Wheat Beer - Hefeweizen,5.3% ABV,13 IBU,3.75
БЕЗМОЛВИЕ,Big Village Brewery,Stout - Imperial / Double Milk,11.5% ABV,30 IBU,4.25
Huichol (Уичоль),Brauning Bier (Браунинг Бир),IPA - American,6.4% ABV,40 IBU,3.75
Saĺsa: Syčuań,Malanka,Sour - Tomato / Vegetable Gose,5% ABV,N/A IBU,4.5
Кимчи Тиге «Kimchi Tige»,Hophead Brewery,Sour - Tomato / Vegetable Gose,6% ABV,5 IBU,4.25
Изыди,4BREWERS,Stout - Imperial / Double,11% ABV,50 IBU,4.25
Sans Pardon,Brouwerij De Dochter van de Korenaar,Stout - Russian Imperial,11% ABV,50 IBU,4.25
Pastry Worldwide: American Breakfast,Black Cat Brewery,Stout - Imperial / Double Pastry,10.5% ABV,20 IBU,4
Rager: Sitiva,Valaduta Brovar,IPA - Imperial / Double,8% ABV,70 IBU,4
Проба 008: Try Hard Bière De Garde,Проект Проба / Proba Project,Farmhouse Ale - Bière de Garde,6.8% ABV,20 IBU,3.75
Замковое Манго,Tabak-Invest (Табак-Инвест),Fruit Beer,4.7% ABV,N/A IBU,2
Distance,13 Litar,IPA - American,6% ABV,40 IBU,3.75
Острая зависимость,4BREWERS,Sour - Tomato / Vegetable Gose,6.9% ABV,N/A IBU,4
Overdrive,Jaws Brewery,Barleywine - American,11% ABV,48 IBU,4
Аффирмация,4BREWERS,IPA - American,6% ABV,N/A IBU,4
A PROPHECY,COVEN BREWERY,Barleywine - Other,10% ABV,35 IBU,4
Atmosfear,Jungle Brewery,IPA - American,5.8% ABV,65 IBU,4
Medovuha Mozyrskaya (Медовуха Мозырская),Mozyrpivo (Мозырьпиво),Mead - Other,6.3% ABV,N/A IBU,3
Single Hop Player: Amarillo,Midnight Project,IPA - American,7.3% ABV,50 IBU,4.25
Rager: Zamba,Valaduta Brovar,IPA - Imperial / Double,8% ABV,70 IBU,4
Иллюзия Независимого Радио,BIERBANK,IPA - Triple,9% ABV,70 IBU,3.75
Disintegrator,Plan B Brewery,Porter - Imperial / Double Baltic,10.5% ABV,30 IBU,4
Bad & Bouchée,COUP,Stout - Pastry,6.8% ABV,N/A IBU,4.75
Hop Headshot: El Dorado,Midnight Project,IPA - Triple,11% ABV,111 IBU,4.25
Black Color: White Coffee,Bierstaat,Stout - Milk / Sweet,6.7% ABV,18 IBU,3.75
Stout System: Milk Nebula,Пивоварня Одна тонна / Odna Tonna Brewery,Stout - Milk / Sweet,5.5% ABV,N/A IBU,4
STARLIGHT,Bakunin Brewing Co.,Stout - Milk / Sweet,6.9% ABV,35 IBU,3.75
Algorithm of Today,Zagovor Brewery,Stout - Imperial / Double Pastry,11% ABV,25 IBU,4.5
Куда ушёл Замба?,CHIBIS Brewery,IPA - New England / Hazy,7% ABV,N/A IBU,4.5
Hop Water Music,Zagovor Brewery,IPA - Imperial / Double,8% ABV,115 IBU,4.25
Abloki: Marakuja I Papaja,Malanka,IPA - New England / Hazy,6% ABV,N/A IBU,4.25
Pavaloka: Nelson Sauvin,Malanka,IPA - Triple New England / Hazy,10% ABV,N/A IBU,4.25
Пяшчота,Прамень,Wheat Beer - Hefeweizen,5.5% ABV,8 IBU,3.5
Pump-kin! (Ты-Ква!),Til Valhall! Brewery,Pumpkin / Yam Beer,7.2% ABV,18 IBU,3.5
God of Destruction,Valdsam Bjorn Brewery,Belgian Strong Golden Ale,8.1% ABV,15 IBU,4.25
Red Hood,SCREW Brewery,Red Ale - Imperial / Double,7.7% ABV,40 IBU,3.75
EQ MIX,Big Village Brewery,IPA - Triple New England / Hazy,9.7% ABV,40 IBU,4.25
NECTARON of the HOPS,Hops Brewery,IPA - New Zealand,6.8% ABV,40 IBU,4
ABYSS,13 Litar,Stout - Foreign / Export,7.8% ABV,30 IBU,4
Twisted Reality,Coma Brewery,Hard Seltzer,6.1% ABV,N/A IBU,3.5
DUSK  AND  HER  EMBRACE,COVEN BREWERY,Stout - Imperial / Double,11% ABV,35 IBU,4
Choco Mammuth: Coconut Ed.,Пивоварня Одна тонна / Odna Tonna Brewery,Stout - Imperial / Double Milk,10% ABV,14 IBU,3.75
Байконур,Rocket City Brewery,Stout - Russian Imperial,12% ABV,50 IBU,4
Roi De Cœur: First Edition,Midnight Project,Mead - Melomel,14% ABV,N/A IBU,4.25
TURN [Pineapple+Mint],4BREWERS,Sour - Fruited Berliner Weisse,4.5% ABV,N/A IBU,4
Begin,Robim Good Brewery,Belgian Blonde,5.8% ABV,20 IBU,3.75
Трёхлинейка,Brewlok Brewery,Porter - Other,6.9% ABV,N/A IBU,3.75
Stout System: Cappuccino Void,Пивоварня Одна тонна / Odna Tonna Brewery,Stout - Milk / Sweet,5.5% ABV,N/A IBU,3.75
Berliner Weisse Малина & Черника / Berliner Weisse Raspberry & Blueberry,Brewlok Brewery,Sour - Fruited Berliner Weisse,5% ABV,N/A IBU,3.75
Day,Robim Good Brewery,IPA - Imperial / Double,6.9% ABV,80 IBU,3.75
Tarte Aux Myrtilles,DIETA / ДИЕТА,Fruit Beer,6% ABV,N/A IBU,4.25
Blacklist,Jungle Brewery,Porter - English,7.6% ABV,23 IBU,4
Smuha: Motueka,Malanka,IPA - Imperial / Double New England / Hazy,7.7% ABV,N/A IBU,4.25
Retro Lager,Valdsam Bjorn Brewery,Lager - IPL (India Pale Lager),5% ABV,25 IBU,4
Vietraź: Apieĺsin i miata,Malanka,Wheat Beer - Witbier / Blanche,8% ABV,N/A IBU,3.75
REBORN,13 Litar,IPA - Imperial / Double,8.3% ABV,60 IBU,4
Smoked Porter,Salden's Brewery,Porter - Smoked,6% ABV,N/A IBU,3.5
Stout Chocolate / Шоколадный Стаут,Wolf's Brewery (Волковская Пивоварня),Stout - Milk / Sweet,6.5% ABV,21 IBU,3.5
#TECHNOCAMPING,BIERBANK,IPA - American,6.2% ABV,35 IBU,4
Black Color: Milk Chocolate,Bierstaat,Stout - Milk / Sweet,6.7% ABV,18 IBU,4
Drum And Wheat,Valaduta Brovar,Bock - Weizenbock,6.7% ABV,25 IBU,4.25
ЛУЧШЕЕ ЗАВТРА,Rock'n'Beer,Wheat Beer - American Pale Wheat,4% ABV,10 IBU,3.75
Pyroclasm,Lux In Tenebris,Sour - Other Gose,5.4% ABV,N/A IBU,3.75
The Dreamer,Jungle Brewery,IPA - American,7.5% ABV,50 IBU,4
Отрицание,Hophead Brewery,Stout - Imperial / Double,13% ABV,25 IBU,4.5
Дисгармония,Brewlok Brewery,Sour - Fruited,8.6% ABV,N/A IBU,4
Грильяж Бир,Hops Brewery,Lager - Dark,4.7% ABV,10 IBU,2.25
Калекцыя Майстра NEIPA IPA - New England,Lidskae Piva (Лідскае Піва),IPA - New England / Hazy,5% ABV,20 IBU,3.75
VANKELIG,Red Button Brewery,Stout - Milk / Sweet,7% ABV,N/A IBU,4.25
Universum Oatmeal Stout,Axiom Brewery,Stout - Imperial / Double Oatmeal,14.5% ABV,30 IBU,4
Aloha,Rewort Brewery,Sour - Fruited Gose,6.3% ABV,N/A IBU,4
BeerCap  APA 2021,BeerCap Project,Pale Ale - American,5.4% ABV,35 IBU,3.75
Смага,Hops Brewery,Lager - Pale,4.8% ABV,12 IBU,3.5
Psychosis Smoked Ed.,Bierstaat,Porter - American,6.8% ABV,25 IBU,4.5
Birthday Batch For Cute Tophops,Midnight Project,Stout - Imperial / Double Pastry,11% ABV,40 IBU,4.5
Pošasć: Talus,Malanka,IPA - Quadruple,12% ABV,110 IBU,4.5
Oh My North,Valaduta Brovar,Sour - Fruited Gose,8% ABV,10 IBU,4
West Wave: El Dorado & Ekuanot,Midnight Project,IPA - American,6.5% ABV,50 IBU,4.25
BALTIC VIBE,13 Litar,Porter - Baltic,8% ABV,25 IBU,4
Spacecruising,Coma Brewery,Sour - Smoothie / Pastry,6.1% ABV,N/A IBU,4.25
Toppenish (Топпениш),Brauning Bier (Браунинг Бир),IPA - American,6.7% ABV,45 IBU,3.75
Leshy / Леший,Brewlok Brewery,IPA - American,6.2% ABV,70 IBU,4
Томатная Дичь,Atmosphere Brewery,Sour - Tomato / Vegetable Gose,6.5% ABV,10 IBU,3.75
Pink Dust,Valaduta Brovar,Sour - Fruited,6% ABV,10 IBU,4.5
BEANS,Bakunin Brewing Co.,Stout - Coffee,6.8% ABV,24 IBU,4.5
CRYO IPA.QUAD HOP 3,Hops Brewery,IPA - American,6.6% ABV,45 IBU,3.75
SCOPULI,Balance Brewery,IPA - Imperial / Double,7.5% ABV,60 IBU,4
#100,Nøgne Ø,Barleywine - American,10% ABV,80 IBU,4.5
Padre Artesano,Malanka Taproom,Sour - Tomato / Vegetable Gose,4.5% ABV,N/A IBU,5
Birthday Batch For Cute PapaCraft,Midnight Project,Stout - Imperial / Double Pastry,11% ABV,40 IBU,5
Death Dealer,Jungle Brewery,IPA - Imperial / Double,8% ABV,90 IBU,3.75
Mlosć: Mosaic,Malanka,Pale Ale - American,5.3% ABV,50 IBU,4
Mojito,Valdsam Bjorn Brewery,IPA - American,6.3% ABV,36 IBU,3.75
HI! I`m Anna!,BIERBANK,Pale Ale - New England / Hazy,5% ABV,20 IBU,3.75
Xanna's Weizenbock,Double Xanna,Bock - Weizenbock,6.9% ABV,25 IBU,4
Black Mass,BIERBANK,Stout - Milk / Sweet,6% ABV,10 IBU,4
CRYO IPA. TRIPLE HOP 2,Hops Brewery,IPA - American,6.6% ABV,45 IBU,3.75
Bang!,Robim Good Brewery,Bock - Hell / Maibock / Lentebock,6.7% ABV,17 IBU,3.75
NUKA BLACK NEIPA,Hops Brewery,IPA - Imperial / Double Black,7.5% ABV,20 IBU,4
Fun-Tasty,Rising Moon Brewery,Stout - Imperial / Double Pastry,12% ABV,N/A IBU,4
Lichamanka: Idaho Gem,Malanka,IPA - Imperial / Double,8% ABV,70 IBU,4.25
Your Quintuple Eternals Juice,Midnight Project,Sour - Fruited,14% ABV,10 IBU,4.5
Томатка,Hophead Brewery,Sour - Tomato / Vegetable Gose,6% ABV,5 IBU,3.75
Piarevaracień,Malanka,Stout - Imperial / Double Oatmeal,7.5% ABV,N/A IBU,4.25
Strawberry Daiquiri,Hophead Brewery,Sour - Fruited Berliner Weisse,6% ABV,5 IBU,4
Halaklin: Fiejchoa,Malanka,Sour - Fruited Gose,7.2% ABV,N/A IBU,3.75
Перспектива,Big Village Brewery,Grape Ale - Other,10% ABV,N/A IBU,4
Sherst,Zavod,Barleywine - Other,10.5% ABV,40 IBU,4
Affluenza,Beast from the Yeast,Historical Beer - Adambier,7.3% ABV,35 IBU,3.75
Pime Öö PX (Cellar Series),Põhjala,Stout - Imperial / Double,13.9% ABV,60 IBU,4.5
Toffee Marauder,GAS Brew,Barleywine - Other,11% ABV,30 IBU,4.25
The Eye Rye,Brew Division,IPA - Rye,6.5% ABV,50 IBU,3.75
Novichok (Новичок),ALASKA brewery,IPA - Milkshake,6% ABV,20 IBU,4.25
Poetry of Love (Mahatma G.),Rewort Brewery,IPA - New England / Hazy,7.3% ABV,48 IBU,4
Bad Beat: Galaxy & Mosaic,Midnight Project,IPA - Imperial / Double,8.5% ABV,70 IBU,4.5
Sea My Cucumber?,AF Brew,Sour - Fruited Gose,4.8% ABV,N/A IBU,3.75
Болгарский гуляш «Bulgarian goulash»,Hophead Brewery,Sour - Other Gose,6% ABV,5 IBU,4.25
Waxwing,Selfmade Brewery,Sour - Smoothie / Pastry,6.9% ABV,15 IBU,4.25
One Hundred Naked Kangaroos,Big Village Brewery,IPA - Imperial / Double New England / Hazy,8.2% ABV,40 IBU,4
Iguana,Robim Good Brewery,IPA - American,5.7% ABV,40 IBU,3
Back In The Days,Jungle Brewery,IPA - American,5.5% ABV,50 IBU,4
Terraforming,Mad Frog Brewery,Stout - Foreign / Export,7.5% ABV,30 IBU,4
Abšar: Citra,Malanka,IPA - White / Wheat,8.3% ABV,50 IBU,4.25
Dream Catcher,13 Litar,Stout - Irish Dry,5.8% ABV,30 IBU,3.75
Dazed,Malanka,Sour - Smoothie / Pastry,5% ABV,N/A IBU,4.25
SECRET DOORS,Paradox,Stout - Russian Imperial,11.5% ABV,55 IBU,4.25
Rager: Talus,Valaduta Brovar,IPA - Imperial / Double,8% ABV,70 IBU,4.25
Tři Králové černé (Три Короля тёмное),Lidskae Piva (Лідскае Піва),Lager - Dark,4% ABV,N/A IBU,3
Mirage,13 Litar,IPA - American,6.2% ABV,40 IBU,4
Blackwind,13 Litar,IPA - Imperial / Double Black,7.8% ABV,50 IBU,4
Lost Land (BA Cognac),Big Village Brewery,Belgian Strong Dark Ale,9% ABV,N/A IBU,4.25
ЗОЖ,4BREWERS,Sour - Other Gose,6% ABV,N/A IBU,4
Laznia: Biaroza i klion,Malanka,Smoked Beer,5.5% ABV,N/A IBU,3.75
Tomato Gose v.3 (BBQ Chipotle),LaBEERint Brewery,Sour - Tomato / Vegetable Gose,6% ABV,40 IBU,3.75
Mur: Batch #04,Malanka,Sour - Fruited Berliner Weisse,3.9% ABV,N/A IBU,4
Damn Fine Coffee,Rock'n'Beer,Stout - Imperial / Double Coffee,8.5% ABV,N/A IBU,4
Grand Escape,Jungle Brewery,IPA - New England / Hazy,6.9% ABV,40 IBU,4.25
Robim Good OHRA,Robim Good Brewery,Lager - Pale,5.5% ABV,19 IBU,3
Hoppy IPA,Gletcher Brewery (Глетчер),IPA - American,6.1% ABV,75 IBU,3.5
Dark Tasty,Taler (Талер),Lager - Dark,4.8% ABV,10 IBU,3.5
SunBurn,Zavod,Chilli / Chile Beer,6% ABV,N/A IBU,4
Viven Chocolate Stout,Beerdevelopment Viven,Stout - Other,8% ABV,N/A IBU,3.75
Saĺsa: Kačchudžan,Malanka,Sour - Tomato / Vegetable Gose,5% ABV,N/A IBU,4.75
Eat the Dust! DDH Talus,AF Brew,IPA - Imperial / Double New England / Hazy,8% ABV,40 IBU,4
Stereo Amplitude,Big Village Brewery,IPA - Triple New England / Hazy,9.7% ABV,40 IBU,4.25
Moonstone: Black Almond,Midnight Project,Stout - Imperial / Double Pastry,11% ABV,40 IBU,4.25
Imperial IPA / Doberman Shelby,Heartly Brewery,IPA - Triple,10.5% ABV,198 IBU,4
Sophistication,Plan B Brewery,IPA - New England / Hazy,6.7% ABV,40 IBU,4
Tropical Painkiller,Plan B Brewery,IPA - Imperial / Double,8.5% ABV,70 IBU,3.75
Искусство варить. Чешское Барное,Zavod Trekhsosensky (Завод Трехсосенский),Lager - Pale,4.9% ABV,N/A IBU,2.25
AC/DC Premium Lager,Karlsberg Brauerei,Lager - Pale,5% ABV,15 IBU,3
Tripel Karmeliet,Brouwerij Bosteels,Belgian Tripel,8.4% ABV,16 IBU,4
Bad Beat: Citra & Sabro,Midnight Project,IPA - Imperial / Double,8.5% ABV,70 IBU,4.5
Germanarich,Obolon (Оболонь),Lager - Pale,6% ABV,N/A IBU,2.75
Onkel Weber Bayerisch Hell,Liquid World GbR,Lager - Helles,5.4% ABV,N/A IBU,2.75
El Chupacabra,Rewort Brewery,Sour - Tomato / Vegetable Gose,6.3% ABV,N/A IBU,4.25
Imhla: HBC 630,Malanka,IPA - New England / Hazy,6.5% ABV,N/A IBU,4.25
Antihero,Valdsam Bjorn Brewery,IPA - Other,5.5% ABV,40 IBU,3.75
So Much Caffeine: Dalat,Bierstaat,Stout - Coffee,6.8% ABV,16 IBU,4
Moonstone: Black Brazil Santos,Midnight Project,Stout - Imperial / Double Coffee,13% ABV,50 IBU,4.5
Symbiosis,13 Litar,IPA - White / Wheat,7.9% ABV,60 IBU,4.25
Oatmeal Stout,Reverse,Stout - Oatmeal,4.5% ABV,N/A IBU,3.75
Mamkin Pumpkin,Courage Brewery,Pumpkin / Yam Beer,5% ABV,N/A IBU,3.75
Pavaloka: Mosaic,Malanka,IPA - Triple New England / Hazy,10% ABV,N/A IBU,4
Red Widow,Jaws Brewery,Belgian Strong Dark Ale,8% ABV,35 IBU,3.75
Four Pellets,Rewort Brewery,IPA - American,6.5% ABV,35 IBU,4
Walk Together,Jungle Brewery,Sour - Fruited,5.7% ABV,13 IBU,4
Bogeyman,BIERBANK,Pumpkin / Yam Beer,6% ABV,5 IBU,4
The PEDESTRIAN,BIERBANK,IPA - American,6.7% ABV,65 IBU,3.75
Medusa,13 Litar,IPA - American,6.4% ABV,50 IBU,3.75
El Dorado One Love,Jungle Brewery,IPA - Session,5% ABV,40 IBU,4
Black Hole,Valaduta Brovar,Stout - Oatmeal,6% ABV,25 IBU,3.75
Velvet,Pivovary Staropramen,Lager - Amber / Red,5.1% ABV,N/A IBU,3
Hedgehog In the Fog. Idaho Gem,Hops Brewery,IPA - New England / Hazy,6.6% ABV,25 IBU,4
Rush,Robim Good Brewery,Rauchbier,5.9% ABV,15 IBU,2.5
Kriek Extra,Belle-Vue,Lambic - Kriek,4.1% ABV,N/A IBU,3.5
Гарафена / Garafena,Brewlok Brewery,IPA - Imperial / Double New England / Hazy,8.2% ABV,N/A IBU,3.75
Ola Dubh 12 Year Special Reserve,Harviestoun Brewery,Porter - Imperial / Double,10.5% ABV,40 IBU,4
Brewer's Profile: Brut IPA,AF Brew,IPA - Brut,7% ABV,20 IBU,3.75
Marduk Whisky BA (Chivas Regal),Plan B Brewery,Barleywine - Other,12.8% ABV,65 IBU,4
Cheechandchongovka,Cosmic City,Sour - Tomato / Vegetable Gose,6% ABV,N/A IBU,4.5
Smiler (Смайлер),Brauning Bier (Браунинг Бир),IPA - Other,6.9% ABV,40 IBU,3.75
Nottingham,13 Litar,Porter - Imperial / Double,9% ABV,25 IBU,4.25
Liquid Pumpkin Pie,Black Cat Brewery,Pumpkin / Yam Beer,7% ABV,N/A IBU,4
Ash Kingdom,Plague Brew,Porter - Imperial / Double,14% ABV,60 IBU,4
Grosser Rachel,Plague Brew,Historical Beer - Dampfbier,8.3% ABV,30 IBU,3.75
Plastic Dreams,Coma Brewery,Sour - Smoothie / Pastry,5.5% ABV,N/A IBU,4
Golden Try,Rewort Brewery,IPA - American,6% ABV,33 IBU,4
Hill of Tara,Plague Brew,Stout - Imperial / Double Milk,12% ABV,25 IBU,4
Maisel & Friends IPA,Brauerei Gebr. Maisel,IPA - American,6.3% ABV,50 IBU,3.75
Troll Gnet El (Тролль Гнёт Ель),Til Valhall! Brewery,Farmhouse Ale - Sahti,8.7% ABV,27 IBU,3.75
Mushy Mango,BIERBANK,IPA - American,6.2% ABV,30 IBU,3.75
True Spruce,Plague Brew,Historical Beer - Other,7.6% ABV,N/A IBU,3.75
Spin Art,Coma Brewery,Sour - Smoothie / Pastry,5.4% ABV,N/A IBU,4.25
Pantera,SALIWA,IPA - Imperial / Double Black,8.4% ABV,20 IBU,3.75
Oberhaid,Plague Brew,Rauchbier,8.5% ABV,20 IBU,3.75
Saĺsa: Chili & Scorpion Peach,Malanka,Sour - Tomato / Vegetable Gose,5% ABV,N/A IBU,4.5
Deep Rising,LiS Brew,Porter - Other,7% ABV,N/A IBU,3.75
Resonance,Valaduta Brovar,IPA - Brut,6.9% ABV,25 IBU,4
Banana Kraken,Panzer Brewery,Wheat Beer - Hefeweizen,4.5% ABV,11 IBU,3.75
G.see Point,XP Brew,IPA - Imperial / Double New England / Hazy,8% ABV,40 IBU,4.25
DOWNTOWN,13 Litar,Lager - IPL (India Pale Lager),6.5% ABV,35 IBU,3.75
Rainbow,Taler (Талер),IPA - New England / Hazy,6% ABV,30 IBU,3
Mitrenha: Talus & Sabro,Malanka,IPA - Imperial / Double,8.2% ABV,70 IBU,4.25
Smuha: Wai-iti,Malanka,IPA - Imperial / Double New England / Hazy,8.5% ABV,N/A IBU,4.25
Kellerbier,Hacker-Pschorr,Kellerbier / Zwickelbier,5.5% ABV,15 IBU,3.5
Стратасфера,Прамень,Pale Ale - American,5.5% ABV,35 IBU,3.75
Neighbors In Crime,AF Brew,Stout - Imperial / Double Pastry,11% ABV,20 IBU,4.5
Dub i Obruch Bochkovoe (Дуб и Обруч Бочковое),Zavod Trekhsosensky (Завод Трехсосенский),Lager - Pale,4.9% ABV,N/A IBU,2.5
BUGGEL Dark | Темное,Ростовский Пивоваренный завод Солнечный,Lager - Dark,4.5% ABV,N/A IBU,3
Charbon,Brouwerij De Dochter van de Korenaar,Smoked Beer,7% ABV,46 IBU,4.25
ТЁМНЫЙ ЛЕС / DARK FOREST,Bakunin Brewing Co.,Stout - Imperial / Double,10% ABV,22 IBU,4
Kalnapilis Original,Kalnapilis Brewery,Lager - Pale,5% ABV,17 IBU,3
Гравитация,ALASKA brewery,Stout - Russian Imperial,8.3% ABV,N/A IBU,4
Han-sur-Lesse (Ан-сюр-Лес),Brauning Bier (Браунинг Бир),Stout - Foreign / Export,6.8% ABV,22 IBU,3.75
Epicentre,Jungle Brewery,IPA - New England / Hazy,6.5% ABV,40 IBU,4
Final Punch,GAS Brew,IPA - Imperial / Double New England / Hazy,8.5% ABV,40 IBU,4
Yours Truly,Zagovor Brewery,Pale Ale - New England / Hazy,4.6% ABV,25 IBU,4
Highway,13 Litar,IPA - Imperial / Double,8.2% ABV,70 IBU,4
Bahna: Extra Peated,Malanka,Stout - Imperial / Double,12% ABV,N/A IBU,4.5
Summer Rays,Taler (Талер),IPA - Milkshake,6% ABV,45 IBU,3.75
"Vortex (Blueberry, Vanilla)",Main Rule,Sour - Fruited,7% ABV,N/A IBU,4.5
Brown Autumn,R&D sCREW,Roggenbier,5.5% ABV,35 IBU,4
Lichamanka: Strata,Malanka,IPA - Imperial / Double,8% ABV,70 IBU,4.25
Trasca: Idaho 7,Malanka,IPA - Triple,10% ABV,70 IBU,4
Amen Break,Rewort Brewery,IPA - American,6.7% ABV,37 IBU,4
SANDSTORM,13 Litar,Brown Ale - Imperial / Double,8.5% ABV,20 IBU,4
Where the Dead Ships Dwell,Mad Frog Brewery,Stout - Pastry,6.2% ABV,30 IBU,4
From A Vampire (От вампира),Pan Kachyn (Пан Качын),Sour - Traditional Gose,6% ABV,N/A IBU,3.75
Oktoberfestbier / Superior Festbier,Hacker-Pschorr,Festbier,6% ABV,23 IBU,3.5
Fire Hazard,Selfmade Brewery,Sour - Other Gose,6.2% ABV,10 IBU,4
Hazy Jane,BrewDog,IPA - New England / Hazy,5% ABV,N/A IBU,3.5
Breeze,Robim Good Brewery,Blonde / Golden Ale - Other,5.5% ABV,14 IBU,3.75
Marshmallow Banana Temptation,Hops Brewery,IPA - Imperial / Double Milkshake,7.2% ABV,25 IBU,3.75
Oktoberfest HOPS,Hops Brewery,Festbier,6% ABV,15 IBU,3.75
Gulden Draak Classic,Brouwerij Van Steenberge,Belgian Strong Dark Ale,10.5% ABV,30 IBU,4
Malum Granatum,Valdsam Bjorn Brewery,IPA - American,5.8% ABV,20 IBU,4
Hi! I'm Anton! (DIPA),BIERBANK,IPA - Imperial / Double,6.9% ABV,80 IBU,3.75
VULITSA EZHA NEIPA,BIERBANK,IPA - New England / Hazy,6.7% ABV,30 IBU,4.25
Abšar: Nelson Sauvin,Malanka,IPA - White / Wheat,8.3% ABV,50 IBU,4.5
Rödskär (Родшер),On The Bones Contract Brewery,Porter - Baltic,7.5% ABV,25 IBU,4
Комната 101,Balance Brewery,IPA - Imperial / Double,8.5% ABV,75 IBU,3.75
INSOMNIA,R&D sCREW,Stout - Imperial / Double Coffee,10% ABV,50 IBU,4
Brown Autumn,SCREW Brewery,Roggenbier,5.5% ABV,35 IBU,4
YOURKSHIRE,13 Litar,Porter - English,5.6% ABV,25 IBU,4.25
Lupulin Dependence 2021,Hophead Brewery,IPA - New England / Hazy,6.5% ABV,20 IBU,4
Raspberry Blanche,Hops Brewery,Wheat Beer - Witbier / Blanche,5% ABV,15 IBU,3.75
Ахтанум,Прамень,IPA - American,6.6% ABV,40 IBU,3.25
Pavaloka: Talus,Malanka,IPA - Triple New England / Hazy,10% ABV,N/A IBU,4.25
Shoup Stout,Rocky Mountain Brewery,Stout - American,7.2% ABV,23 IBU,4
Q-Ball,On The Bones Contract Brewery,Stout - Imperial / Double Pastry,10.1% ABV,30 IBU,4
Довга,Hophead Brewery,Sour - Other Gose,6.5% ABV,5 IBU,4.25
West Wave: Idaho7 & Mosaic,Midnight Project,IPA - American,6.5% ABV,50 IBU,4.25
Fenland,Plague Brew,Barleywine - American,12.5% ABV,90 IBU,4
Smuha: BRU-1,Malanka,IPA - Imperial / Double New England / Hazy,7.8% ABV,N/A IBU,4
Ковёр задавал стиль всей комнате,Midnight Project,Stout - Imperial / Double White / Golden,9% ABV,15 IBU,4.5
Indian Summer,Bierstaat,IPA - New England / Hazy,6.5% ABV,35 IBU,3.75
Honolulu,Valaduta Brovar,IPA - New England / Hazy,6.9% ABV,20 IBU,4.25
CRYO IPA.QUAD HOP,Hops Brewery,IPA - American,6.6% ABV,45 IBU,3.75
Tomato Gose v.4 (Kimchi),LaBEERint Brewery,Sour - Tomato / Vegetable Gose,6% ABV,N/A IBU,3.75
АЛЬТЕР ЭГО,Big Village Brewery,Stout - Imperial / Double Pastry,11.5% ABV,30 IBU,4.5
Ekuanot One Love,Jungle Brewery,IPA - Session,5% ABV,40 IBU,4
Noize,13 Litar,IPA - American,6.2% ABV,50 IBU,4
BeerCap Dubbel 2021,BeerCap Project,Belgian Dubbel,6.9% ABV,24 IBU,3.75
BeerCap Hoppy Lager,BeerCap Project,Lager - Pale,4.5% ABV,30 IBU,3.5
Jolly Roger,Hops Brewery,Stout - Other,6% ABV,11 IBU,3.75
Trifon Stout (Трифон Стаут),Vyatich (Вятич),Stout - Irish Dry,4.3% ABV,17 IBU,3
Backyard Boogie,Rewort Brewery,Sour - Tomato / Vegetable Gose,6.2% ABV,N/A IBU,4.5
Green Spectrum,Zagovor Brewery,IPA - Imperial / Double New England / Hazy,8% ABV,18 IBU,4
Pop the Dust! DDH Cryo Pop™,AF Brew,IPA - Triple New England / Hazy,10% ABV,40 IBU,4
Busy Signal,Jungle Brewery,IPA - American,6.6% ABV,60 IBU,4
Старомонастырский Эль,Afanasy | Афанасий,Dark Ale,6% ABV,N/A IBU,3.5
Ищу Человека / Looking for a Human (Red Edition),Jaws Brewery,Sour - Flanders Red Ale,5.65% ABV,N/A IBU,4.25
Gazpacho Tkemali (Гаспачо Ткемали),Courage Brewery,Sour - Other Gose,5% ABV,N/A IBU,3.75
Evil Grapefruit,Midnight Project,Sour - Fruited,6% ABV,13 IBU,4
Buckwheat Plague,Plague Brew,Specialty Grain,12.5% ABV,90 IBU,4
The Good Doctor. TOM YUM,BIERBANK,Sour - Traditional Gose,3.8% ABV,4 IBU,4
Slota: Cascade,Malanka,IPA - Belgian,8% ABV,70 IBU,4.25
Pauwel Kwak,Brouwerij Bosteels,Pale Ale - Belgian,8.4% ABV,20 IBU,3.75
American Dream : Triumph & Citra,Bierstaat,IPA - American,6.5% ABV,50 IBU,3.75
Шотландский Эль,Barnaulsky Pivovarenny Zavod (Барнаульский Пивоваренный Завод),Lager - Dark,6.5% ABV,N/A IBU,3.25
Hedgehog In the Fog. Citra,Hops Brewery,IPA - New England / Hazy,6.6% ABV,25 IBU,3.75
Ardennes,SCREW Brewery,Brown Ale - Belgian,7.7% ABV,30 IBU,4.25
Приятель Суперкрепкое (Priyatel Superkrepkoe),Lipetskpivo (Липецкпиво),Lager - Strong,6.9% ABV,N/A IBU,2.5
BOHÉMSKÝ LEV ČERNÉ,Lidskae Piva (Лідскае Піва),Lager - Tmavé (Czech Dark),4% ABV,N/A IBU,3
Mroiva: Sabro & Medusa,Malanka,Pale Ale - New England / Hazy,3.8% ABV,N/A IBU,4.25
Resurrection,13 Litar,IPA - American,5.9% ABV,45 IBU,4
Red Desert (Красная пустыня),Brauning Bier (Браунинг Бир),IPA - Red,6.7% ABV,55 IBU,3.5
Сотня / Sotnya,Brewlok Brewery,Porter - Other,8.6% ABV,45 IBU,3.75
Чорная Вежа,Прамень,Schwarzbier,4.7% ABV,10 IBU,3.5
Мацнабрдош /ակռոշկա,Hophead Brewery,Sour - Other Gose,6% ABV,5 IBU,4
Mixery Ultimate Energy,Karlsberg Brauerei,Shandy / Radler,6% ABV,N/A IBU,2.25
ESB,Fuller's Griffin Brewery,Bitter - Extra Special / Strong (ESB),5.5% ABV,35 IBU,3.5
Hamovniki Pilzenskoe (Хамовники Пильзенское),Moscow Brewing Company (Московская Пивоваренная Компания),Pilsner - German,4.8% ABV,35 IBU,3
Мичелада/Michelada,Hophead Brewery,Sour - Other Gose,6% ABV,N/A IBU,4.5
Nitro Stout,Jaws Brewery,Stout - Milk / Sweet,6% ABV,20 IBU,4
Street Justice // Citra,Zagovor Brewery,IPA - Imperial / Double,8% ABV,85 IBU,4.25
Saĺsa: Žoŭtaja,Malanka,Sour - Tomato / Vegetable Gose,5% ABV,N/A IBU,4
Tauras Nefiltruotas,Kalnapilis Brewery,Kellerbier / Zwickelbier,5% ABV,N/A IBU,2.75
Summer End,13 Litar,Stout - Irish Dry,6% ABV,25 IBU,4
Dark Ale,Coopers,Brown Ale - English,4.5% ABV,21 IBU,3.5
The Dog Days of Summer,Bierstaat,IPA - Belgian,6.5% ABV,37 IBU,4
Dust Storm,Jungle Brewery,IPA - New England / Hazy,6.8% ABV,40 IBU,4.25
Кругаварот,Прамень,Farmhouse Ale - Saison,4.8% ABV,18 IBU,4
DOS Chocolate Edition,Brewlok Brewery,Stout - Imperial / Double Oatmeal,8.6% ABV,N/A IBU,4.25
"MarshTropicalMallow: Mango, Passion Fruit",DIETA / ДИЕТА,Sour - Fruited Gose,7.5% ABV,N/A IBU,4.25
Письмо Панкрацу,Craft Weekend,IPA - Imperial / Double,8.3% ABV,75 IBU,3.75
Make It Bun Dem,Krupiecki Brovar,IPA - Imperial / Double New England / Hazy,8% ABV,50 IBU,3.5
Imhla: Medusa,Malanka,IPA - New England / Hazy,6.5% ABV,N/A IBU,4.25
Food Inside: Solyanka,Brew Fiction,Sour - Other Gose,6.5% ABV,11 IBU,4.25
Bloodlines,R&D sCREW,Strong Ale - Other,11% ABV,60 IBU,3.75
Проба 005: Roggenbier,Проект Проба / Proba Project,Roggenbier,5% ABV,N/A IBU,3.75
BLACK PHANTOM,Big Village Brewery,Stout - Russian Imperial,15.5% ABV,40 IBU,4.25
Falernum Vinum,Hophead Brewery,Barleywine - English,14% ABV,30 IBU,4.25
Imža: Lajm i miata,Malanka,Sour - Fruited Berliner Weisse,3.5% ABV,N/A IBU,4
Deep Trip,13 Litar,IPA - Imperial / Double,8.3% ABV,70 IBU,4
Black Vector,Jungle Brewery,Stout - Other,5.9% ABV,25 IBU,3.75
Кабель Перемкнуло,Krupiecki Brovar,IPA - Imperial / Double,8% ABV,75 IBU,4
Way of Hero,Selfmade Brewery,Stout - Imperial / Double,8.5% ABV,34 IBU,4
Dym: Ajva,Malanka,Historical Beer - Lichtenhainer,4% ABV,N/A IBU,4.25
AF Birthday Batch: Askerko,Midnight Project,Barleywine - English,13% ABV,50 IBU,4.25
ТМИЛИНА,Бiiрландзiя (Биирландзия),Sour - Fruited,6% ABV,15 IBU,4
BIGWIG,Verden Brewery,Pale Ale - American,4.8% ABV,20 IBU,3.75
Zavieja: Sabro & HBC 630,Malanka,IPA - Imperial / Double New England / Hazy,8.5% ABV,N/A IBU,4
Like Cascade,Robim Good Brewery,Lager - Pale,5% ABV,11 IBU,3.5
Keep Cool,Valdsam Bjorn Brewery,IPA - American,6.1% ABV,45 IBU,4
Spot,13 Litar,IPA - American,5.8% ABV,45 IBU,3.5
Kavun V3.0,Valaduta Brovar,Sour - Fruited Gose,5.2% ABV,10 IBU,4.25
Dopamine Detour,GAS Brew,IPA - Triple New England / Hazy,10% ABV,50 IBU,4
Lichamanka: Sorachi Ace,Malanka,IPA - Imperial / Double,8% ABV,70 IBU,4.25
O'Hara's Irish Stout,O'Hara's Brewery,Stout - Irish Dry,4.3% ABV,36 IBU,4
Saĺsa: Scorpion Peach & Chocolate Habanero,Malanka,Sour - Tomato / Vegetable Gose,5% ABV,N/A IBU,4.5
Koronet Alcohol Free,Lidskae Piva (Лідскае Піва),Non-Alcoholic - Other,0.06% ABV,19 IBU,3
ColdWave,13 Litar,Lager - IPL (India Pale Lager),6.3% ABV,45 IBU,4.5
Öö,Põhjala,Porter - Imperial / Double Baltic,10.5% ABV,60 IBU,4.25
Gazpacho Wasabi (Гаспачо Васаби),Courage Brewery,Sour - Other Gose,5% ABV,N/A IBU,3.75
Gazpacho Pesto & Balsamico (Гаспачо Песто и Бальзамико) ),Courage Brewery,Sour - Other Gose,5% ABV,N/A IBU,3.75
Чорба/ Çorba,Hophead Brewery,Sour - Tomato / Vegetable Gose,6% ABV,5 IBU,4.25
Trafaret B.I.G.,Zagovor Brewery,Sour - Fruited Gose,7% ABV,7 IBU,4.25
Smuha: Idaho Gem,Malanka,IPA - Imperial / Double New England / Hazy,7.8% ABV,N/A IBU,4
Game Maker,Jungle Brewery,IPA - Imperial / Double,7.5% ABV,65 IBU,4.25
Паветра: Sorachi,Прамень,IPA - American,6.7% ABV,40 IBU,3.75
Weihenstephaner Original,Bayerische Staatsbrauerei Weihenstephan,Lager - Helles,5.1% ABV,21 IBU,3.5
FRANK,Krupiecki Brovar,Brown Ale - American,8% ABV,25 IBU,3.75
Забава,Прамень,Wheat Beer - Witbier / Blanche,5.5% ABV,9 IBU,3.75
Rum Baba Double Stout,Salden's Brewery,Stout - Pastry,6.5% ABV,N/A IBU,3.75
Pizza Boy,Selfmade Brewery,Sour - Tomato / Vegetable Gose,5.6% ABV,14 IBU,3.75
Monk's Faith. With PEACH,Hops Brewery,Belgian Tripel,9.4% ABV,25 IBU,3.75
CRYO IPA.Single Hop EL DORADO,Hops Brewery,IPA - American,6.6% ABV,45 IBU,4
Make It Summer,Valdsam Bjorn Brewery,IPA - Session,5% ABV,35 IBU,4
Stardust,13 Litar,Stout - Milk / Sweet,5.9% ABV,25 IBU,4
AF Birthday Batch: Fadeenko,Midnight Project,Stout - Russian Imperial,15% ABV,60 IBU,4.25
Abšar: Ekuanot,Malanka,IPA - White / Wheat,6.9% ABV,50 IBU,4.25
Seth & Riley's Garage Hard Californian Pear Drink,Baltika Breweries (Балтика),Shandy / Radler,4.6% ABV,N/A IBU,2.5
Slodyč: Šakalad i zubroŭka,Malanka,Stout - Imperial / Double Pastry,12% ABV,N/A IBU,4.25
Suchaviej: Vinahrad & Hallertau Blanc,Malanka,IPA - Sour,10% ABV,40 IBU,4
Food Inside: Borsch,Brew Fiction,Sour - Other Gose,6.5% ABV,11 IBU,4
DAILY ALTERNATIVE,Big Village Brewery,Stout - Imperial / Double Coffee,8.5% ABV,30 IBU,4.25
Totem,Jungle Brewery,Sour - Fruited,5.5% ABV,11 IBU,4.5
Pop It,Midnight Project,IPA - Imperial / Double New England / Hazy,7.5% ABV,N/A IBU,4.25
Sour Vibes: Raspberry,Balance Brewery,Sour - Fruited,6.5% ABV,N/A IBU,4
Ладны Бровар Жыгулёўскае з Бочкі,Brestskoe Pivo (Брестское Пиво),Lager - Pale,4.2% ABV,N/A IBU,2.25
Hamovniki Cheshskoe (Хамовники Чешское),Moscow Brewing Company (Московская Пивоваренная Компания),Pilsner - Czech / Bohemian,3.7% ABV,20 IBU,3.25
Лирика (Lyric),Hophead Brewery,IPA - American,5.5% ABV,30 IBU,4
Knockout,SALIWA,Stout - Imperial / Double Oatmeal,8.5% ABV,22 IBU,4
Mur: Batch #03,Malanka,Sour - Fruited Berliner Weisse,3.9% ABV,N/A IBU,4.25
Zhigulikkeller,Midnight Project,Lager - IPL (India Pale Lager),4.5% ABV,37 IBU,3.75
Everyweek is a Copy of a Copy of a Copy,Carousel Brewery,IPA - Triple,10% ABV,85 IBU,4.5
"Sour Morning: Apricot, Cherry, Strawberry",Carousel Brewery,Sour - Fruited,5% ABV,6 IBU,4.25
Dark Spin: Cherry,Carousel Brewery,Stout - Milk / Sweet,7.5% ABV,25 IBU,4
Twee Leeuwen Premium,United Breweries,Lager - Pale,5% ABV,N/A IBU,3
Schloss Fels Lager,Privatbrauerei Eichbaum,Lager - Pale,4.2% ABV,N/A IBU,3
CRYO IPA.Single Hop HBC 630,Hops Brewery,IPA - American,6.6% ABV,45 IBU,4
Hop Rider Session IPA,Privatbrauerei Eichbaum,IPA - Session,4.9% ABV,35 IBU,3
Monk's Faith,Hops Brewery,Belgian Tripel,9.2% ABV,25 IBU,4
Aperitif For Abstraction,On The Bones Contract Brewery,Barleywine - Other,11% ABV,38 IBU,4
Seven Brewers (Семь Пивоваров) Irish Ale (Ирландский Эль),Varnitsa (Варница),Red Ale - Irish,6.5% ABV,N/A IBU,3
Vamberg Světlý ležák,Pivovar Liberec Vratislavice,Pilsner - Czech / Bohemian,5.2% ABV,N/A IBU,2.25
Becker's Lager,Karlsberg Brauerei,Lager - Helles,4.2% ABV,N/A IBU,2.5
Alexander,A. Le Coq,Lager - Pale,5.2% ABV,17 IBU,2.75
Василеостровское светлый нефильтрованный лагер (Домашнее) / Vasileostrovskoe light unfiltered lager (aka Domashnee),Vasileostrovskaya Brewery (Василеостровская Пивоварня),Kellerbier / Zwickelbier,4.5% ABV,8 IBU,3
Bruler Brune,Belgian Brew Factory,Brown Ale - Belgian,6.8% ABV,N/A IBU,3.5
Hedgehog In the Fog. Pink Boots,Hops Brewery,IPA - New England / Hazy,6.6% ABV,10 IBU,4.25
Void Garden,Selfmade Brewery,Sour - Smoothie / Pastry,5.2% ABV,10 IBU,4.25
Citrate,13 Litar,IPA - Imperial / Double,7.6% ABV,60 IBU,4
Soft Fog Dystopia,Jungle Brewery,IPA - Sour,5.5% ABV,30 IBU,4
Imža: Abliapicha i bazilik,Malanka,Sour - Fruited Berliner Weisse,3.5% ABV,N/A IBU,4
Cyber Race,Big Village Brewery,IPA - Imperial / Double New England / Hazy,8.5% ABV,40 IBU,4
Smootherine Banana x Cherry x Almond Flour,GAS Brew,Sour - Smoothie / Pastry,5.5% ABV,N/A IBU,4
Xanna's New England IPA,Double Xanna,IPA - New England / Hazy,6.2% ABV,22 IBU,3.75
Three Hills Original Ale (Трехгорное Оригинальный Эль),Moscow Brewing Company (Московская Пивоваренная Компания),Bitter - Session / Ordinary,4.9% ABV,27 IBU,3
Peach Blanche,Hops Brewery,Wheat Beer - Witbier / Blanche,5% ABV,15 IBU,3.75
Future Proof,Carousel Brewery,Pale Ale - New England / Hazy,5.5% ABV,20 IBU,4.25
Wolters Weizen,Hofbrauhaus Wolters,Wheat Beer - Hefeweizen,5.3% ABV,N/A IBU,3.25
J.Hardy Cherry Berry,Бобруйский бровар,Flavored Malt Beverage,4.6% ABV,N/A IBU,2.25
Altenkunstadt Schwarzbier,Brauhaus Leikeim,Schwarzbier,4.9% ABV,N/A IBU,3
Thüringer Premium Schwarzbier,Brauerei Gotha,Schwarzbier,4.9% ABV,N/A IBU,2.75
Gothaer Schwarzbier,Brauerei Gotha,Schwarzbier,4.9% ABV,N/A IBU,3
Bock Hell,Privatbrauerei Einsiedler Brauhaus,Bock - Hell / Maibock / Lentebock,6.8% ABV,27 IBU,3.5
Sense,13 Litar,IPA - American,6.2% ABV,45 IBU,4
Зорапад,Прамень,Stout - Milk / Sweet,6.4% ABV,15 IBU,3.75
Revival never goes out of Style,Zagovor Brewery,IPA - Imperial / Double,8% ABV,55 IBU,4
Ачик чучук/ Achik Chuchuk,Hophead Brewery,Sour - Other Gose,6% ABV,5 IBU,3.5
Forever21,Paradox,IPA - Triple New England / Hazy,9.5% ABV,55 IBU,4
7 Вершин / 7 Summits,Brewlok Brewery,IPA - Imperial / Double,8.6% ABV,105 IBU,3.75
West Wave: Citra & Amarillo,Midnight Project,IPA - American,6.5% ABV,50 IBU,4.5
Megrelian Ajika/ Мегрельская аджика,Hophead Brewery,Sour - Tomato / Vegetable Gose,6% ABV,5 IBU,4.25
Trasca: Citra,Malanka,IPA - Triple,11% ABV,90 IBU,4.25
Smuha: Rakau,Malanka,IPA - Imperial / Double New England / Hazy,7.6% ABV,30 IBU,4.25
Sawadee Ka,Red Rocket Brewery,Sour - Fruited,7% ABV,N/A IBU,3.75
Darkplace,13 Litar,Brown Ale - Other,5% ABV,30 IBU,3.75
Hmel'nov Zero (Хмельнов Безалкогольное),Obolon (Оболонь),Non-Alcoholic - Lager,0.5% ABV,N/A IBU,1.75
Мiнскае Асобае (Минское особое),Пивоваренная компания «Аливария» (Alivaria Brewery),Lager - Strong,6.5% ABV,N/A IBU,3
Hamovniki Venskoe (Хамовники Венское),Moscow Brewing Company (Московская Пивоваренная Компания),Lager - Vienna,4.5% ABV,21 IBU,3
LIDSKAE Легенда 2020,Lidskae Piva (Лідскае Піва),Lager - Helles,4.8% ABV,11 IBU,2.5
ESSA Lime & Mint,AB InBev Efes,Fruit Beer,6.5% ABV,N/A IBU,2.25
Baltika #0 Non-Alcoholic Grapefruit / Балтика #0 Безалкогольное Грейпфрут,Baltika Breweries (Балтика),Non-Alcoholic - Shandy / Radler,0.5% ABV,N/A IBU,3
LIDSKAE HARD MANGO LEMONADE,Lidskae Piva (Лідскае Піва),Shandy / Radler,4.6% ABV,N/A IBU,3.5
Brauberg,Krinitsa (Криница),Lager - Pale,4.3% ABV,N/A IBU,3
LIDSKAE HARD LEMONADE,Lidskae Piva (Лідскае Піва),Shandy / Radler,4.6% ABV,N/A IBU,3
Baltika #0 Non-Alcoholic / Балтика #0 Безалкогольное,Baltika Breweries (Балтика),Non-Alcoholic - Lager,0.5% ABV,16 IBU,2.5
Baltika #0 Non-Alcoholic Lime / Балтика #0 Безалкогольное Лайм,Baltika Breweries (Балтика),Non-Alcoholic - Shandy / Radler,0.5% ABV,N/A IBU,3.25
Blind Dates,Silent Jazz Brew,Stout - Oatmeal,6.9% ABV,N/A IBU,4
Double Click,13 Litar,IPA - Imperial / Double,8.2% ABV,60 IBU,4.25
Mosaic One Love,Jungle Brewery,IPA - Session,5% ABV,40 IBU,4
Mc Chouffe,Brasserie d'Achouffe,Belgian Strong Dark Ale,8% ABV,20 IBU,3.75
Rager: Mosaic,Valaduta Brovar,IPA - Imperial / Double,8% ABV,70 IBU,4.25
Lucky Dregs,Verden Brewery,Pale Ale - New England / Hazy,4.3% ABV,30 IBU,4
Спёка,Прамень,Lager - IPL (India Pale Lager),6.5% ABV,35 IBU,3.75
Oak Smoked Imperial Tomato Gose Light Chili Provence Edition,Salden's Brewery,Sour - Tomato / Vegetable Gose,7% ABV,N/A IBU,4
Crazy Choice,Valdsam Bjorn Brewery,IPA - American,6.5% ABV,55 IBU,4.25
Sacred Beast,Selfmade Brewery,Sour - Fruited Berliner Weisse,5.2% ABV,10 IBU,3.75
Cake Is A Lie,Selfmade Brewery,Stout - Imperial / Double Pastry,10% ABV,29 IBU,3.75
Robim Good FENIX,Robim Good Brewery,Blonde / Golden Ale - Other,5.5% ABV,14 IBU,3.5
The Ace Cream,Brew Division,Stout - Pastry,5% ABV,10 IBU,4
Hop Rider Beastly Red,Privatbrauerei Eichbaum,Red Ale - Other,6% ABV,18 IBU,2.75
Altenkunstadt Pilsener,Brauhaus Leikeim,Pilsner - German,4.9% ABV,N/A IBU,2.5
Saĺsa: Chalapieńjo,Malanka,Sour - Tomato / Vegetable Gose,5.5% ABV,N/A IBU,4.5
Inspiration,Taler (Талер),IPA - American,6.2% ABV,65 IBU,3.5
Life Is Peachy,Punchiller,IPA - Milkshake,6.4% ABV,30 IBU,4.5
Окрошка с хреном (Okroshka soup with horseradish),Hophead Brewery,Sour - Other Gose,6% ABV,5 IBU,4.5
T-REX,Sabotage,IPA - American,7% ABV,44 IBU,3.75
Don`t Eat the Yellow Snow,Rewort Brewery,IPA - New England / Hazy,6.5% ABV,35 IBU,3.5
Cherrynade,Red Button Brewery,Sour - Smoothie / Pastry,6% ABV,N/A IBU,4.25
Life’s A Beach: Cherry,Valaduta Brovar,Sour - Berliner Weisse,3.8% ABV,10 IBU,3.75
Світанне,Прамень,Wheat Beer - Hefeweizen,5.8% ABV,9 IBU,3.5
SOCIAL LUBE³: Simcoe • Ekuanot,BIERBANK,IPA - American,6.5% ABV,55 IBU,4
SOCIAL LUBE: Vic Secret • Ekuanot,BIERBANK,IPA - New England / Hazy,6.8% ABV,40 IBU,3.75
Tomato Gose,Salden's Brewery,Sour - Tomato / Vegetable Gose,5% ABV,N/A IBU,3.5
NEотменимая Модальность Зримого (Talus/Galaxy/Citra),CHIBIS Brewery,IPA - New England / Hazy,6.6% ABV,N/A IBU,3.75
Edelburg Lager,Oettinger Brauerei,Lager - Pale,5.2% ABV,N/A IBU,3
RSSCRTC,AF Brew,IPA - Imperial / Double New England / Hazy,9% ABV,30 IBU,4.25
Shaker: Blackcurrant,Jungle Brewery,IPA - Milkshake,6.5% ABV,30 IBU,4.25
Substance,13 Litar,Stout - Irish Dry,6.4% ABV,25 IBU,4
Quintine Ambrée,Brasserie des Légendes,Belgian Strong Golden Ale,8.5% ABV,18 IBU,3.75
Reach For the Moon,Bierstaat,IPA - White / Wheat,6.8% ABV,15 IBU,3.5
Happy Blanc,Robim Good Brewery,Lager - Helles,4.6% ABV,13 IBU,3
CRYO IPA.Dual Hop Citra Simcoe,Hops Brewery,IPA - American,6.6% ABV,45 IBU,3.75
Маналіт : Simcoe,Прамень,Pale Ale - American,6.7% ABV,35 IBU,3.75
Avtorske Stout,Перша Приватна Броварня (Persha Pryvatna Brovarnya),Stout - Milk / Sweet,5.6% ABV,16 IBU,3
Прастора : Galaxy &  Idaho Gem,Прамень,IPA - American,6.6% ABV,40 IBU,3.75
Hop Rider Wheat Pale Ale,Privatbrauerei Eichbaum,Wheat Beer - American Pale Wheat,5.6% ABV,25 IBU,3.25
"Kukko IPA 5,5%",Laitilan Wirvoitusjuomatehdas,IPA - American,5.5% ABV,65 IBU,3.5
Phantom,Jungle Brewery,Sour - Fruited,5.5% ABV,11 IBU,4
Anniversary,R&D sCREW,Porter - Baltic,10% ABV,50 IBU,4
Parhelion,Plan B Brewery,IPA - Imperial / Double,8% ABV,70 IBU,4
Cashmere,13 Litar,IPA - American,5.9% ABV,40 IBU,3.75
Casual: Warrior/Talus,Carousel Brewery,IPA - American,5.7% ABV,46 IBU,3.75
Лидскае Нулёвачка Пшанічнае (Lidskae Nulyovachka Pshenichnae),Lidskae Piva (Лідскае Піва),Non-Alcoholic - Wheat,0.5% ABV,N/A IBU,3
Soot: Pure,Mitra Brewing Co.,Porter - Imperial / Double,8.2% ABV,49 IBU,4.25
Baltika #0 Non-Alcoholic Raspberry / Балтика #0 Безалкогольное Малина,Baltika Breweries (Балтика),Non-Alcoholic - Shandy / Radler,0.5% ABV,N/A IBU,2.75
Nijvel (Нивель),Brauning Bier (Браунинг Бир),IPA - New England / Hazy,6% ABV,35 IBU,3.5
Dym: Čarnaplodnaja rabina,Malanka,Historical Beer - Lichtenhainer,4% ABV,N/A IBU,4.25
Белая Пані,Punchiller,IPA - New England / Hazy,6% ABV,40 IBU,4
Babushka's Gem,Krupiecki Brovar,IPA - Other,7.5% ABV,40 IBU,3.75
CRYO IPA.Dual Hop Mosaic Simcoe,Hops Brewery,IPA - American,6.6% ABV,45 IBU,3.75
Hedgehog In the Fog. Citra Simcoe Mosaic,Hops Brewery,IPA - New England / Hazy,6.6% ABV,10 IBU,4.25
Hedgehog In the Fog. Citra Mosaic,Hops Brewery,IPA - New England / Hazy,6.6% ABV,10 IBU,4.25
Pavaloka: Strata,Malanka,IPA - Triple New England / Hazy,10% ABV,N/A IBU,4.5
Egger Märzen,Privatbrauerei Fritz Egger,Märzen,5% ABV,20 IBU,3
Berliner Geschichte Zwick'l Dunkel,Privatbrauerei Eibau,Kellerbier / Zwickelbier,6.7% ABV,20 IBU,3.25
Karlova Krčma Černý,Podkováň,Lager - Tmavé (Czech Dark),4.4% ABV,N/A IBU,2.75
Weihenstephaner Hefeweissbier,Bayerische Staatsbrauerei Weihenstephan,Wheat Beer - Hefeweizen,5.4% ABV,14 IBU,3.75
It's Different,Verden Brewery,IPA - Session,5% ABV,30 IBU,4.25
Time For Miami,Valdsam Bjorn Brewery,IPA - New England / Hazy,6.2% ABV,20 IBU,3.75
H#sh Cake,Mad Frog Brewery,Stout - Other,7% ABV,35 IBU,3.75
Французский луковый суп/French Onion Soup,Hophead Brewery,Sour - Other Gose,6% ABV,5 IBU,3.75
Alchemy,13 Litar,Belgian Strong Dark Ale,9.2% ABV,25 IBU,4.25
Shake 'n Bake Vanilla Bourbon,Main Rule,Stout - Imperial / Double,11% ABV,N/A IBU,4
Strata Saison,R&D sCREW,Farmhouse Ale - Saison,7% ABV,20 IBU,4
Солянка (Smoked Bacon Soup),Hophead Brewery,Sour - Tomato / Vegetable Gose,6% ABV,5 IBU,4.5
Chaliera: Cascade,Malanka,IPA - American,6.5% ABV,50 IBU,4
"All Mixed Up (Guava, Strawberry, Raspberry, Lime)",Main Rule,Sour - Fruited,6.5% ABV,N/A IBU,3.75
Zolak: Galaxy & Enigma,Malanka,Farmhouse Ale - Grisette,3.8% ABV,40 IBU,3.75
Midnight Neon,Carousel Brewery,IPA - New England / Hazy,6% ABV,20 IBU,4.5
BOHÉMSKÝ LEV SVĚTLÉ,Lidskae Piva (Лідскае Піва),Lager - Pale,4.2% ABV,15 IBU,3.25
Вишня в дубе,Zavod Trekhsosensky (Завод Трехсосенский),Fruit Beer,5% ABV,N/A IBU,2.5
Rager: Galaxy,Valaduta Brovar,IPA - Imperial / Double,8% ABV,70 IBU,4.25
Reign of Darkness: Maple Syrup & Caramel,Mantra,Porter - Imperial / Double,11.5% ABV,20 IBU,4.25
Blast Beat: DDH+Lupulin Powder,Zagovor Brewery,IPA - Imperial / Double New England / Hazy,8% ABV,30 IBU,4.25
Trasca: Simcoe,Malanka,IPA - Triple,10% ABV,70 IBU,4
Vietraź: Hrejpfrut i čorny kardamon,Malanka,Wheat Beer - Witbier / Blanche,5.2% ABV,N/A IBU,3.5
Imhla: Jarrylo,Malanka,IPA - New England / Hazy,6% ABV,N/A IBU,4
Daenerys,Stamm Brewing,Sour - Fruited,7% ABV,N/A IBU,4
Soulmate,Zagovor Brewery,IPA - New England / Hazy,6.5% ABV,35 IBU,4.5
The Price of Agony,Mantra,Stout - Imperial / Double Pastry,11.5% ABV,30 IBU,4.5
Dark Spin: Raspberry,Carousel Brewery,Stout - Milk / Sweet,7.5% ABV,25 IBU,4
Beer With Taste of Beer: American IPA #6,Пивная Диета (Beer Diet),IPA - American,7.5% ABV,40 IBU,4
Out of Space,Red Rocket Brewery,Sour - Fruited,7% ABV,N/A IBU,3.75
Гнев/Wrath,Hophead Brewery,Stout - Russian Imperial,13.5% ABV,15 IBU,4.5
Цёмная матэрыя,Прамень,Stout - Oatmeal,6.5% ABV,18 IBU,4
Bloody Vampirito,Rock'n'Beer,Sour - Other Gose,5% ABV,N/A IBU,4.25
Мякоть Манго/Маракуйя/Мандарин,Panzer Brewery,Sour - Smoothie / Pastry,6% ABV,12 IBU,4
Smuha: Medusa,Malanka,IPA - Imperial / Double New England / Hazy,8.5% ABV,N/A IBU,4.25
The Colossus,Brew Division,Wheat Beer - Wheat Wine,10% ABV,30 IBU,3.75
Tomorrow Land,Paradox,Pale Ale - New England / Hazy,5% ABV,30 IBU,3.75
Aurora,Robim Good Brewery,Pale Ale - American,5.3% ABV,25 IBU,3.5
En Plein Air,Rockmill Brewery,Pale Ale - Belgian,6% ABV,N/A IBU,3.75
Fatum,Paradox,IPA - Imperial / Double,8.2% ABV,75 IBU,4
Цемра,AV Brewery,Brown Ale - English,5.2% ABV,N/A IBU,3.75
Кардымовское барное нефильтрованное,Ростовский Пивоваренный завод Солнечный,Lager - Pale,4.2% ABV,N/A IBU,3.5
Беловежское Нефильтрованное,Brestskoe Pivo (Брестское Пиво),Lager - Pale,5% ABV,N/A IBU,3.25
Золото Пивовара,Krinitsa (Криница),Lager - Pale,4.9% ABV,N/A IBU,2.5
One Step Closer,COVEN BREWERY,Sour - Fruited,5.5% ABV,N/A IBU,4
AFTER-TRUTH,Big Village Brewery,Stout - Imperial / Double Milk,8.5% ABV,30 IBU,4
Black Is the New Black,Paradox,IPA - Imperial / Double Black,11.5% ABV,95 IBU,4.5
"Buenas Noches, Mi Muchacha",Valdsam Bjorn Brewery,Sour - Traditional Gose,4.5% ABV,N/A IBU,4
Milkshake IPA Mango,Discovery Brewing,IPA - Milkshake,5.5% ABV,40 IBU,3.75
Smootherine Mango x Raspberry x Cherry x Maple Cyrup x Cinnamon,GAS Brew,Fruit Beer,5.5% ABV,N/A IBU,4
Monoplay Galaxy,Stamm Brewing,IPA - Imperial / Double New England / Hazy,8.5% ABV,N/A IBU,4
Summer Fling,BIERBANK,Sour - Fruited,4.8% ABV,10 IBU,4
Chocolate Muffin,Bierstaat,Stout - Pastry,6.5% ABV,18 IBU,4
Secret,13 Litar,IPA - Imperial / Double,7.9% ABV,75 IBU,4.25
My Evil Monkey,Valdsam Bjorn Brewery,Stout - Oatmeal,6.1% ABV,30 IBU,3.75
Зависимость,4BREWERS,Sour - Tomato / Vegetable Gose,5% ABV,N/A IBU,4
Minsk Pilsner,Jungle Brewery,Pilsner - Other,5.7% ABV,45 IBU,4
Coral Tart,Plan B Brewery,Sour - Fruited,6.5% ABV,N/A IBU,3.5
NEOSTATE,Time Bomb Brewery,Stout - Russian Imperial,10% ABV,50 IBU,3.75
Yezhevukha (Ежевуха),Pan Kachyn (Пан Качын),Mead - Melomel,4.5% ABV,N/A IBU,3.75
CRYO IPA.Dual Hop Citra Galaxy,Hops Brewery,IPA - American,6.6% ABV,45 IBU,3.75
Pi Black,R&D sCREW,Stout - Imperial / Double,9% ABV,60 IBU,4
Структура,Red Rocket Brewery,Stout - Imperial / Double,8.2% ABV,N/A IBU,4.25
Double IPA Ella & Galaxy,Brewlok Brewery,IPA - Imperial / Double,8% ABV,100 IBU,4
Thrill Pulse,Wild Lab,IPA - Imperial / Double New England / Hazy,8% ABV,N/A IBU,4
Kava: Rwanda Gesheke,Malanka,Stout - Imperial / Double Coffee,13% ABV,15 IBU,4.5
План Чинука,Valdsam Bjorn Brewery,IPA - American,6.8% ABV,40 IBU,4
My Single ELLA,BIERBANK,IPA - American,6.8% ABV,55 IBU,3.75
Smuha: Pacific Gem,Malanka,IPA - Imperial / Double New England / Hazy,8.5% ABV,N/A IBU,4.25
Party Time,Taler (Талер),IPA - American,6.2% ABV,65 IBU,3.5
Botanical Definition of Berry,Stamm Brewing,Sour - Fruited,7% ABV,N/A IBU,4
Kers en pruim,Double A Brewing,Sour - Other,7% ABV,32 IBU,4.25
Hamovniki Bavarskoe Pshenichnoe (Хамовники Баварское Пшеничное),Moscow Brewing Company (Московская Пивоваренная Компания),Wheat Beer - Hefeweizen,4.8% ABV,13 IBU,3.5
Löwen Böhmisch Hefeweizen,Privatbrauerei Eibau,Wheat Beer - Hefeweizen,5.2% ABV,N/A IBU,3
Nightcap,Verden Brewery,Wheat Beer - American Pale Wheat,6% ABV,35 IBU,4.25
Blastberry,Rewort Brewery,Sour - Fruited,5.8% ABV,6 IBU,4.5
Give Me the Light,13 Litar,IPA - Session,5.1% ABV,35 IBU,3.75
Eibauer Schwarzbier,Privatbrauerei Eibau,Schwarzbier,4.5% ABV,N/A IBU,3.25
Boston Lager,Samuel Adams,Lager - Vienna,5% ABV,30 IBU,3.5
Blueberry Strawberry Temptation,Hops Brewery,IPA - Milkshake,6.6% ABV,25 IBU,4
Hedgehog In the Fog,Hops Brewery,IPA - New England / Hazy,6.6% ABV,10 IBU,4.25
Buckthorn Blood,Zavod,Sour - Smoothie / Pastry,4.4% ABV,N/A IBU,4
A-Side,Bierstaat,IPA - New England / Hazy,6.8% ABV,40 IBU,4
Буран,Rocket City Brewery,Stout - Imperial / Double Milk,7% ABV,N/A IBU,4.25
Bazi-Goze (Бази-Гозе),Pan Kachyn (Пан Качын),Sour - Fruited Gose,5.7% ABV,N/A IBU,3.5
Конфитюр,Brewlok Brewery,Sour - Fruited,7% ABV,N/A IBU,4
Meteora,COVEN BREWERY,Stout - Other,6.5% ABV,15 IBU,3.75
Somnambula,Jaws Brewery,Stout - Imperial / Double Milk,8% ABV,22 IBU,3.75
In the Air,Bierstaat,Farmhouse Ale - Grisette,4.8% ABV,20 IBU,3.75
Pulse. Pistachio Apricot Banana,Hops Brewery,Sour - Fruited,6% ABV,N/A IBU,4.5
CRYO IPA.Single Hop Chinook,Hops Brewery,IPA - American,6.6% ABV,45 IBU,4
Robim Good DATING,Robim Good Brewery,Lager - Dark,4.2% ABV,10 IBU,3.5
Angel,Robim Good Brewery,Lager - Helles,4.6% ABV,13 IBU,3.5
Muson: Papaja i marakuja,Malanka,Sour - Fruited,5% ABV,N/A IBU,4
"One Espresso, Please",BrewT!,Stout - Imperial / Double Coffee,8% ABV,15 IBU,4
"Sour Morning: Lime, Strawberry, Raspberry",Carousel Brewery,Sour - Fruited,5% ABV,6 IBU,4
Illusion,Brewlok Brewery,IPA - Imperial / Double New England / Hazy,7% ABV,45 IBU,4
Cузор'е,Прамень,Stout - Milk / Sweet,6.8% ABV,16 IBU,3.75
Seno Rūsio,Rinkuškiai,Altbier - Traditional,5.4% ABV,25 IBU,3.25
Enigma,13 Litar,IPA - Imperial / Double,8.1% ABV,70 IBU,3.75
Galvanize DDH Talus Cryo Mosaic Idaho 7,Paradox,IPA - Imperial / Double New England / Hazy,7.8% ABV,40 IBU,4
Red Fog,Mad Frog Brewery,Sour - Fruited,5.5% ABV,N/A IBU,4
Full Moon Madness,Valdsam Bjorn Brewery,IPA - English,5% ABV,30 IBU,4
Stout Pastry Salty Caramel,LiS Brew,Stout - Pastry,7% ABV,N/A IBU,3.75
Oatmeal Stout,Boyne Brewhouse,Stout - Oatmeal,6.2% ABV,61 IBU,3.75
Twin Cherry,New Riga's Brewery,Fruit Beer,6.8% ABV,N/A IBU,3.75
Laserotops,Selfmade Brewery,Sour - Smoothie / Pastry,6% ABV,12 IBU,4.25
Love Memories,New Riga's Brewery,Sour - Fruited Berliner Weisse,4% ABV,N/A IBU,4
Onkel Weber Bayerisch Weißbier,Liquid World GbR,Wheat Beer - Hefeweizen,5.4% ABV,N/A IBU,2.5
Vova,Jaws Brewery,Stout - Russian Imperial,10.5% ABV,N/A IBU,4.25
Onkel Weber Bayerisch Schwarzbier,Liquid World GbR,Schwarzbier,4.9% ABV,N/A IBU,2.75
Белая хатка пшеничное,BEAVER (Пивоваренная компания БИВЕР),Blonde / Golden Ale - Other,5.3% ABV,N/A IBU,2.5
Hallerbos (Халлербос),Brauning Bier (Браунинг Бир),Porter - Other,6% ABV,20 IBU,4
Paranoia,Punchiller,IPA - Imperial / Double,8.5% ABV,80 IBU,4.25
Ikarus 280,Hops Brewery,IPA - Imperial / Double New England / Hazy,7.5% ABV,10 IBU,4
Retro Future,Stamm Brewing,IPA - Imperial / Double,8.5% ABV,80 IBU,4
Pattern Interrupt,Stamm Brewing,IPA - Farmhouse,8.5% ABV,N/A IBU,3.75
Soul,13 Litar,Stout - Milk / Sweet,5.8% ABV,25 IBU,4
Grashovae (Грашовае),Rakovsky Brovar (Раковский Бровар),Lager - Pale,4.3% ABV,N/A IBU,3.5
Milk Stout 2021,Чисто пивоварня,Stout - Milk / Sweet,6.2% ABV,17 IBU,4
Beer Cake,Hops Brewery,IPA - American,6% ABV,40 IBU,3.75
CRYO IPA.Single Hop IDAHO GEM,Hops Brewery,IPA - American,6.6% ABV,45 IBU,4
Vietraź: Limon i sumach,Malanka,Wheat Beer - Witbier / Blanche,5.2% ABV,N/A IBU,3.75
Lander Bräu,H-West B.V.,Lager - Pale,4.9% ABV,21 IBU,2.5
LIDSKAE HARD CHERRY LEMONADE,Lidskae Piva (Лідскае Піва),Shandy / Radler,4.6% ABV,N/A IBU,2.5
Karol Jan El Chiapas,Пивоваренная компания «Аливария» (Alivaria Brewery),Fruit Beer,5.1% ABV,N/A IBU,2.5
Brick By Brick,Main Rule,IPA - New England / Hazy,6.4% ABV,40 IBU,3.75
Vanilla,Brewlok Brewery,IPA - Imperial / Double New England / Hazy,7% ABV,35 IBU,3.75
Big Black Mash,AF Brew,Stout - Imperial / Double Pastry,10% ABV,30 IBU,4.5
Galvanize DDH IPA Cryo Sabro Citra Idaho 7,Paradox,IPA - Imperial / Double New England / Hazy,7.8% ABV,40 IBU,4.25
Тако/Taco,Hophead Brewery,Sour - Tomato / Vegetable Gose,6% ABV,5 IBU,4.75
Running Talus,AF Brew,IPA - New England / Hazy,6.5% ABV,20 IBU,4.25
Insane Satyr,Salden's Brewery,IPA - Red,6.5% ABV,60 IBU,3.5
Imperial Tomato Gose,Salden's Brewery,Sour - Tomato / Vegetable Gose,7% ABV,N/A IBU,3.5
Stay the Same,GAS Brew,IPA - Imperial / Double New England / Hazy,8% ABV,50 IBU,4
Two Faced:Mosaic&Citra,Verden Brewery,IPA - Imperial / Double,8.3% ABV,30 IBU,4.25
Sod's Law,BIERBANK,IPA - American,6.5% ABV,50 IBU,3.75
Polyhops,13 Litar,IPA - Imperial / Double,8% ABV,60 IBU,3.75
Warming,SCREW Brewery,IPA - Belgian,7.8% ABV,20 IBU,3.75
Mitrenha: Zappa & Talus,Malanka,IPA - Imperial / Double,8.8% ABV,80 IBU,4
Alone But Not Lonely: Lingonberry,DIETA / ДИЕТА,Sour - Fruited Gose,7.5% ABV,N/A IBU,4
Walnut Bastard,Selfmade Brewery,Stout - Other,8.2% ABV,24 IBU,4
Десертный джаз,Brewlok Brewery,Sour - Fruited,6.5% ABV,N/A IBU,4.25
Weissbier,Hacker-Pschorr,Wheat Beer - Hefeweizen,5.5% ABV,12 IBU,3.5
Firestarter,Krupiecki Brovar,IPA - Imperial / Double,8% ABV,70 IBU,4
Hoppy Cow: Call Your Honey Say U’ll Late,Mad Frog Brewery,Farmhouse Ale - Other,6.5% ABV,25 IBU,4
Reduction,Verden Brewery,Farmhouse Ale - Saison,6.8% ABV,20 IBU,4.25
Chaliera: Idaho 7,Malanka,IPA - American,6.9% ABV,50 IBU,4.25
"SMTH: Black Currant, Raspberry, Elderberry, Maple Syrup",Paradox,Sour - Smoothie / Pastry,5% ABV,12 IBU,4
Grinder Bean,Paradox,Stout - Coffee,6.9% ABV,20 IBU,4
LIDSKAE Classic (ЛІДСКАЕ Класічнае),Lidskae Piva (Лідскае Піва),Lager - Pale,5.2% ABV,18 IBU,3
Grunberger Premium Hefeweizen,Volfas Engelman,Wheat Beer - Hefeweizen,5% ABV,N/A IBU,3
"Eternal Shadow: Peruvian Coffee, Cinnamon & Vanilla",Mantra,Porter - Imperial / Double Coffee,11.5% ABV,20 IBU,4.25
Wheat the Bastards,Time Bomb Brewery,IPA - White / Wheat,6.5% ABV,50 IBU,4
Warlock Book,Selfmade Brewery,Sour - Other,7% ABV,10 IBU,4
Hop Headshot: Citra,Midnight Project,IPA - Triple,11% ABV,111 IBU,4.25
CRYO IPA.Single Hop IDAHO 7,Hops Brewery,IPA - American,6.6% ABV,45 IBU,4
Eclipse,Solbirs Brewery,Stout - Other,6.8% ABV,20 IBU,3.75
Темная лошадка \ Temnaja Loshadka,Brewlok Brewery,Sour - Fruited,6.9% ABV,N/A IBU,3.75
Palisade,13 Litar,Stout - Irish Dry,6.5% ABV,20 IBU,4.25
Good Morning: Black Flag,Mad Frog Brewery,Stout - Other,6.6% ABV,30 IBU,3.75
It's Always Sunny,Valdsam Bjorn Brewery,Sour - Traditional Gose,6.9% ABV,15 IBU,4
Corsendonk Blanche,Brouwerij Corsendonk,Wheat Beer - Witbier / Blanche,4.8% ABV,11 IBU,3.5
APA Vic Secret & Galaxy,Wolf's Brewery (Волковская Пивоварня),Pale Ale - American,5.5% ABV,27 IBU,3.25
Чешский Эль Темный,Česky Lev (Чешский Лев),Lager - Dark,4.9% ABV,N/A IBU,3
Koronet Pub Draught,Lidskae Piva (Лідскае Піва),Lager - Pale,4.7% ABV,5 IBU,2
Xanna's Double Porter,Double Xanna,Porter - Imperial / Double,8.2% ABV,35 IBU,4
Micro Secret,Konix Brewery,IPA - Session,3% ABV,25 IBU,3.75
Stout,OSTROVICA,Stout - Oatmeal,6.5% ABV,30 IBU,3.75
Маленькая Лошадка (malenkaya loshadka),Brewlok Brewery,Sour - Fruited,6.8% ABV,N/A IBU,3.75
Clausthaler Radler Alkoholfrei / Radler Lemon,Radeberger Gruppe,Non-Alcoholic - Shandy / Radler,0.2% ABV,N/A IBU,2.5
Treat You Right,GAS Brew,IPA - Imperial / Double New England / Hazy,8.5% ABV,50 IBU,4
London Pride,Fuller's Griffin Brewery,Bitter - Session / Ordinary,4.1% ABV,30 IBU,3
Incognito,Robim Good Brewery,IPA - American,5.7% ABV,40 IBU,3.5
Bruler Blonde,Belgian Brew Factory,Belgian Blonde,6.8% ABV,N/A IBU,3.75
CRYO IPA.Single Hop AZACCA,Hops Brewery,IPA - American,6.6% ABV,45 IBU,4
Nick Holodnik,Cosmic City,Sour - Tomato / Vegetable Gose,5.9% ABV,N/A IBU,3.5
People of the Sun,Valaduta Brovar,IPA - New England / Hazy,6.2% ABV,20 IBU,3.75
The First Brew We All Understand,Midnight Project,Farmhouse Ale - Other,6.9% ABV,15 IBU,4
Serenity,13 Litar,IPA - Imperial / Double,8% ABV,65 IBU,4
Everyday is a Copy of a Copy of a Copy,Carousel Brewery,IPA - Triple,10% ABV,85 IBU,4
Slota: Simcoe,Malanka,IPA - Belgian,8% ABV,70 IBU,3.75
Algorithm DC,Zagovor Brewery,Stout - Russian Imperial,13.5% ABV,20 IBU,4.25
Analog Dream,Rewort Brewery,Sour - Fruited,6.9% ABV,15 IBU,4.25
ChocoLatte,13 Litar,Stout - Milk / Sweet,5.3% ABV,20 IBU,3.75
HOPS MOTORS,Hops Brewery,IPA - Red,8.9% ABV,70 IBU,4.25
Pulse.PassionFruit Mango Banana,Hops Brewery,Sour - Fruited,6% ABV,N/A IBU,4.25
Self Destruction,Valaduta Brovar,IPA - Imperial / Double,9.2% ABV,55 IBU,4.5
Tribal,Jungle Brewery,Sour - Fruited,6.9% ABV,15 IBU,3.75
Fat Nelson,AF Brew,IPA - Triple New England / Hazy,10% ABV,25 IBU,4
Smuha: Talus,Malanka,IPA - Imperial / Double New England / Hazy,8.6% ABV,N/A IBU,4
Saĺsa: Chabanera,Malanka,Sour - Tomato / Vegetable Gose,5.5% ABV,N/A IBU,4.5
Амнезия (Amnesia),Hophead Brewery,Stout - Russian Imperial,14% ABV,30 IBU,4
Head Rush,Mantra,Barleywine - Other,12% ABV,30 IBU,4.25
"Casual: Columbus, Amarillo, Centennial",Carousel Brewery,IPA - American,7.3% ABV,70 IBU,4
Skyfall,13 Litar,IPA - American,6.1% ABV,40 IBU,3.75
Кочегар/ Stoker,Hophead Brewery,Stout - Russian Imperial,13% ABV,40 IBU,4.5
Sabro One Love,Jungle Brewery,IPA - Session,5% ABV,40 IBU,4.5
Калекцыя Майстра RASPBERRY FIELDS FOREVER,Lidskae Piva (Лідскае Піва),Wheat Beer - Fruited,4.6% ABV,12 IBU,3
Спакуса,Прамень,Porter - American,6.5% ABV,22 IBU,3.75
Gulden Draak Smoked,Brouwerij Van Steenberge,Smoked Beer,10.5% ABV,26 IBU,3.75
Raspberry Bug,Mad Frog Brewery,Sour - Fruited Gose,5.8% ABV,N/A IBU,3.75
Black Raspberry,AF Brew,Porter - Imperial / Double,13% ABV,30 IBU,4
Brett: Apricot,SCREW Brewery,Wild Ale - Other,6.9% ABV,N/A IBU,4
Broken Sun,Valaduta Brovar,Porter - Other,7.9% ABV,37 IBU,3.75
Trojdzień,Carousel Brewery,Stout - Imperial / Double,8.6% ABV,N/A IBU,4.25
Dark Spin: Vanilla/Coconut,Carousel Brewery,Stout - Milk / Sweet,7.5% ABV,25 IBU,4
Натхненне,Прамень,Stout - Oatmeal,6.5% ABV,15 IBU,3.5
King's Breakfast,Valdsam Bjorn Brewery,Stout - Other,6.1% ABV,30 IBU,4
CRYO IPA.Single Hop MOSAIC,Hops Brewery,IPA - American,6.6% ABV,45 IBU,4
Sights In A Big City,Zagovor Brewery,Sour - Fruited,5% ABV,N/A IBU,4
Areli,Malanka,IPA - Sour,7.7% ABV,N/A IBU,3.75
Strawberry Banana Temptation,Hops Brewery,IPA - Imperial / Double Milkshake,7.8% ABV,25 IBU,4
Maybe Milk?,Brewmen,Stout - Milk / Sweet,6.5% ABV,10 IBU,3.75
Monk's Café Flemish Sour Ale,Brouwerij Van Steenberge,Sour - Flanders Red Ale,5.5% ABV,N/A IBU,4.5
Hefeweizen,Discovery Brewing,Wheat Beer - Hefeweizen,4.8% ABV,12 IBU,3.75
Shake 'n Bake,Main Rule,Stout - Imperial / Double,11% ABV,N/A IBU,4
Trickster (Sriracha Edition),Пивоварня Чаща / Thicket Brewery,Sour - Other,6.5% ABV,N/A IBU,4
Wake Up,SCREW Brewery,Stout - Coffee,6.5% ABV,35 IBU,3.75
Pramień: Batch #01,Malanka,Farmhouse Ale - Saison,6.5% ABV,N/A IBU,3.5
Xtreme Kriek,Brouwerij Mort Subite,Lambic - Kriek,4.3% ABV,N/A IBU,3.25
Black Market Smoothie,GAS Brew,Stout - Pastry,6% ABV,40 IBU,3.75
Адвячорак,Прамень,Porter - Coffee,6.5% ABV,25 IBU,3.75
Galaxy One Love,Jungle Brewery,IPA - Session,5% ABV,40 IBU,4
CRYO IPA.Single Hop CASCADE,Hops Brewery,IPA - American,6.6% ABV,45 IBU,3.75
Are You Reddy,Zavod,Sour - Fruited Berliner Weisse,4% ABV,8 IBU,4
Bathory,Plan B Brewery,Red Ale - American Amber / Red,5.7% ABV,50 IBU,4
"Все, что я хочу / All I Want",Coma Brewery,Stout - Milk / Sweet,6.8% ABV,N/A IBU,4
Vyraj: Manha i truskaŭki,Malanka,IPA - Imperial / Double Milkshake,8% ABV,40 IBU,4
Baltic Cyclone,Carousel Brewery,Porter - Imperial / Double Baltic,10.2% ABV,N/A IBU,4.25
Denninghoff's Premium Pilsener,Denninghoff's,Pilsner - German,4.9% ABV,N/A IBU,3
Props: Ekuanot,Valaduta Brovar,Pale Ale - New England / Hazy,6% ABV,30 IBU,4
ЗИМНИЙ (Wintery),Bakunin Brewing Co.,Stout - Imperial / Double,10% ABV,18 IBU,4
Achel Dubbel,De Achelse Kluis,Belgian Dubbel,8% ABV,24 IBU,3.75
Dr. Diesel Hot Mix Вишня-Персик,Объединённые Пивоварни - Холдинг,Fruit Beer,6% ABV,N/A IBU,2.5
Triple IPA Blackcurrant,Salden's Brewery,IPA - Triple,11% ABV,200 IBU,3.5
Maladzik: Blend #02,Malanka,Wild Ale - Other,6.2% ABV,N/A IBU,3.75
ЯСЛЯНКА,Bakunin Brewing Co.,Sour - Tomato / Vegetable Gose,5% ABV,20 IBU,3.5
"Mary, Stay Home!",Konix Brewery,Sour - Tomato / Vegetable Gose,4% ABV,N/A IBU,3.75
PopGun #2,GAS Brew,Hard Seltzer,5% ABV,N/A IBU,3.75
Индульгенция,ALASKA brewery,Sour - Other Gose,6.3% ABV,N/A IBU,3.75
Кизиловый суп / Dogwood Soup,Hophead Brewery,Sour - Other Gose,6% ABV,5 IBU,4.25
Индийский томатный суп/Indian Tomato Soup,Hophead Brewery,Sour - Tomato / Vegetable Gose,6% ABV,5 IBU,4
Крчик / Քրչիկ «Armenian krchik»,Hophead Brewery,Sour - Other Gose,6% ABV,5 IBU,4.25
Smoked Salsa Roja,Brewmen,Sour - Tomato / Vegetable Gose,5% ABV,5 IBU,4.25
Ле Бодун/ Le Boudune,Hophead Brewery,Sour - Other Gose,6% ABV,5 IBU,3.75
Lipa Naked Ice,Rising Moon Brewery,Mead - Metheglin,6% ABV,N/A IBU,2.25
I Got the Remedy,Mad Frog Brewery,Sour - Fruited,4.8% ABV,N/A IBU,4
Pine Shot,13 Litar,IPA - Imperial / Double,7.3% ABV,70 IBU,4
Liquid Saturation,Selfmade Brewery,Sour - Smoothie / Pastry,6% ABV,12 IBU,4
Russian Imperial Stout V.IV,Jaws Brewery,Stout - Russian Imperial,11% ABV,80 IBU,4
UNTIL IT SLEEPS,COVEN BREWERY,Porter - Imperial / Double Baltic,8.4% ABV,43 IBU,4
Dance Revolution,Big Village Brewery,Sour - Fruited Gose,6% ABV,N/A IBU,4.25
Chupa’s Dank Blaster,Wild Lab,IPA - Imperial / Double New England / Hazy,8% ABV,N/A IBU,4
Lichamanka: Triumph,Malanka,IPA - Imperial / Double,8% ABV,70 IBU,4
Smuha: Sabro,Malanka,IPA - Imperial / Double New England / Hazy,7.6% ABV,30 IBU,4.25
SubNuclear,Nuclear Brewery,Barleywine - Other,12.8% ABV,30 IBU,4.25
Brewer's Profile: Sahti,AF Brew,Farmhouse Ale - Sahti,7% ABV,N/A IBU,3.75
Törökkä,Snowcap Brewing,IPA - New Zealand,7% ABV,55 IBU,3.75
Nameless Enemy,Selfmade Brewery,Stout - Imperial / Double,12.6% ABV,38 IBU,4
CA VA?,Balance Brewery,Farmhouse Ale - Saison,6.8% ABV,20 IBU,4
Moosbacher Saphir,Private Landbrauerei Scheuerer,Märzen,5.8% ABV,N/A IBU,3.5
Extended Mix,Big Village Brewery,IPA - Triple New England / Hazy,9.5% ABV,40 IBU,4
Macro Series: Smoky Peppers,Jaws Brewery,Stout - Imperial / Double,10.5% ABV,80 IBU,4
F*ck the Dust! DDH Mosaic,AF Brew,IPA - Triple New England / Hazy,10% ABV,40 IBU,4.25
Smuha: Strata,Malanka,IPA - Imperial / Double New England / Hazy,8.6% ABV,N/A IBU,4
Yotvingian,Plague Brew,Porter - Imperial / Double Baltic,10.5% ABV,35 IBU,4
Strava: Cadziki,Malanka,Sour - Other,5.8% ABV,N/A IBU,3.75
Death Valley,Big Village Brewery,IPA - Imperial / Double,8.2% ABV,90 IBU,4
City Rider,Main Rule,IPA - American,7.5% ABV,20 IBU,4
Nuclear Laundry (Атомная Прачечная),Jaws Brewery,IPA - American,7% ABV,101 IBU,4.25
Army of One,Plague Brew,Strong Ale - American,10% ABV,55 IBU,3.75
imPEACHment,Punchiller,IPA - American,6.3% ABV,45 IBU,4
Delirium Nocturnum,Delirium - Huyghe Brewery,Belgian Strong Dark Ale,8.5% ABV,24 IBU,3.75
"Maple, Eh?",Mikkeller,Stout - Other,10% ABV,N/A IBU,3.75
Robim Good CRYSTAL,Robim Good Brewery,Lager - Pale,4.9% ABV,8 IBU,3.25
CRYO IPA. Single Hop CITRA,Hops Brewery,IPA - American,6.6% ABV,45 IBU,3.75
Źurek,Knightberg,Sour - Other Gose,4% ABV,N/A IBU,4.25
LIDSKAE Ideal (ЛIДСКАЕ Iдэал),Lidskae Piva (Лідскае Піва),Lager - Pale,5% ABV,13 IBU,3
MindBug,XP Brew,Stout - Russian Imperial,11% ABV,70 IBU,4
Юнга (Calvados Edition),On The Bones Contract Brewery,Stout - Russian Imperial,10% ABV,14 IBU,4.25
Trappistes Rochefort 10,Abbaye Notre-Dame de Saint-Rémy,Belgian Quadrupel,11.3% ABV,27 IBU,4.25
ZEUS,13 Litar,IPA - American,6% ABV,45 IBU,3.75
Youth & Freshness: All Red,DIETA / ДИЕТА,Sour - Fruited Gose,7.5% ABV,N/A IBU,4
Синдром дефицита внимания (СДВГ)/ Attention deficit hyperactivity disorder (ADHD),Hophead Brewery,Stout - American,10.5% ABV,25 IBU,3.75
Tomato Method (Smoky Hot Edition),Selfmade Brewery,Sour - Tomato / Vegetable Gose,5.6% ABV,12 IBU,4
Californication,Mad Frog Brewery,IPA - White / Wheat,6.2% ABV,35 IBU,4
Hush Sabotage,Valaduta Brovar,Sour - Other,7.2% ABV,15 IBU,4.25
Tomato Gose Chili Extra Hot Edition,Salden's Brewery,Sour - Tomato / Vegetable Gose,5% ABV,N/A IBU,3.75
Vir: Batch #01,Malanka,Wild Ale - Other,6.9% ABV,N/A IBU,4.5
Koshey / Кощей,Brewlok Brewery,Stout - Coffee,6.9% ABV,N/A IBU,4
Палитра #3 манго & базилик,Brewlok Brewery,IPA - Milkshake,6.8% ABV,N/A IBU,3.75
Sweet Revenge,Selfmade Brewery,Stout - Milk / Sweet,7% ABV,22 IBU,4
Fog In A Can,Mad Frog Brewery,Sour - Fruited,6% ABV,N/A IBU,3.5
Double You,Jungle Brewery,IPA - Imperial / Double,8.7% ABV,90 IBU,4
Аксамiт,Прамень,Stout - Oatmeal,6.8% ABV,15 IBU,3.75
White In Black,Verden Brewery,Stout - Imperial / Double Milk,9% ABV,N/A IBU,3.5
Cuvée des Jacobins Rouge,Omer Vander Ghinste,Sour - Flanders Red Ale,5.5% ABV,11 IBU,4
FLASHING LIGHTS,Bakunin Brewing Co.,Sour - Smoothie / Pastry,6.5% ABV,18 IBU,3.75
Curry Yuga,Selfmade Brewery,Sour - Other,6.3% ABV,8 IBU,3.75
The Mix of Taste / Gooseberry & Passion Fruit,Konix Brewery,Sour - Fruited,6.5% ABV,12 IBU,3.5
Rising Sun,BIERBANK,IPA - Other,6.7% ABV,50 IBU,3.75
Pear Smoothie,Zavod,Fruit Beer,4% ABV,N/A IBU,3.5
Tropic Mango Smoothie,Brewmen,Sour - Smoothie / Pastry,5.5% ABV,10 IBU,3.75
Soulless,Valdsam Bjorn Brewery,Hard Ginger Beer,4.7% ABV,N/A IBU,3.5
Pulse.BlackCurrant BlueBerry Banana,Hops Brewery,Sour - Fruited,6% ABV,N/A IBU,4.25
Way of Life,Rewort Brewery,IPA - Milkshake,6.9% ABV,28 IBU,4.25
Red Scare,Mitra Brewing Co.,IPA - Sour,7% ABV,30 IBU,3.75
Tomato Method,Selfmade Brewery,Sour - Tomato / Vegetable Gose,5.6% ABV,12 IBU,3.5
Living In the Shadows,Valaduta Brovar,IPA - Imperial / Double Black,10% ABV,40 IBU,3.75
Lose Gooself,Mitra Brewing Co.,IPA - Sour,7% ABV,30 IBU,4
Alcoholic Crime: The Peat Monster,Brew Fiction,Stout - Russian Imperial,11.5% ABV,20 IBU,4
Alcoholic Crime: Port Charlotte,Brew Fiction,Porter - Imperial / Double,10.5% ABV,20 IBU,4
DARK Times,R&D sCREW,IPA - Black / Cascadian Dark Ale,6.9% ABV,69 IBU,3.75
Trasca: Centennial,Malanka,IPA - Triple,10% ABV,70 IBU,3.75
Alcoholic Crime: Blueberries And White Chocolate,Brew Fiction,Porter - Imperial / Double,10.5% ABV,20 IBU,4.5
Икарус,Midnight Project,IPA - Imperial / Double New England / Hazy,8% ABV,N/A IBU,4
Dead Pony Club,BrewDog,IPA - Session,3.8% ABV,35 IBU,3.75
Караван,Прамень,Pale Ale - American,5.8% ABV,33 IBU,4
Hungry Healthy Happy,Wild Lab,Sour - Fruited,6% ABV,N/A IBU,3.75
Just Jungle,Jungle Brewery,IPA - Imperial / Double New England / Hazy,8% ABV,40 IBU,4
Марена,Valdsam Bjorn Brewery,IPA - Other,7.1% ABV,40 IBU,4
Michelada,Valaduta Brovar,Sour - Tomato / Vegetable Gose,5.5% ABV,10 IBU,4.5
Dog Poisoner (coconut+),Mad Frog Brewery,Porter - Other,7.6% ABV,30 IBU,3.75
Белае футра,Прамень,Wheat Beer - Hefeweizen,5.8% ABV,9 IBU,3.75
Alcoholic Crime: Red Wine B.A.,Brew Fiction,Stout - Russian Imperial,11.5% ABV,20 IBU,4
Hop's Endless Love,BIERBANK,IPA - New England / Hazy,6.3% ABV,32 IBU,3.75
Working Solution,13 Litar,Porter - English,5.5% ABV,20 IBU,3.75
In Joy And Sorrow,COVEN BREWERY,Belgian Strong Dark Ale,8.5% ABV,15 IBU,3.75
PONZO,OSTROVICA,Wheat Beer - American Pale Wheat,6.8% ABV,N/A IBU,4
A Piece of Cake,BIERBANK,Porter - Other,7.6% ABV,17 IBU,3.75
White Stork IPA,Balance Brewery,IPA - White / Wheat,5.6% ABV,51 IBU,3.75
Бычье Сердце,Pivot Point,Sour - Tomato / Vegetable Gose,6.5% ABV,9 IBU,3.75
Черный флаг \ Chernyj Flag,Brewlok Brewery,Porter - English,6.5% ABV,N/A IBU,3.75
Dessert Storm,Rewort Brewery,Sour - Fruited,6% ABV,8 IBU,4
Lichamanka: Cashmere,Malanka,IPA - Imperial / Double,8% ABV,70 IBU,4
WICKED GAME,COVEN BREWERY,Sour - Smoothie / Pastry,6% ABV,10 IBU,3.75
Darknet,4BREWERS,Stout - Other,6.9% ABV,N/A IBU,4.25
Пятый Океан Русский Лагер,Moscow Brewing Company (Московская Пивоваренная Компания),Lager - Helles,4% ABV,29 IBU,3
Fridtjof N.,Rewort Brewery,IPA - American,6% ABV,50 IBU,4
Blowing Up: Pineapple & Mango,Stamm Brewing,Sour - Fruited,5% ABV,N/A IBU,4
Our Universe,Pivot Point,IPA - New England / Hazy,6.2% ABV,30 IBU,3.75
VIOLET BEAR,BIERBANK,Sour - Fruited,4.9% ABV,5 IBU,3.75
DIPA,Panzer Brewery,IPA - Imperial / Double,8.5% ABV,85 IBU,3.75
Ivan,Victory Art Brew,Stout - Russian Imperial,13% ABV,100 IBU,4
Копоть Черной Пантеры,4BREWERS,Porter - Smoked,6.5% ABV,31 IBU,3.75
TEARS DON'T FALL,COVEN BREWERY,Sour - Fruited,6.5% ABV,N/A IBU,4.25
Sunset,13 Litar,Pale Ale - American,5.1% ABV,30 IBU,3.5
Унесенные Витом [Зимняя версия],4BREWERS,Wheat Beer - Witbier / Blanche,6.5% ABV,N/A IBU,3.75
Шишки & Иголки,Valdsam Bjorn Brewery,IPA - Other,6% ABV,40 IBU,4
Pavaloka: Medusa,Malanka,IPA - Triple New England / Hazy,10% ABV,N/A IBU,4
Эксперимент Brewmen&Paradox,Brewmen,Stout - Imperial / Double Milk,6.5% ABV,28 IBU,4
Феромоны,ALASKA brewery,IPA - New England / Hazy,6.5% ABV,30 IBU,3.75
Слеза комсомолки,Valdsam Bjorn Brewery,IPA - Milkshake,8.3% ABV,25 IBU,4
Blood Moon,Rewort Brewery,Sour - Tomato / Vegetable Gose,6.5% ABV,N/A IBU,3.75
Sacred Duality,Rewort Brewery,Stout - Imperial / Double Milk,6.9% ABV,27 IBU,4
Weizensonne,Brauhaus Leikeim,Wheat Beer - Hefeweizen,5.4% ABV,N/A IBU,1.75
So Much Caffeine V.2.0  Monsooned Malabar Edition,Bierstaat,Stout - Coffee,6.5% ABV,17 IBU,4.25
Шоколадный имперский стаут,AK Brewery,Stout - Imperial / Double Oatmeal,10% ABV,52 IBU,3.75
Black IPA / Triple Dry Hopped ...,Чисто пивоварня,IPA - Black / Cascadian Dark Ale,5.5% ABV,55 IBU,3.75
Sweet Attraction,4IT 6r3w3ry,Stout - Milk / Sweet,7.5% ABV,20 IBU,3.75
Repeater 2,Zagovor Brewery,Sour - Smoothie / Pastry,7% ABV,10 IBU,4.25
Repeater 1,Zagovor Brewery,Stout - Imperial / Double Pastry,12% ABV,20 IBU,4
"Herb & Berry, You Make Merry: Raspberry With Basil",DIETA / ДИЕТА,Sour - Fruited Gose,7.5% ABV,N/A IBU,4
IN THE END,COVEN BREWERY,IPA - Imperial / Double New England / Hazy,8% ABV,45 IBU,3.75
Eibauer Hefeweizen,Privatbrauerei Eibau,Wheat Beer - Hefeweizen,5.2% ABV,N/A IBU,3.25
VENUS DOOM,COVEN BREWERY,Stout - Imperial / Double,13% ABV,40 IBU,4
Chvalia: Manha i kakos,Malanka,Sour - Fruited,5% ABV,N/A IBU,4
Rock Out,Bierstaat,Porter - Baltic,6.9% ABV,25 IBU,4
Tatalitaryzm,Punchiller,Porter - Imperial / Double,10.8% ABV,30 IBU,4
Spaten München / Münchner Hell / Premium Lager,Spaten-Franziskaner-Löwenbräu-Gruppe,Lager - Helles,5.2% ABV,21 IBU,3.5
Radeberger Pilsner,Radeberger Gruppe,Pilsner - German,4.8% ABV,33 IBU,3.5
Bravada Xmas Bock,Jaws Brewery,Bock - Single / Traditional,6.9% ABV,N/A IBU,3.75
Mystic,Jungle Brewery,Sour - Fruited,7% ABV,14 IBU,3.75
Bridge,Robim Good Brewery,Bitter - Session / Ordinary,4.9% ABV,31 IBU,3.5
Maple Brunch,Rewort Brewery,Porter - Imperial / Double,6.9% ABV,33 IBU,4
Orbital Thirsty: Peach & Pineapple & Passion Fruit,Red Rocket Brewery,Sour - Fruited,7% ABV,N/A IBU,3.75
Kinnermü,Snowcap Brewing,Stout - Milk / Sweet,7% ABV,35 IBU,4.5
Хармс. Том 2 / Harms. Volume 2,Brewlok Brewery,Stout - Russian Imperial,11% ABV,N/A IBU,4.25
KEEP WARM!,BIERBANK,Brown Ale - Other,6.9% ABV,17 IBU,3.75
Clarity,13 Litar,IPA - American,6.1% ABV,40 IBU,3.75
Pink Floyd,Rock-n-Rolla's,Porter - Baltic,8% ABV,25 IBU,3
Вялiкая Мядзведзiца,Прамень,Porter - Baltic,6.9% ABV,23 IBU,3.5
Aktien Original 1857,Bayreuther Bierbrauerei,Lager - Dortmunder / Export,5.3% ABV,18 IBU,3.5
HYPNOPHOBIA,Big Village Brewery,Porter - Imperial / Double Coffee,8.5% ABV,30 IBU,4
Videoclub,Stamm Brewing,IPA - Imperial / Double New England / Hazy,8% ABV,N/A IBU,3.75
Dream Catcher,Rewort Brewery,IPA - Imperial / Double,8.1% ABV,47 IBU,3.75
Биполярное расстройство/ Bipolar disorder,Hophead Brewery,Stout - Other,10.5% ABV,25 IBU,4
In Chaos We Trust,Valdsam Bjorn Brewery,IPA - English,5.5% ABV,40 IBU,3.75
Merry Xmas Ya Filthy Animal!,AF Brew,Sour - Fruited,6% ABV,N/A IBU,4
ПАЛЕССЕ,Carousel Brewery,Wheat Beer - Hefeweizen,6% ABV,N/A IBU,4
Insomnia,13 Litar,Porter - American,9% ABV,40 IBU,4.25
BIG BOSS,Taler (Талер),Stout - Imperial / Double,9.5% ABV,40 IBU,3.5
Choco Rabbits,Mad Frog Brewery,Porter - Other,6% ABV,10 IBU,3.75
Red Line,Mad Frog Brewery,IPA - Red,6% ABV,65 IBU,4.25
Sour Face,Mad Frog Brewery,Sour - Other,5.5% ABV,2 IBU,4
Social Height Club,Time Bomb Brewery,Porter - Imperial / Double,9% ABV,50 IBU,4
Калекцыя Майстра Mango Milkshake Pale Ale,Lidskae Piva (Лідскае Піва),Pale Ale - Milkshake,5.6% ABV,20 IBU,3.75
Зорны Пыл,Прамень,Stout - Milk / Sweet,6.4% ABV,17 IBU,3.5
Rose Tart,Plan B Brewery,Sour - Fruited,6% ABV,N/A IBU,3.75
Wolf's Shepherd / Волчий Пастырь,Brewlok Brewery,IPA - Triple,8.6% ABV,105 IBU,3.75
Black Sabro,13 Litar,IPA - Imperial / Double Black,7.8% ABV,60 IBU,3.75
Калекцыя Майстра BALTIC PORTER,Lidskae Piva (Лідскае Піва),Porter - Baltic,6% ABV,25 IBU,3.5
Peach Temptation,Hops Brewery,IPA - Milkshake,7% ABV,25 IBU,3.75
Bull Punch,Hops Brewery,IPA - Imperial / Double,8.2% ABV,70 IBU,3.75
HOPS SHOT,Hops Brewery,Lager - Pale,4.1% ABV,11 IBU,3.5
Black Spawn,Mantra,Stout - Russian Imperial,13% ABV,40 IBU,4.5
Beer With Taste of Beer: American IPA #3,Пивная Диета (Beer Diet),IPA - American,7.7% ABV,40 IBU,4
No More Tropical Juice,Jungle Brewery,IPA - American,6.4% ABV,30 IBU,4
CHOrny GOzeL (ЧОрны гОзеЛ),Pan Kachyn (Пан Качын),Sour - Traditional Gose,5.1% ABV,N/A IBU,3
Арбатское IPA,Arbat (Арбат),IPA - Other,5.25% ABV,45 IBU,3.5
Munchenweiss,Bierstaat,Lager - Pale,5.1% ABV,N/A IBU,3
Welcome Back,13 Litar,Stout - Milk / Sweet,5.8% ABV,N/A IBU,3.75
Кантынент,Прамень,Pale Ale - American,6.3% ABV,35 IBU,4
Hop Headshot: Galaxy,Midnight Project,IPA - Triple,11% ABV,111 IBU,4.25
Russian Imperial Stout V.I,Jaws Brewery,Stout - Russian Imperial,10.5% ABV,80 IBU,4
Canneberge Spontanée,Ame Wild Freaks,Wild Ale - Other,6% ABV,N/A IBU,4
Imperial Russian Stout,Ridgeway Brewing,Stout - Russian Imperial,10% ABV,99 IBU,4
No Man's Land,Valaduta Brovar,Belgian Strong Dark Ale,10% ABV,30 IBU,4.25
Доза [Banana + Blueberry],4BREWERS,Sour - Smoothie / Pastry,6% ABV,N/A IBU,4
Tart Citra,R&D sCREW,IPA - Sour,5.8% ABV,20 IBU,4
Saisonery,R&D sCREW,Farmhouse Ale - Saison,5.7% ABV,20 IBU,3.75
Freekick,13 Litar,Bitter - Extra Special / Strong (ESB),5.5% ABV,35 IBU,3.5
Warka Strong / Premium / High Quality Beer,Browar Warka,Lager - Strong,6.3% ABV,N/A IBU,3
Sprucery,R&D sCREW,Stout - Other,6.5% ABV,65 IBU,3.75
Decontrol: Coconut & Maple,Zagovor Brewery,Porter - Imperial / Double,11.5% ABV,35 IBU,4.5
Рижское,Varnitsa (Варница),Lager - Pale,5.5% ABV,N/A IBU,2
Trasca: Ella,Malanka,IPA - Triple,10% ABV,90 IBU,4
Rage & Dementia,Valaduta Brovar,Belgian Dubbel,7.5% ABV,20 IBU,4.25
Santa Muerte,4BREWERS,Stout - Coffee,6.5% ABV,35 IBU,4
FCK2020,Valdsam Bjorn Brewery,IPA - Other,5.5% ABV,35 IBU,3.75
La Petite Fleur,Brewlok Brewery,Wild Ale - Other,10.2% ABV,N/A IBU,4.25
ACIDOPLICATION,Big Village Brewery,Sour - Fruited Gose,6% ABV,N/A IBU,4
Вторая личность,4BREWERS,Porter - Other,8% ABV,20 IBU,4
The Doors,Rock-n-Rolla's,Belgian Tripel,9% ABV,20 IBU,4
Sour Morning: Mango,Carousel Brewery,Sour - Fruited,5.6% ABV,13 IBU,3.75
Знiчка,Прамень,Porter - Baltic,6.9% ABV,25 IBU,3.75
Ищу Человека / Looking for a Human,Jaws Brewery,Sour - Flanders Red Ale,5.65% ABV,N/A IBU,4
Tortuga,13 Litar,IPA - American,6% ABV,40 IBU,3.75
3 Тонны,Bochkarevsky Pivovarenny Zavod (Бочкаревский Пивоваренный Завод),Lager - Pale,4.8% ABV,N/A IBU,2
Petrus Dubbel,Brouwerij De Brabandere,Belgian Dubbel,6.5% ABV,22 IBU,3.75
Colors of Venezuela (Hugo C.),Rewort Brewery,IPA - Milkshake,6.9% ABV,40 IBU,4
Karlsbräu Naturtrübes Kellerbier,Karlsberg Brauerei,Kellerbier / Zwickelbier,5.2% ABV,23 IBU,3
Black Cat,Panzer Brewery,Stout - Milk / Sweet,5% ABV,24 IBU,3.75
Tales of Coconut,Panzer Brewery,Porter - Other,6.9% ABV,37 IBU,4
#300,Plan B Brewery,Stout - Russian Imperial,14% ABV,35 IBU,4.25
"SQUIRTDZH - Passion Fruit, Guava, Bloody Orange",Cosmic City,Sour - Smoothie / Pastry,6% ABV,N/A IBU,4
Slota: Mosaic,Malanka,IPA - Belgian,6.6% ABV,70 IBU,4
Tropical Drops,Rewort Brewery,Sour - Fruited,4% ABV,14 IBU,3.75
Chmara,Malanka,Stout - Imperial / Double Oatmeal,10.5% ABV,N/A IBU,4.25
Tonnellata Di PEPERONNI,BIERBANK,Sour - Tomato / Vegetable Gose,4.8% ABV,11 IBU,4
Sour Guava Party,Stamm Brewing,Sour - Fruited,6% ABV,10 IBU,4
Антиматерия,Atmosphere Brewery,Stout - Milk / Sweet,6% ABV,16 IBU,4
Floatation,Rewort Brewery,IPA - New England / Hazy,6.5% ABV,39 IBU,3.75
Endor III,Lux In Tenebris,Stout - Imperial / Double Pastry,11.8% ABV,30 IBU,4.25
Liquidator,Valaduta Brovar,Bock - Doppelbock,10.5% ABV,25 IBU,4.25
Gambrinus Patron 12 / Plná 12 / Premium 12,Plzeňský Prazdroj,Pilsner - Czech / Bohemian,5.2% ABV,N/A IBU,3.5
Motel Room,Paradox,Stout - Imperial / Double Pastry,7% ABV,15 IBU,4
Quad Hopper,AF Brew,IPA - Quadruple,10% ABV,25 IBU,4
Immersion,13 Litar,Belgian Strong Dark Ale,8.7% ABV,N/A IBU,4
Последний император Фёдор/ The Last Emperor Fyodor,Hophead Brewery,Stout - Russian Imperial,14.2% ABV,50 IBU,4.5
Warlock 2020,Hophead Brewery,Stout - Russian Imperial,11.8% ABV,20 IBU,4
Old Sparky,AF Brew,IPA - Triple,10% ABV,100 IBU,4.25
NUKA QUAD IPA,Hops Brewery,IPA - Quadruple,15.1% ABV,120 IBU,4.25
Гумилёв \ Gumilyov,Brewlok Brewery,Stout - Russian Imperial,10.7% ABV,N/A IBU,4.25
See You Later,13 Litar,IPA - American,6.2% ABV,40 IBU,3.75
Night Cafe,R&D sCREW,Stout - Imperial / Double Coffee,8% ABV,55 IBU,4
Дудеизм \ Dudeism,Brewlok Brewery,Stout - White / Golden,6.8% ABV,N/A IBU,4
My Wheatberry Nights,AF Brew,Wheat Beer - American Pale Wheat,6% ABV,24 IBU,4
Petrus BDX,Brouwerij De Brabandere,Sour - Flanders Red Ale,5.5% ABV,15 IBU,4
BALTIC STORM,13 Litar,Porter - Imperial / Double Baltic,10.8% ABV,N/A IBU,4.25
Неврастения/Neurasthenia,Hophead Brewery,Stout - Imperial / Double Milk,10.5% ABV,20 IBU,4.25
RE2PROJECT (Quarantine Edition),Rewort Brewery,Sour - Fruited,6.5% ABV,12 IBU,4
Kuyt For the People,SCREW Brewery,Historical Beer - Kuit / Kuyt / Koyt,4.5% ABV,30 IBU,4
Млечны шлях,Прамень,Stout - Milk / Sweet,5% ABV,17 IBU,3.5
Smoked Weekend,Bierstaat,Smoked Beer,6.9% ABV,25 IBU,3.75
3 in 1 Super Sour,Stamm Brewing,Sour - Fruited,7% ABV,N/A IBU,4
Старая Пигалица (Old Chibis) Ver.2,CHIBIS Brewery,Stout - Russian Imperial,12% ABV,50 IBU,3.75
Прастора,Прамень,IPA - American,6.5% ABV,40 IBU,3.75
Паралель,Прамень,Kölsch,6% ABV,18 IBU,3.75
Ранiца,Прамень,Wheat Beer - Hefeweizen,5.5% ABV,8 IBU,3.75
Buggel Dark Beer,Varnitsa (Варница),Lager - Dark,4.5% ABV,N/A IBU,3.25
Bavik Super Pils,Brouwerij De Brabandere,Pilsner - Other,5.2% ABV,22 IBU,3.25
Blindos Tradicinis,Švyturys,Märzen,6% ABV,N/A IBU,2.75
The Machine IPA,Victory Art Brew,IPA - American,7.9% ABV,65 IBU,3.75
Ищу Человека / Looking for a Human (White Edition),Jaws Brewery,Sour - Flanders Oud Bruin,5.5% ABV,N/A IBU,4.25
Frangelic Mountain Brown,Founders Brewing Co.,Brown Ale - American,9% ABV,40 IBU,4.25
Ayahuasca,LiS Brew,Sour - Other,5% ABV,N/A IBU,3.75
Spin On Tangerine,Carousel Brewery,IPA - Imperial / Double,9.5% ABV,50 IBU,4
Nobiscum Satanas,Valaduta Brovar,Belgian Strong Golden Ale,9.5% ABV,25 IBU,4.25
Mindaug,Carousel Brewery,Porter - Baltic,9.3% ABV,29 IBU,4
Ščučynščyna,Carousel Brewery,IPA - American,6.7% ABV,80 IBU,3.75
Pilsner,Feldschlößchen Dresden,Pilsner - German,4.9% ABV,N/A IBU,3
Muson: Fiejchoa i huava,Malanka,Sour - Fruited,5% ABV,N/A IBU,4
NUKA TRIPLE IPA,Hops Brewery,IPA - Triple,11% ABV,100 IBU,3.75
Хваля,Прамень,Pale Ale - American,5.6% ABV,28 IBU,3.5
City Lights,Verden Brewery,Pale Ale - American,5% ABV,35 IBU,3.75
Xocolatl Tlamanalistli,Rock'n'Beer,Stout - Imperial / Double,13.8% ABV,N/A IBU,4
Most Distant Lights,Zagovor Brewery,IPA - Imperial / Double New England / Hazy,8% ABV,45 IBU,4
Острая Томатная Дичь,Atmosphere Brewery,Sour - Tomato / Vegetable Gose,6.5% ABV,10 IBU,3.75
Likho / Лихо,Brewlok Brewery,IPA - Imperial / Double,8.6% ABV,120 IBU,3.75
Sunset Cafe,Wild Lab,Sour - Fruited,6% ABV,N/A IBU,3.75
Dark Memories,13 Litar,IPA - Black / Cascadian Dark Ale,6.5% ABV,45 IBU,3.75
High Kick,Jungle Brewery,IPA - Red,6.9% ABV,65 IBU,3.75
Roniger Collection - Hefeweizen,Feldschlösschen,Wheat Beer - Hefeweizen,5.8% ABV,17 IBU,3.5
Tongerlo Bruin - Brune,Brouwerij Haacht Brasserie,Belgian Dubbel,6.5% ABV,N/A IBU,3.5
MOLOKO+ / MLKO+,Bakunin Brewing Co.,Stout - Milk / Sweet,6.5% ABV,25 IBU,3.75
Spark Joy,Mikkeller,IPA - New England / Hazy,7% ABV,N/A IBU,3.75
INSANE 692,Hops Brewery,IPA - Imperial / Double,8% ABV,35 IBU,4.25
Decontrol,Zagovor Brewery,Porter - Imperial / Double,10% ABV,35 IBU,4.5
Mango Temptation,Hops Brewery,IPA - Milkshake,7% ABV,25 IBU,3.75
I Remember My First Check-In,Jungle Brewery,Sour - Fruited,4.7% ABV,15 IBU,3.5
Optimism,Mad Frog Brewery,IPA - Milkshake,6.2% ABV,30 IBU,3.5
Healthy Pill For Sunday Walkers,Mad Frog Brewery,Sour - Fruited,5.8% ABV,N/A IBU,4
Truth & Rights,Jungle Brewery,IPA - New England / Hazy,7.2% ABV,40 IBU,4
Carolina Starfrog And Spicy Tomato Flavored Water,Mad Frog Brewery,Sour - Traditional Gose,6% ABV,N/A IBU,4
Hot Rod Gasoline,Mad Frog Brewery,Stout - American,6.1% ABV,35 IBU,4.25
Запаветная Таямнiца,Прамень,Schwarzbier,5% ABV,15 IBU,3.75
Закiнуты Млын,Прамень,Wheat Beer - Hefeweizen,4.5% ABV,10 IBU,3.75
Mosaic Psychopathy,Punchiller,IPA - Imperial / Double,9% ABV,116 IBU,4
Gubernija Tradicinis Bock / Traditional Bock,Gubernija Brewery,Bock - Hell / Maibock / Lentebock,6% ABV,N/A IBU,3.25
5th Ocean Grand Ale (5-й Океан Гранд Эль),Moscow Brewing Company (Московская Пивоваренная Компания),Bitter - Extra Special / Strong (ESB),6.2% ABV,N/A IBU,2.75
Burg Premium German Lager,Darguner Brauerei,Lager - Pale,5.5% ABV,N/A IBU,3
BraufactuM Yakeros,Radeberger Gruppe,IPA - American,6.5% ABV,65 IBU,3.5
Slim Line,DIETA / ДИЕТА,Stout - Imperial / Double,14.5% ABV,N/A IBU,4.25
Wittekerke Rosé,Brouwerij De Brabandere,Wheat Beer - Fruited,4.3% ABV,N/A IBU,3
What Is Sabro?,13 Litar,IPA - Imperial / Double,7.8% ABV,70 IBU,4
Citra One Love,Jungle Brewery,IPA - Session,5% ABV,40 IBU,3.75
Rei De La Coco,Valaduta Brovar,Stout - Other,6% ABV,20 IBU,4
Workout,13 Litar,Porter - English,5.5% ABV,N/A IBU,4
LEVIATHAN,BIERBANK,Porter - Other,7.2% ABV,20 IBU,3.75
Паўночны Бераг,Прамень,Porter - Baltic,6.9% ABV,24 IBU,3.75
Smuha: Nelson Sauvin,Malanka,IPA - Imperial / Double New England / Hazy,8% ABV,N/A IBU,4
Ananas-Ha! (Ананас-Ха!),Pan Kachyn (Пан Качын),Mead - Melomel,4.6% ABV,N/A IBU,3.75
Voices In My Head,Valaduta Brovar,IPA - American,6% ABV,40 IBU,3.75
Туманны Далягляд,Прамень,Wheat Beer - Dunkelweizen,4.8% ABV,14 IBU,3.75
Strike,Bierstaat,Stout - Milk / Sweet,6.9% ABV,29 IBU,3.75
Дом 40 Скелетов,Brewlok Brewery,Stout - Oatmeal,5.5% ABV,N/A IBU,3.75
Hard SHIFT,Hops Brewery,Lager - IPL (India Pale Lager),4.8% ABV,25 IBU,3
Schengen Beast,Rinkuškiai,Lager - Pale,5.2% ABV,N/A IBU,3
Ypres (Ипр),Brauning Bier (Браунинг Бир),IPA - Belgian,6.9% ABV,40 IBU,3.25
Dark Island,13 Litar,Brown Ale - English,5.1% ABV,25 IBU,3.75
Irish Ale (Ирландский Эль),Bochkarevsky Pivovarenny Zavod (Бочкаревский Пивоваренный Завод),Red Ale - Irish,6.5% ABV,N/A IBU,3
"That's all, TIPA",Rising Moon Brewery,IPA - Triple,10% ABV,111 IBU,4
Halaklin: Abliapicha,Malanka,Sour - Fruited Gose,4.5% ABV,N/A IBU,4
Jownik,Lux In Tenebris,Scotch Ale / Wee Heavy,8.4% ABV,15 IBU,4.25
Imperial Russian Stout (2016),Stone Brewing,Stout - Russian Imperial,10.8% ABV,65 IBU,4.5
Honky Tonk,Valaduta Brovar,Pale Ale - American,5.5% ABV,25 IBU,4
Zlydzen,Midnight Project,Scotch Ale / Wee Heavy,8.3% ABV,15 IBU,4.5
Рэха,Прамень,Mead - Traditional,5% ABV,N/A IBU,3.75
Autumn Insomnia,Bierstaat,IPA - American,6.7% ABV,45 IBU,3.75
Грай,Хатні Бровар,IPA - Imperial / Double,7.7% ABV,60 IBU,3.5
Deep In The Jungle,Jungle Brewery,IPA - Imperial / Double,8% ABV,100 IBU,4
Сонечнае зацьменне/Солнечное затмение,Прамень,Stout - Oatmeal,6.5% ABV,18 IBU,3.5
Деменция (Dementia),Hophead Brewery,Stout - Russian Imperial,14% ABV,30 IBU,4
Puzzle,13 Litar,Pale Ale - American,5% ABV,30 IBU,3.75
Praga Dark Lager,Praga,Lager - Tmavé (Czech Dark),4.5% ABV,N/A IBU,3.25
Ночная Смена,NoName Brew,Stout - Milk / Sweet,5.2% ABV,24 IBU,4
O'Hara's Leann Folláin,O'Hara's Brewery,Stout - Foreign / Export,6% ABV,45 IBU,3.75
Juicy Bliss,Hops Brewery,IPA - New England / Hazy,6.7% ABV,20 IBU,3.75
Hop Headshot: Sabro,Midnight Project,IPA - Triple,11% ABV,111 IBU,4.5
My Three Hops,Stamm Brewing,IPA - Imperial / Double New England / Hazy,8% ABV,N/A IBU,4.25
Witness the Fitness,DIETA / ДИЕТА,Stout - Imperial / Double,12.5% ABV,N/A IBU,4.25
INDIAN SUMMER,BIERBANK,IPA - American,6.7% ABV,55 IBU,3.75
Пшеничное Пряное,Hops Brewery,Wheat Beer - Witbier / Blanche,5% ABV,15 IBU,3
Медовуха Травная,Dvinsky Brovar (Двинский Бровар),Mead - Metheglin,5% ABV,N/A IBU,2.5
Smoke On the Water,Hops Brewery,Rauchbier,5.8% ABV,11 IBU,4
"I'm not Machine, I'm Cucumber",Hophead Brewery,Sour - Tomato / Vegetable Gose,6% ABV,5 IBU,4
Толбухин Маяк (Tolbukhin Lighthouse) Release 2020,Hophead Brewery,Porter - Baltic,8.5% ABV,30 IBU,4.25
Celestial Breakdown,Rewort Brewery,IPA - Imperial / Double New England / Hazy,8.5% ABV,41 IBU,4
Idle Times,Zagovor Brewery,Sour - Fruited Gose,5% ABV,7 IBU,4
Krombacher Dark,Krombacher Gruppe,Schwarzbier,4.7% ABV,24 IBU,3.75
Koronet Porter,Lidskae Piva (Лідскае Піва),Porter - English,5.2% ABV,17 IBU,3
Obolon White (Оболонь Біле),Obolon (Оболонь),Wheat Beer - Witbier / Blanche,4.7% ABV,N/A IBU,3
Koronet Stout Original,Lidskae Piva (Лідскае Піва),Stout - Other,4.2% ABV,12 IBU,3
Gubernija Baltas / Wheat Hefeweizen,Gubernija Brewery,Wheat Beer - Hefeweizen,4.8% ABV,N/A IBU,3.5
Neverland,13 Litar,IPA - American,6.5% ABV,50 IBU,4
Krombacher Weizen,Krombacher Gruppe,Wheat Beer - Hefeweizen,5.3% ABV,16 IBU,3.5
Königsbacher Weizen,Karlsberg Brauerei,Wheat Beer - Hefeweizen,5.1% ABV,N/A IBU,2.75
Grimbergen Belgian Pale Ale,Kronenbourg Brewery,Pale Ale - Belgian,5.5% ABV,22 IBU,3.75
Young Days,Jungle Brewery,IPA - American,6.2% ABV,55 IBU,4
BREAK FREE,BIERBANK,Pale Ale - American,4.8% ABV,35 IBU,3.75
Daily Walks,Blood Brothers Brewery,Red Ale - American Amber / Red,5.5% ABV,30 IBU,3.5
Pavaloka: Sabro,Malanka,IPA - Triple New England / Hazy,10.5% ABV,N/A IBU,4.25
Writings On the Wall,Valaduta Brovar,Porter - English,7.9% ABV,30 IBU,4
Купалінка,Хатні Бровар,IPA - American,6.7% ABV,50 IBU,4
Навальніца,Прамень,Rye Beer,4.5% ABV,20 IBU,3.75
Імпульс/Импульс,Прамень,Historical Beer - Other,6% ABV,20 IBU,4
Zero Tolerance,Jungle Brewery,Stout - Imperial / Double,11.5% ABV,35 IBU,4.5
Dym: Alyča,Malanka,Historical Beer - Lichtenhainer,4.3% ABV,N/A IBU,4.25
Propaganda,Bierstaat,Wheat Beer - Hefeweizen,4.3% ABV,12 IBU,3.75
Robim Good AMBER RAY,Robim Good Brewery,Lager - Amber / Red,5.2% ABV,9 IBU,3.5
Бэрримор,Plan B Brewery,Stout - Oatmeal,6% ABV,50 IBU,4
Завтрак Папуаса (Breakfast Of The Papuas),Plan B Brewery,Stout - Milk / Sweet,7.5% ABV,20 IBU,4
Медовуха (Medovuha),Старовар,Mead - Other,6% ABV,N/A IBU,3.25
Bowler IPA v 2.0,Gletcher Brewery (Глетчер),IPA - American,6.1% ABV,70 IBU,3.5
Vіshneuka 2 (Вішнеўка 2),Pan Kachyn (Пан Качын),Mead - Melomel,5.2% ABV,N/A IBU,4
Bergamo (Бергамо),Brauning Bier (Браунинг Бир),Other,5.2% ABV,10 IBU,3.5
DISTRICT #14 IPA,BIERBANK,IPA - American,6.5% ABV,50 IBU,4
Robim Good LEGION,Robim Good Brewery,Lager - Pale,4.9% ABV,8 IBU,3.25
BeerCap Milk Stout,BeerCap Project,Stout - Milk / Sweet,5.5% ABV,20 IBU,4
BeerCap American Weisse,BeerCap Project,Wheat Beer - American Pale Wheat,5.8% ABV,37 IBU,3.5
Summer Goes On,13 Litar,Wheat Beer - American Pale Wheat,4.8% ABV,30 IBU,4
Night Brunch,Big Village Brewery,Stout - Imperial / Double Milk,8.5% ABV,30 IBU,4.25
Podkováň Premium 12°,Podkováň,Pilsner - Czech / Bohemian,5% ABV,N/A IBU,3
Overdub,Jungle Brewery,IPA - Imperial / Double,7.5% ABV,80 IBU,4.25
Tropical Explosion,Hops Brewery,IPA - Milkshake,6% ABV,35 IBU,3.75
No Matter,13 Litar,Stout - Milk / Sweet,5.7% ABV,N/A IBU,4
Oktoberfest,Hops Brewery,Bock - Hell / Maibock / Lentebock,6.5% ABV,17 IBU,3.5
Mokhnaty Shmel Ale (Эль Мохнатый Шмель),Moscow Brewing Company (Московская Пивоваренная Компания),Red Ale - American Amber / Red,5% ABV,27 IBU,3.25
One Day You Will No Longer Be Loved,Jungle Brewery,Porter - Other,6% ABV,20 IBU,4
Rechitskoe Zolotistoe (Речицкое Золотистое),Бобруйский бровар,Lager - Pale,4.7% ABV,11 IBU,2.5
Robim Good SVEZAK,Robim Good Brewery,Lager - Světlé (Czech Pale),4.6% ABV,13 IBU,2.75
Hofbräu Oktoberfestbier,Staatliches Hofbräuhaus München,Festbier,6.3% ABV,23 IBU,3.5
Omen,Jungle Brewery,Sour - Fruited Gose,6.9% ABV,10 IBU,4
Nut Butter,Gletcher Brewery (Глетчер),Brown Ale - English,5.5% ABV,10 IBU,3.5
Wild Grapefruit,Hops Brewery,Fruit Beer,5% ABV,10 IBU,3.75
Obolon Strong 8.6 (Оболонь Мiцне),Obolon (Оболонь),Lager - Strong,8.6% ABV,17 IBU,2.75
Cortes Tequila,Van Pur,Lager - Other,6% ABV,N/A IBU,2.75
Follow The White Rabbit,Jungle Brewery,IPA - White / Wheat,5.5% ABV,55 IBU,4
Changes!,BIERBANK,IPA - Other,6.7% ABV,55 IBU,4
BundesPils,Друзья,Pilsner - German,4% ABV,10 IBU,3
Бунинъ. Том 5 / Bunin. Volume 5,Brewlok Brewery,Stout - Russian Imperial,13% ABV,N/A IBU,4
Maisel & Friends - Weizen IPA f.n.a.,Brauerei Gebr. Maisel,IPA - White / Wheat,6% ABV,37 IBU,4
CRYO IPA,Hops Brewery,IPA - American,6.6% ABV,45 IBU,3.75
Smooth Talker,Hops Brewery,IPA - Imperial / Double,8.5% ABV,40 IBU,4
Cuzco,Robim Good Brewery,Lager - IPL (India Pale Lager),5.6% ABV,20 IBU,3.5
Party People,Hops Brewery,IPA - Imperial / Double Black,8.2% ABV,55 IBU,4
Česká Pravda,Polotskoe Pivo (Полоцкое Пиво),Lager - Pale,4.7% ABV,N/A IBU,3
Zhigulevskoe Osoboe (Жигулевское Особое),Polotskoe Pivo (Полоцкое Пиво),Lager - Pale,3.9% ABV,N/A IBU,3.25
No Speed Limit,Rewort Brewery,IPA - Imperial / Double New England / Hazy,8.6% ABV,37 IBU,4.25
Strava: Hrybny Sup,Malanka,Other,6% ABV,N/A IBU,3.75
Black Magic,AF Brew,Porter - American,5.8% ABV,41 IBU,4
SVOI Fest,Rewort Brewery,Sour - Fruited,4.1% ABV,12 IBU,4
DANCER,Bakunin Brewing Co.,Stout - Imperial / Double,10.5% ABV,40 IBU,4
Algorithm Coconut,Zagovor Brewery,Stout - Imperial / Double Pastry,12% ABV,N/A IBU,4
Sychodź,Punchiller,IPA - Sour,8% ABV,N/A IBU,4.5
Straffe Hendrik Brugs Tripel Bier 9°,Brouwerij De Halve Maan,Belgian Tripel,9% ABV,35 IBU,4
Hop Headshot: Simcoe,Midnight Project,IPA - Triple,11% ABV,111 IBU,4.25
Svitlovar (Свiтловар),Obolon (Оболонь),Lager - Pale,4.4% ABV,N/A IBU,2.5
LOCKDOWN,13 Litar,IPA - American,6.3% ABV,40 IBU,4
Triple Red IPA,Salden's Brewery,IPA - Triple,11% ABV,200 IBU,4
Mroiva: HBC 472,Malanka,Pale Ale - New England / Hazy,3.8% ABV,N/A IBU,3.75
Goldgreif German Hefeweizen Dunkel,Privatbrauerei Eichbaum,Wheat Beer - Dunkelweizen,5.2% ABV,N/A IBU,2.75
Podkováň Karamel 10°,Podkováň,Lager - Tmavé (Czech Dark),4% ABV,N/A IBU,3.25
Steininger Schwarzbier,Frankenthaler Brauhaus,Schwarzbier,4.9% ABV,N/A IBU,2.75
Brewmaster's Selection Wild Funky Wit,Brouwerij De Brabandere,Wheat Beer - Witbier / Blanche,5% ABV,N/A IBU,3.5
Weekend Warrior,Jungle Brewery,IPA - Imperial / Double,8% ABV,90 IBU,4
La Cosa Nostra,Pivot Point,Sour - Tomato / Vegetable Gose,6.5% ABV,9 IBU,3.75
Insane In the Grain Wheat & Citra IPA,To Øl,IPA - White / Wheat,7% ABV,N/A IBU,4
"Sweat, Tears And Strawberry Fields",AF Brew,Sour - Fruited Gose,7% ABV,N/A IBU,3.75
2-year Unblended Oude Lambiek Foeder #76,Brouwerij Boon,Lambic - Traditional,6.5% ABV,N/A IBU,4
Zhygulivske Eksportne (Жигулівське Експортне),Obolon (Оболонь),Lager - Pale,4.7% ABV,N/A IBU,2.5
Бобров IPL,Бобруйский бровар,Lager - IPL (India Pale Lager),4.5% ABV,30 IBU,2.25
Kava: Brazil Da Lagoa,Malanka,Stout - Imperial / Double Coffee,10.5% ABV,15 IBU,4.5
Mania,Bierstaat,Porter - American,6.6% ABV,30 IBU,4
Podróże Kormorana Witbier,Browar Kormoran,Wheat Beer - Witbier / Blanche,4.6% ABV,N/A IBU,3.5
Königsbacher Schwarzbier,Karlsberg Brauerei,Schwarzbier,4.9% ABV,N/A IBU,3.25
Grossberg,Obolon (Оболонь),Pilsner - Other,5% ABV,N/A IBU,3
Weiss Berg Пшеничное,Bochkarevsky Pivovarenny Zavod (Бочкаревский Пивоваренный Завод),Wheat Beer - Other,4.7% ABV,N/A IBU,3.25
Bahna,Malanka,Stout - Imperial / Double,10% ABV,N/A IBU,4.25
Замковое. Ирландский эль,Tabak-Invest (Табак-Инвест),Lager - Dark,5% ABV,N/A IBU,3.5
Līvu Pilzenes,Līvu Alus,Pilsner - Other,4.4% ABV,N/A IBU,2.75
Grolsch Premium Lager,Koninklijke Grolsch,Pilsner - Other,5% ABV,28 IBU,3.5
Staropramen Premium / Ležák 12,Pivovary Staropramen,Pilsner - Czech / Bohemian,5.2% ABV,27 IBU,3.25
Bierbank IPA,BIERBANK,IPA - American,6.2% ABV,60 IBU,3.75
Липецкое Нефильтрованное,Lipetskpivo (Липецкпиво),Kellerbier / Zwickelbier,4% ABV,N/A IBU,2
Keturi Vėjai (Four Winds),Brick by Brick (Raudonų Plytų Alaus Dirbtuvės),Kölsch,4.9% ABV,26 IBU,3.25
Wrangler IPL,BEAVER (Пивоваренная компания БИВЕР),Lager - IPL (India Pale Lager),5.5% ABV,N/A IBU,3.25
Night Dreams,Valaduta Brovar,Bock - Weizenbock,6.3% ABV,25 IBU,4.25
Day Dreams,Valaduta Brovar,Bock - Weizenbock,6.6% ABV,25 IBU,4.5
Мюнхенское Нефильтрованное,Ростовский Пивоваренный завод Солнечный,Lager - Pale,4.7% ABV,N/A IBU,3
Blanche De Fleur,Gletcher Brewery (Глетчер),Wheat Beer - Witbier / Blanche,4% ABV,11 IBU,3.25
Berliner Geschichte Hefeweizen,Privatbrauerei Eibau,Wheat Beer - Hefeweizen,5.2% ABV,10 IBU,3
Altmüller Blanche,Полтавпиво (Poltavpyvo),Wheat Beer - Witbier / Blanche,4.9% ABV,N/A IBU,3
Murphy's Irish Red,Heineken Ireland,Red Ale - Irish,5.2% ABV,N/A IBU,3.5
Acid Toad,Jungle Brewery,Sour - Fruited,6% ABV,10 IBU,4
So Much Caffeine,Bierstaat,Stout - Coffee,5.5% ABV,17 IBU,4.5
Kriek,Utenos Alus,Fruit Beer,4.6% ABV,N/A IBU,3.25
Dunkel,Feldschlösschen,Lager - Munich Dunkel,5.5% ABV,21 IBU,3.5
Van Halen,Rock-n-Rolla's,Stout - American,7.5% ABV,50 IBU,3.75
No Way Back,Jungle Brewery,Pale Ale - American,5% ABV,40 IBU,3.75
Wittekerke,Brouwerij De Brabandere,Wheat Beer - Witbier / Blanche,5% ABV,11 IBU,3.5
Невыносимая Лёгкость Бытия,DARKSIDE,Stout - Imperial / Double Milk,12% ABV,N/A IBU,4.25
Eichbaum Hefeweizen Dunkel,Privatbrauerei Eichbaum,Wheat Beer - Dunkelweizen,5.2% ABV,N/A IBU,3.25
Wheatness,13 Litar,IPA - White / Wheat,6.4% ABV,45 IBU,4
Disco Peach,Hops Brewery,Wheat Beer - Witbier / Blanche,5% ABV,15 IBU,3.75
Karol Jan White Hope,Пивоваренная компания «Аливария» (Alivaria Brewery),Wheat Beer - Other,4.9% ABV,N/A IBU,3.5
Dym: Višnia,Malanka,Historical Beer - Lichtenhainer,5.5% ABV,N/A IBU,4
HOPS Premium Pilsner,Hops Brewery,Pilsner - Czech / Bohemian,4.8% ABV,25 IBU,3.75
Disco Cherry,Hops Brewery,Wheat Beer - Witbier / Blanche,5% ABV,15 IBU,3.75
Сад скал / Steingarten,Пивоварня Чаща / Thicket Brewery,IPA - Imperial / Double New England / Hazy,8.5% ABV,45 IBU,4
BERGHAIN,Бiiрландзiя (Биирландзия),Sour - Other,4.7% ABV,16 IBU,3.75
Baltic Breeze,13 Litar,Porter - Baltic,8% ABV,20 IBU,4.25
Navaĺnica: pšaničnaje vino z hibiscusam,Malanka,Wheat Beer - Wheat Wine,15.5% ABV,30 IBU,4.25
Orange Twister,Hops Brewery,Fruit Beer,4.8% ABV,10 IBU,4
Destroy Oh Boy,Jungle Brewery,IPA - Imperial / Double,8.3% ABV,90 IBU,4.5
Замковое люкс Нефильтрованное,Tabak-Invest (Табак-Инвест),Lager - Pale,4.2% ABV,N/A IBU,3
Low Pressure,Jungle Brewery,Wheat Beer - American Pale Wheat,5.3% ABV,45 IBU,3.75
Līvu Tradicionālais,Līvu Alus,Märzen,5.6% ABV,N/A IBU,3
Smoke & Mirrors,Bierstaat,Rauchbier,6.5% ABV,20 IBU,4
X-Files,Hops Brewery,Lager - IPL (India Pale Lager),5% ABV,30 IBU,3.75
Erfurter Hefeweizen,Privatbrauerei Eibau,Wheat Beer - Hefeweizen,5% ABV,N/A IBU,2.5
DIRECT AGGRESSION,BIERBANK,IPA - Imperial / Double,8% ABV,99 IBU,4
Shut Up And Hold On,Valaduta Brovar,IPA - Triple,9.3% ABV,50 IBU,4.25
Beat It,Valaduta Brovar,Bitter - Extra Special / Strong (ESB),5.8% ABV,40 IBU,4
The Kraken,Valaduta Brovar,Porter - Baltic,7.8% ABV,35 IBU,4.25
Semisweet,13 Litar,Stout - Other,6.5% ABV,20 IBU,4
Reflection,Rewort Brewery,IPA - Imperial / Double New England / Hazy,8.6% ABV,35 IBU,4.25
Weissbier,Privatbrauerei Einsiedler Brauhaus,Wheat Beer - Hefeweizen,5.2% ABV,17 IBU,3.5
Balance,Robim Good Brewery,Wheat Beer - Witbier / Blanche,4.5% ABV,8 IBU,3
Schwarzbier,Privatbrauerei Einsiedler Brauhaus,Schwarzbier,5% ABV,25 IBU,3.5
Mangoose Punch,Hops Brewery,IPA - American,6.4% ABV,30 IBU,4
Spitfire Amber Kentish Ale,Shepherd Neame,Bitter - Best,4.5% ABV,36 IBU,3.75
RIGHT IPA,Hops Brewery,IPA - American,6.6% ABV,45 IBU,4
Pitbull,Hops Brewery,Pale Ale - American,5.2% ABV,30 IBU,4
Жигулівське (Zhygulivske),Obolon (Оболонь),Lager - Pale,4.5% ABV,N/A IBU,2.75
Into the Deep,13 Litar,IPA - Imperial / Double,7.8% ABV,60 IBU,4
Saule,Valaduta Brovar,Wheat Beer - Hefeweizen,5.2% ABV,5 IBU,4
Don't Vote,Rewort Brewery,Stout - Russian Imperial,14.2% ABV,36 IBU,4.25
Vote,Rewort Brewery,Stout - Russian Imperial,14.2% ABV,36 IBU,4
Schloss Dunkel,Arcobräu Gräfliches Brauhaus,Lager - Munich Dunkel,5.2% ABV,N/A IBU,3.5
Grünbacher Altweisse Dunkel,Schloßbrauerei Grünbach,Wheat Beer - Dunkelweizen,5.3% ABV,14 IBU,3.5
Vilniaus Dubbel,Vilniaus Alus,Belgian Dubbel,6.5% ABV,N/A IBU,3.5
Memminger Lager Schwarz,Memminger Brauerei,Schwarzbier,5.2% ABV,N/A IBU,3.25
Tucher Helles Hefe Weizen,Tucher Bräu,Wheat Beer - Hefeweizen,5.2% ABV,13 IBU,3.75
Hmel'nov Strong (Хмельнов Крепкое),Krinitsa (Криница),Lager - Strong,6% ABV,N/A IBU,0.75
Жигулевское Выдержанное,Hops Brewery,Lager - Vienna,4.1% ABV,17 IBU,3.5
Spring Time,Hops Brewery,IPA - American,6% ABV,40 IBU,4
REBOOT,Hops Brewery,IPA - New England / Hazy,6% ABV,25 IBU,3.75
Quarantine IPA,Хатні Бровар,IPA - New England / Hazy,6% ABV,40 IBU,4
"Vyraj: Manha, lajm i papryka",Malanka,IPA - Imperial / Double Milkshake,8% ABV,40 IBU,3.75
Your Quadruple Sour Passion Juice,Midnight Project,Sour - Fruited,11.5% ABV,15 IBU,4.25
Back'n'Black,Wolf's Brewery (Волковская Пивоварня),Stout - Milk / Sweet,6.9% ABV,30 IBU,3.25
Ронсе,Brauning Bier (Браунинг Бир),Wheat Beer - Dunkelweizen,5% ABV,N/A IBU,3.25
INSANE 472,Hops Brewery,IPA - Imperial / Double,8% ABV,35 IBU,4
Istota,Jungle Brewery,Sour - Fruited,6% ABV,11 IBU,3.75
Пятница,Krop-Pivo (Кроп-Пиво),Lager - Pale,4% ABV,11 IBU,1.75
Naudalus Tumšais,Latgales Alus,Lager - Dark,5.2% ABV,N/A IBU,3.5
Naudalus Īpašais,Latgales Alus,Lager - Vienna,5% ABV,N/A IBU,3.25
Pale Blue Dot,4BREWERS,IPA - Imperial / Double,8% ABV,101 IBU,3.75
Apynio Barzda Su Kukurūzais,Biržų Alus,Lager - Pale,5.2% ABV,N/A IBU,3
Vilniaus Nefiltruotas Šviesusis,Vilniaus Alus,Kellerbier / Zwickelbier,5.2% ABV,N/A IBU,3
Radvilaitės Kaprizas,Biržų Alus,Spiced / Herbed Beer,5.6% ABV,N/A IBU,3.5
Apynio Barzda Su Kanapėmis,Biržų Alus,Spiced / Herbed Beer,5.6% ABV,N/A IBU,3
Vėjas Nupūstas Tamsusis,Biržų Alus,Dark Ale,5.8% ABV,N/A IBU,3.25
Tamsusis,Vilniaus Alus,Lager - Dark,5.6% ABV,14 IBU,3.5
Podcast,Bierstaat,Stout - Milk / Sweet,6.5% ABV,15 IBU,3.75
LIDSKAE Legenda (ЛІДСКАЕ Легенда),Lidskae Piva (Лідскае Піва),Lager - Helles,4.8% ABV,18 IBU,3
Tamsusis Kvietinis,Vilniaus Alus,Wheat Beer - Dunkelweizen,5.8% ABV,N/A IBU,3
Senojo Vilniaus Kvietinis,Vilniaus Alus,Wheat Beer - Hefeweizen,5% ABV,11 IBU,3.25
Kurpfalzbräu Kellerbier,Welde Braumanufaktur,Kellerbier / Zwickelbier,4.9% ABV,N/A IBU,3.5
Tamsusis Su Žolelėmis,Vilniaus Alus,Spiced / Herbed Beer,5.6% ABV,N/A IBU,3.75
Bishops Finger,Shepherd Neame,Bitter - Extra Special / Strong (ESB),5.2% ABV,N/A IBU,3.25
Mangoliers,Zagovor Brewery,Sour - Fruited,6% ABV,11 IBU,3.75
100% Wheat IPA Citra & Galaxy,Salden's Brewery,IPA - White / Wheat,7% ABV,50 IBU,3.5
Imža: Malina i ažyna,Malanka,Sour - Fruited Berliner Weisse,3% ABV,N/A IBU,3.75
Monkey IPA,Taler (Талер),IPA - American,6.4% ABV,65 IBU,3.75
DOVOD #1. American pale lager,Dovod Brewery,Lager - American,4.5% ABV,13 IBU,3.5
Vamberg Černé,Pivovar Liberec Vratislavice,Lager - Dark,4.4% ABV,N/A IBU,3.5
Against Milk! Pineapple Spies,Zagovor Brewery,IPA - Milkshake,7% ABV,30 IBU,4.25
The Лагер,Hops Brewery,Lager - Pale,4.5% ABV,15 IBU,3
LIDSKAE Белае,Lidskae Piva (Лідскае Піва),Wheat Beer - Witbier / Blanche,5.1% ABV,N/A IBU,3
LIDSKAE Stary Zamak (ЛІДСКАЕ Стары замак),Lidskae Piva (Лідскае Піва),Lager - Strong,6.2% ABV,19 IBU,2.75
Drunk Screen,Rewort Brewery,Stout - Imperial / Double Milk,8.6% ABV,21 IBU,4.25
Psychosis,Bierstaat,Porter - American,6.8% ABV,25 IBU,4
Gubernatorius,Gubernija Brewery,Mild - Other,5.3% ABV,N/A IBU,3.5
NOT CONNECTED,BIERBANK,Brown Ale - Other,7.3% ABV,15 IBU,3.5
Liquid Smoke,13 Litar,Rauchbier,6% ABV,N/A IBU,4.25
Kaltenberg Schloss-Keller-Naturtrüb,König Ludwig Schlossbrauerei Kaltenberg,Kellerbier / Zwickelbier,5.1% ABV,N/A IBU,3
Kaltenberg Royal Lager Unfiltered,König Ludwig Schlossbrauerei Kaltenberg,Kellerbier / Zwickelbier,5% ABV,20 IBU,2.75
Iron Woods Milk Stout,Gletcher Brewery (Глетчер),Stout - Milk / Sweet,5.5% ABV,15 IBU,3.75
Apostel Weissbier Hell,Privatbrauerei Eichbaum,Wheat Beer - Hefeweizen,5.3% ABV,N/A IBU,3.25
Apostel Weissbier Dunkel,Privatbrauerei Eichbaum,Wheat Beer - Dunkelweizen,5.3% ABV,N/A IBU,2.75
BABUSHKIN KOMPOT,BIERBANK,Belgian Blonde,7.4% ABV,12 IBU,4
Kurpfalzbräu Ur-Weizen,Welde Braumanufaktur,Wheat Beer - Hefeweizen,5% ABV,N/A IBU,3.75
#StayMadFrog,Carousel Brewery,Pale Ale - American,5.5% ABV,40 IBU,3.75
Sour Ale Passion Fruit,Salden's Brewery,Sour - Fruited,5.5% ABV,N/A IBU,4
MCBF,Valaduta Brovar,Stout - Coffee,5% ABV,25 IBU,4.5
Side Braking Drift,Rewort Brewery,Stout - Imperial / Double,8.6% ABV,21 IBU,3.75
Contract Killer,Jungle Brewery,Pale Ale - American,5.5% ABV,40 IBU,4
Silent Kill,Jungle Brewery,IPA - Imperial / Double,8.5% ABV,100 IBU,3.75
Бунинъ. Том 4 / Bunin. Volume 4,Brewlok Brewery,Stout - Russian Imperial,13% ABV,N/A IBU,4.5
Mango Mantra,Jungle Brewery,Sour - Fruited,6.2% ABV,14 IBU,4
Mild Ale,Rakovsky Brovar (Раковский Бровар),Mild - Other,4.2% ABV,N/A IBU,3
Приятель Белое-Weiss,Lipetskpivo (Липецкпиво),Wheat Beer - Witbier / Blanche,4% ABV,14 IBU,2.25
Žatecký Gus Rubinovy,Baltika Breweries (Балтика),Lager - Polotmavé (Czech Amber),5.1% ABV,N/A IBU,2.75
The Cream Of Dublin,Saku Õlletehas,Stout - Irish Dry,4.2% ABV,N/A IBU,3.25
Zhiguli Barnoe Pshenichnoe (Жигули Барное Пшеничное),Moscow Brewing Company (Московская Пивоваренная Компания),Wheat Beer - Hefeweizen,4.9% ABV,11 IBU,3
Dark,Primátor,Lager - Tmavé (Czech Dark),4.5% ABV,21 IBU,3.25
Krinitsa Pilsner,Krinitsa (Криница),Pilsner - German,4.4% ABV,12 IBU,2.5
Workhorse,R&D sCREW,Strong Ale - Other,8.9% ABV,10 IBU,4
#stayhome,Bierstaat,IPA - New England / Hazy,6.5% ABV,40 IBU,4
Tropical Portal,Balance Brewery,Sour - Fruited Gose,5.5% ABV,10 IBU,3.75
Grevensteiner Original Naturtrübes Landbier,Brauerei VELTINS,Kellerbier / Zwickelbier,5.2% ABV,23 IBU,3.5
Gubernija Royal Baltic Porter,Gubernija Brewery,Porter - Baltic,6.4% ABV,N/A IBU,3
Velvet Brown Ale,Gubernija Brewery,Brown Ale - Other,5.9% ABV,N/A IBU,3
Hermeticism,13 Litar,Belgian Strong Dark Ale,10.2% ABV,25 IBU,4.25
"WATCH YOURSELF, BE CAREFUL",Mad Frog Brewery,IPA - American,6.2% ABV,58 IBU,4
Slodyč,Malanka,Stout - Imperial / Double Milk,10.5% ABV,25 IBU,4
Fishermans Morning,Jungle Brewery,Porter - Baltic,9% ABV,37 IBU,4.25
HOPSESS,Hops Brewery,Stout - Milk / Sweet,6.4% ABV,11 IBU,3.5
Funk,Valaduta Brovar,Pale Ale - American,5% ABV,25 IBU,4
Vietraź,Malanka,Wheat Beer - Witbier / Blanche,5.6% ABV,15 IBU,4
Sure: Ebbegarden,SCREW Brewery,Sour - Other,5.5% ABV,N/A IBU,4.5
Gintarinis (Amber),Švyturys,Pilsner - Other,4.6% ABV,N/A IBU,3.25
Замковое Бауэр,Tabak-Invest (Табак-Инвест),Wheat Beer - Hefeweizen,4.7% ABV,N/A IBU,2.5
POP'S HOPS,Бiiрландзiя (Биирландзия),IPA - Imperial / Double,7.7% ABV,60 IBU,3.75
Density,13 Litar,Porter - Other,7.9% ABV,20 IBU,4
DayWalker,Hops Brewery,IPA - Black / Cascadian Dark Ale,6.6% ABV,45 IBU,4.25
Turbo Attack,Jungle Brewery,IPA - New England / Hazy,7.1% ABV,35 IBU,3.5
Sour Flow брусника/клюква,Panzer Brewery,Sour - Fruited,4.2% ABV,10 IBU,3.75
Warp Drive,Valaduta Brovar,IPA - New England / Hazy,5.8% ABV,30 IBU,4.25
Иерофант / Hierophant,Пивоварня Чаща / Thicket Brewery,Spiced / Herbed Beer,10% ABV,N/A IBU,3.75
Algorithm: Maple + Caramel,Zagovor Brewery,Stout - Imperial / Double Milk,10% ABV,25 IBU,4
Чёрный вигвам / Black Lodge,Пивоварня Чаща / Thicket Brewery,Stout - Coffee,6.9% ABV,18 IBU,3.5
Dark Spin: Caramel,Carousel Brewery,Porter - Other,9% ABV,10 IBU,4
Belgian White Ale (Бельгийский пшеничный эль),BIERBANK,Wheat Beer - Witbier / Blanche,4.2% ABV,15 IBU,3.5
Bergschlösschen Valonijos Blanc,Kalnapilis Brewery,Wheat Beer - Witbier / Blanche,4.7% ABV,13 IBU,3.75
Smuha: Ekuanot,Malanka,IPA - Imperial / Double New England / Hazy,7.6% ABV,30 IBU,4
Funkyourself,Jungle Brewery,Porter - Other,5.8% ABV,20 IBU,4.25
Blindos Ekstra,Švyturys,Lager - Pale,5% ABV,N/A IBU,2.75
FREAK ORANGE,BIERBANK,Sour - Fruited,8.5% ABV,15 IBU,3.5
Crystal,Mad Frog Brewery,Pale Ale - American,5.5% ABV,35 IBU,4
Kvietinis,Vilkmerges Alus,Wheat Beer - Witbier / Blanche,5% ABV,15 IBU,3.5
Don't Lick the Toad,Mad Frog Brewery,Sour - Other,5.3% ABV,10 IBU,4.25
REBOOT,Stray Brewery,Stout - Other,6.8% ABV,30 IBU,3.75
Dark Ages,13 Litar,Dark Ale,4.9% ABV,22 IBU,3.5
Goldgreif German Hefeweizen Hell,Privatbrauerei Eichbaum,Wheat Beer - Hefeweizen,5.1% ABV,N/A IBU,3
DAB Wheat Beer,Dortmunder Actien-Brauerei,Wheat Beer - Hefeweizen,4.8% ABV,N/A IBU,2
Tuborg Grøn,Carlsberg Group,Pilsner - Other,4.6% ABV,18 IBU,3.25
Ichiban (Ichiban Shibori) (一番搾り),Kirin Brewery Company,Lager - Pale,5% ABV,18 IBU,2.75
Balkan Pearl (Mother T.),Rewort Brewery,Stout - Other,6% ABV,15 IBU,3.75
Kaltenberg Pils,König Ludwig Schlossbrauerei Kaltenberg,Pilsner - German,5% ABV,N/A IBU,3.25
Home Punk & Margherita,Mad Frog Brewery,Sour - Fruited Gose,5.4% ABV,N/A IBU,4.25
Infinity,Valaduta Brovar,Red Ale - Irish,4.7% ABV,25 IBU,4
Occult,Jungle Brewery,Sour - Fruited,5% ABV,15 IBU,4
Local Action,Rewort Brewery,Stout - Imperial / Double,6.9% ABV,37 IBU,4.5
West Indies Porter,Guinness,Porter - Other,6% ABV,50 IBU,4
IPA,Belhaven Brewery,IPA - English,4.2% ABV,N/A IBU,3.75
IPA ПАЛАТА №6.о,BIERBANK,IPA - American,6% ABV,60 IBU,4
Noir De Brogelonne,Varnitsa (Варница),Belgian Dubbel,4.5% ABV,N/A IBU,3.5
Black Milk,Hops Brewery,Lager - Dark,4.7% ABV,10 IBU,3.5
Kalahari,13 Litar,Lager - IPL (India Pale Lager),5% ABV,40 IBU,3.75
Battletoads,Mad Frog Brewery,IPA - Other,5.8% ABV,60 IBU,4
Eggplant Winter (Баклажанова Зима),Pan Kachyn (Пан Качын),Sour - Fruited,6.2% ABV,13 IBU,4.5
Smoked Mood,Valaduta Brovar,Smoked Beer,5.5% ABV,20 IBU,4.25
FRENDLITE EURO LAGER,BEAVER (Пивоваренная компания БИВЕР),Lager - Pale,4.7% ABV,N/A IBU,3
Coconut Space,Hops Brewery,Stout - White / Golden,5.8% ABV,14 IBU,4
Brownville,13 Litar,Brown Ale - American,5.1% ABV,35 IBU,4
Saint Lucipurr,Mad Frog Brewery,Stout - Imperial / Double,10% ABV,42 IBU,4
Badness & Madness,Jungle Brewery,IPA - New England / Hazy,7% ABV,35 IBU,4
Basic Structure,Rewort Brewery,Stout - Russian Imperial,10.1% ABV,35 IBU,4
Hmel'nov Pilsner (Хмельнов Пилснер),Brestskoe Pivo (Брестское Пиво),Pilsner - Other,4.2% ABV,N/A IBU,1.5
Dried,Verden Brewery,Farmhouse Ale - Saison,6.8% ABV,20 IBU,4
HOPS EFFECT,Hops Brewery,Wheat Beer - Witbier / Blanche,5.8% ABV,30 IBU,3.75
Double Milk Stout,Taler (Талер),Stout - Imperial / Double Milk,6.9% ABV,25 IBU,3.5
Žyhulioŭskaje 80 Year (Жыгулёўскае 80 год),Lidskae Piva (Лідскае Піва),Lager - Pale,5.5% ABV,18 IBU,2.5
Hmel'nov Barnoe (Хмельнов Барное),Krinitsa (Криница),Lager - Pale,5.5% ABV,N/A IBU,1.5
Hmel'nov Svetloe (Хмельнов Светлое),Krinitsa (Криница),Lager - Pale,4% ABV,N/A IBU,1.5
Funny Cow,Valaduta Brovar,Stout - Milk / Sweet,5% ABV,25 IBU,4.25
Star of Pilsen Dark,Staropilsen,Lager - Dark,4.7% ABV,N/A IBU,3
Zolotaya Kruzhka Svetloe (Золотая Кружка Светлое),Бобруйский бровар,Lager - Pale,4% ABV,N/A IBU,2.5
Broadcast,Bierstaat,Stout - Milk / Sweet,5% ABV,16 IBU,4
OK ZOOBER,Balance Brewery,Porter - American,7.5% ABV,35 IBU,4
Chocolate Porter,Arbat (Арбат),Porter - Other,5.2% ABV,N/A IBU,4
Garage Fuzz,Rock-n-Rolla's,Wheat Beer - Dunkelweizen,5.8% ABV,15 IBU,3.5
No Signal,Bierstaat,Pale Ale - American,5.5% ABV,30 IBU,3.75
Красная Планета,Bierstaat,Lager - Amber / Red,5% ABV,N/A IBU,3.5
Orange Dub Witbier,Mad Frog Brewery,Wheat Beer - Witbier / Blanche,4.7% ABV,16 IBU,3.5
IPA,"Пивоварня ""CRAFT""",IPA - American,5.8% ABV,N/A IBU,2.75
O'Hara's Irish Red,O'Hara's Brewery,Red Ale - Irish,4.3% ABV,25 IBU,3
English Barleywine Aged In Jack Daniels Barrels Batch #3,Salden's Brewery,Barleywine - English,12.5% ABV,40 IBU,4.5
Lander Bräu Weissbeer,H-West B.V.,Wheat Beer - Hefeweizen,4.7% ABV,11 IBU,3.25
Sweet Dreams,13 Litar,Stout - Milk / Sweet,5.3% ABV,20 IBU,4
Working Class Hero: Comet Edition,13 Litar,Porter - English,5.8% ABV,22 IBU,3.5
Burned Field,13 Litar,Wheat Beer - Other,4.5% ABV,N/A IBU,4.5
The Blueberriest Blueberry,Hops Brewery,IPA - Imperial / Double Milkshake,7.2% ABV,30 IBU,4
Old-School Double IPA,Salden's Brewery,IPA - Imperial / Double,8.5% ABV,100 IBU,3.75
Milkshake DIPA Vanilla,Salden's Brewery,IPA - Imperial / Double Milkshake,7% ABV,60 IBU,3.75
Double Chocolate Stout,Salden's Brewery,Stout - Imperial / Double Milk,6.5% ABV,N/A IBU,4
Дублин Эль (Dublin Ale),Старая Крепость,Lager - Munich Dunkel,4.7% ABV,N/A IBU,2.75
Zmrok: Starka,Malanka,Stout - Imperial / Double,10% ABV,N/A IBU,4
BraufactuM The Brale,Radeberger Gruppe,Brown Ale - English,5% ABV,30 IBU,3.25
West Coast IPA,Hops Brewery,IPA - American,5.8% ABV,45 IBU,4
Oyster Stout,Salden's Brewery,Stout - Oyster,7% ABV,N/A IBU,3.75
Morak: Kaliadny,Malanka,Porter - Imperial / Double,10.5% ABV,N/A IBU,4
Жыцень / Zhycien,TRYE Beer,Bock - Weizenbock,6.5% ABV,20 IBU,3.5
KoekeDam,Brouwerij Het Nest,Farmhouse Ale - Saison,6.5% ABV,40 IBU,3.5
Rochefort (Рошфор),Brauning Bier (Браунинг Бир),Lager - Dark,5% ABV,18 IBU,3.5
Blanche de Charleroi,Brasserie de l'Abbaye d'Aulne,Wheat Beer - Witbier / Blanche,5% ABV,N/A IBU,3.5
LAB №19: Новогодний Стих,BIERBANK,Other,5% ABV,35 IBU,3.5
Premium světlý ležák 12,Bohemia Regent,Pilsner - Czech / Bohemian,5% ABV,35 IBU,3
Breakfast Smoothie Bowl,Taler (Талер),Sour - Berliner Weisse,6.8% ABV,N/A IBU,3.5
Cheshsky Svatek Svetloe (Чешский Сватек Светлое),Gambrinus (Гамбринус),Lager - American,4.5% ABV,N/A IBU,2.5
Złote Lwy,Browar Amber,Lager - Pale,5.6% ABV,N/A IBU,3.5
Simply Centennial,13 Litar,IPA - American,6.1% ABV,40 IBU,3.75
Simcoe & Mosaic Double IPA,Salden's Brewery,IPA - Imperial / Double,8.5% ABV,100 IBU,3.75
Citra & Mosaic Double IPA,Salden's Brewery,IPA - Imperial / Double,8.5% ABV,100 IBU,4
Smuha: Citra,Malanka,IPA - Imperial / Double New England / Hazy,7.6% ABV,30 IBU,4
White Moon,13 Litar,IPA - White / Wheat,6% ABV,40 IBU,4
Dark Mystery,Rewort Brewery,Sour - Other,6.9% ABV,10 IBU,4.5
Deep Irish Red Ale,Mad Frog Brewery,Red Ale - Irish,5.6% ABV,25 IBU,3.75
Dark Needles,13 Litar,IPA - Black / Cascadian Dark Ale,6.5% ABV,45 IBU,4.25
Платонов. Том 3,Brewlok Brewery,Stout - Russian Imperial,11% ABV,N/A IBU,4.5
Light lager (Светлый лагер),Taler (Талер),Lager - Pale,4.8% ABV,N/A IBU,3
Пивная Карта. Brut IPA,Krinitsa (Криница),IPA - Brut,6.5% ABV,20 IBU,3.25
LAB №18: Панамская болезнь,BIERBANK,Other,8.5% ABV,25 IBU,4
Ureich Hefeweizen Dunkel,Privatbrauerei Eichbaum,Wheat Beer - Dunkelweizen,5.2% ABV,13 IBU,3.5
Imperial Milk Stout,Taler (Талер),Stout - Imperial / Double Milk,9.8% ABV,30 IBU,4
Edelweiss Blanche,Brau Union Österreich,Wheat Beer - Witbier / Blanche,5% ABV,15 IBU,3.25
Two Faced,Verden Brewery,IPA - Imperial / Double,8% ABV,45 IBU,3.75
"Triple IPA (Chinook, Simcoe, Mosaic, Citra)",Salden's Brewery,IPA - Triple,11% ABV,200 IBU,4
Stuttgart,Tochca Brewery,Lager - Pale,5% ABV,N/A IBU,3
Black,Hops Brewery,Schwarzbier,4.7% ABV,10 IBU,3.25
Experiment,Hops Brewery,Lager - IPL (India Pale Lager),4% ABV,35 IBU,3.25
Zähringer German Premium Hefeweizen,Frankenthaler Brauhaus,Wheat Beer - Hefeweizen,5% ABV,N/A IBU,3
Blue Balls,Polka Dot Brewery,Sour - Other,6.9% ABV,22 IBU,3.75
Pupsy the Great,Rinkuškiai,Stout - Irish Dry,4.2% ABV,N/A IBU,3.25
Edelmeister Weizenbier,Van Pur,Wheat Beer - Hefeweizen,5.2% ABV,18 IBU,3.5
Edelmeister Schwarzbier,Van Pur,Schwarzbier,4.2% ABV,N/A IBU,3.25
Balta Pinta,Volfas Engelman,Wheat Beer - Hefeweizen,5% ABV,N/A IBU,3.75
IPA,Volfas Engelman,IPA - Other,6% ABV,38 IBU,3.5
Bėganti Kopa (Running Dune),Brick by Brick (Raudonų Plytų Alaus Dirbtuvės),Wheat Beer - Witbier / Blanche,4.5% ABV,12 IBU,3.5
Arrowaine,Wychwood Brewery,Mild - Dark,3.6% ABV,N/A IBU,3.5
IPA Version 4.0,BIERBANK,IPA - American,6.4% ABV,50 IBU,3.75
Cash Cow,Stray Brewery,IPA - New England / Hazy,6.9% ABV,30 IBU,3.75
Bocmano Ūsai (Bosun’s Moustache),Brick by Brick (Raudonų Plytų Alaus Dirbtuvės),IPA - American,6% ABV,45 IBU,3.75
Hop Head,Hops Brewery,Strong Ale - American,8.4% ABV,30 IBU,4.25
City Of Haze,Jungle Brewery,IPA - New England / Hazy,6.9% ABV,40 IBU,3.75
Daily,Verden Brewery,Pale Ale - American,5% ABV,35 IBU,3.75
Midwest,Valaduta Brovar,Pale Ale - American,5.5% ABV,25 IBU,3.75
Soupe Du Jour,Mad Frog Brewery,Sour - Fruited,6% ABV,N/A IBU,4
Van Goud,Valaduta Brovar,Farmhouse Ale - Saison,5% ABV,20 IBU,4
Smashing Pumpkins,Rock-n-Rolla's,Pumpkin / Yam Beer,5.5% ABV,22 IBU,3.7615
Bitterfly,13 Litar,Bitter - Extra Special / Strong (ESB),5.3% ABV,30 IBU,4
Nevermore,Mad Frog Brewery,Porter - Other,5.8% ABV,30 IBU,3.5
Karl Kraft,Polotskoe Pivo (Полоцкое Пиво),Lager - Pale,3.7% ABV,N/A IBU,2.5
Classic Collection - Double Stout,Shepherd Neame,Stout - English,5.2% ABV,N/A IBU,3.5
Wheat Beer,Tsingtao (青岛啤酒) Brewery,Wheat Beer - Hefeweizen,4.7% ABV,6 IBU,3.5
Nutty Nut,Rewort Brewery,Porter - Other,6.9% ABV,30 IBU,3.75
Fidel C.,Rewort Brewery,IPA - Imperial / Double,8.6% ABV,60 IBU,3.75
Pear Wheat'n...,Valaduta Brovar,Farmhouse Ale - Saison,10% ABV,30 IBU,3.75
Spaten Oktoberfestbier,Spaten-Franziskaner-Löwenbräu-Gruppe,Festbier,5.9% ABV,23 IBU,3.25
Young's Double Chocolate Stout,Eagle Brewery (formerly Charles Wells),Stout - Milk / Sweet,5.2% ABV,25 IBU,3.75
The Black Keys,Rock-n-Rolla's,IPA - Black / Cascadian Dark Ale,7% ABV,53 IBU,3.75
Пшеничный бунт,KBREW | Пивоварня в Кожевниково,Wheat Beer - Dunkelweizen,5% ABV,13 IBU,3.25
Калядны Цуд (2019),Пивоваренная компания «Аливария» (Alivaria Brewery),Lager - Winter,5.1% ABV,N/A IBU,3.25
Калекцыя Майстра Pumpkin Ale,Lidskae Piva (Лідскае Піва),Pumpkin / Yam Beer,4.6% ABV,12 IBU,3.24474
Калекцыя Майстра Ginger Beer,Lidskae Piva (Лідскае Піва),Hard Ginger Beer,5.3% ABV,15 IBU,3.14965
Schöfferhofer Grapefruit,Radeberger Gruppe,Shandy / Radler,2.5% ABV,N/A IBU,3
99 Luftballons,TRYE Beer,Sour - Berliner Weisse,4.7% ABV,N/A IBU,3.5
Milk River,13 Litar,Stout - Milk / Sweet,6.7% ABV,20 IBU,4
LAB №15:  Pure Pear Gose,BIERBANK,Sour - Fruited Gose,5% ABV,6 IBU,3.75
CoLAB №12,BIERBANK,Sour - Berliner Weisse,3.7% ABV,1 IBU,3.75
Megadeth,Rock-n-Rolla's,Belgian Strong Golden Ale,10% ABV,N/A IBU,3.75
Big Apple Pie,Rewort Brewery,Stout - Milk / Sweet,7.8% ABV,20 IBU,4
Empress Maria V2.0,Zavod,Sour - Other Gose,6.9% ABV,8 IBU,3.75
LAB №16: Milk Stout Coconut&Chocolate,BIERBANK,Stout - Milk / Sweet,6.5% ABV,12 IBU,4
Black IPA,Fuller's Griffin Brewery,IPA - Black / Cascadian Dark Ale,5.7% ABV,N/A IBU,3.5
Kalnapilis White Select,Kalnapilis Brewery,Wheat Beer - Witbier / Blanche,5% ABV,N/A IBU,3.5
Медь и Солод,Zavod Trekhsosensky (Завод Трехсосенский),Lager - Pale,4.9% ABV,N/A IBU,2.75
Afanasy Temnoe Barhatnoe | Афанасий Темное Бархатное,Afanasy | Афанасий,Lager - Munich Dunkel,4.9% ABV,N/A IBU,3
Fürst Chlodwig Weizen,Fürstlich Fürstenbergische Brauerei,Wheat Beer - Hefeweizen,5.2% ABV,N/A IBU,3
QUAD,Valaduta Brovar,Belgian Quadrupel,9.5% ABV,24 IBU,4
Kolos (Колос),Bryanskpivo (Брянскпиво),Lager - Pale,4% ABV,N/A IBU,2.5
13 Litar American Pale Ale,13 Litar,Pale Ale - American,5% ABV,35 IBU,3.75
Millennium,13 Litar,Porter - Other,6% ABV,N/A IBU,4.5
13 Litar Pshenichnoe,13 Litar,Wheat Beer - Hefeweizen,4.2% ABV,18 IBU,3.5
13 Litar American Brown Ale,13 Litar,Brown Ale - American,5.2% ABV,N/A IBU,4
Cheshsky Svatek Barhatnoe (Чешский Сватек Бархатное),Gambrinus (Гамбринус),Lager - Munich Dunkel,4.1% ABV,N/A IBU,3
Gambrinus Temnoe (Гамбринус Темное),Gambrinus (Гамбринус),Schwarzbier,5.2% ABV,N/A IBU,3.25
New England IPA,Taler (Талер),IPA - New England / Hazy,5.7% ABV,20 IBU,3.75
Morning Manya,Zavod,Sour - Tomato / Vegetable Gose,4.1% ABV,7 IBU,3.87784
Chocolacto V 2.0,Zavod,Stout - Milk / Sweet,5.8% ABV,20 IBU,3.75
Jethro Tull,Rock-n-Rolla's,Historical Beer - Gruit / Ancient Herbed Ale,6.2% ABV,N/A IBU,4
Natakhtari Karva,Natakhtari Brewery,Lager - American Light,4.5% ABV,N/A IBU,3
Калекцыя Майстра American Cream Ale (ACA),Lidskae Piva (Лідскае Піва),Cream Ale,5.6% ABV,24 IBU,3.5
Schöfferhofer Hefeweizen / Weizen,Radeberger Gruppe,Wheat Beer - Hefeweizen,5% ABV,14 IBU,3.75
Lvivske Porter (Львівське Портер),Carlsberg Ukraine,Porter - Baltic,8% ABV,N/A IBU,3.25
Арсенал Міцне Смак Пшеничного Солоду,Carlsberg Ukraine,Wheat Beer - Other,7% ABV,N/A IBU,3.5
Royal,Волинський бровар,Lager - Dark,5.7% ABV,15 IBU,3.5
Zeman Традиційне (Helles),Луцький пивзавод,Lager - Helles,4.5% ABV,N/A IBU,2.75
Zeman Premium,Луцький пивзавод,Lager - Pale,4.3% ABV,N/A IBU,2.75
Zeman Пшеничне,Луцький пивзавод,Wheat Beer - Other,4.8% ABV,N/A IBU,2.75
Paulaner Oktoberfest Bier,Paulaner Brauerei,Festbier,6% ABV,N/A IBU,3.5
Citra Volcano,Hops Brewery,IPA - American,5.4% ABV,45 IBU,3.5
Cadillac For Mama,Mad Frog Brewery,IPA - Milkshake,6.1% ABV,13 IBU,3.75
Kikimora / Кикимора,Brewlok Brewery,Stout - Milk / Sweet,6.5% ABV,N/A IBU,3.75
Kristoffel Brune / Bruin / Dark,Brouwerij Martens,Brown Ale - Belgian,6% ABV,20 IBU,3.5
Icy,Global Beer Georgia,Lager - Pale,5% ABV,N/A IBU,2.75
Selenium Stout,Nuclear Brewery,Stout - Milk / Sweet,6.2% ABV,28 IBU,3.5
Hollandia,Royal Swinkels,Lager - Pale,5% ABV,22 IBU,2.75
Brestskoe Svetloe (Брестское Светлое),Brestskoe Pivo (Брестское Пиво),Lager - Pale,4.7% ABV,N/A IBU,3
Symbiosis,Jungle Brewery,Porter - Other,7.7% ABV,35 IBU,3.75
Blackberry  Berliner Weisse,Taler (Талер),Sour - Berliner Weisse,4.7% ABV,N/A IBU,3.75
Lion,Друзья,Red Ale - American Amber / Red,4.5% ABV,55 IBU,4
Hmelnoi Colos (Хмельной Колос),Друзья,Wheat Beer - Hefeweizen,4% ABV,15 IBU,3.5
Cherniy Kvadrat (Черный Квадрат),Друзья,Lager - Dark,4.2% ABV,14 IBU,3.5
Baltic Porter,Knightberg,Porter - Baltic,8.5% ABV,40 IBU,4
Robim Good HOLIDAY,Robim Good Brewery,Wheat Beer - Hefeweizen,5.4% ABV,5 IBU,3
Кроп-Стаут,Krop-Pivo (Кроп-Пиво),Stout - Other,4.9% ABV,N/A IBU,2.5
Laźnia,Malanka,Smoked Beer,4.7% ABV,N/A IBU,4.5
PRL Ciemne Filtrowane,Kultowy Browar Staropolski,Lager - Dark,5% ABV,N/A IBU,3.75
Southside,13 Litar,IPA - American,6.4% ABV,40 IBU,4
Barbakan Ciemne,Barbakan Beer,Lager - Dark,4.5% ABV,N/A IBU,3
Spiżowe Pszeniczne,Spiż,Wheat Beer - Witbier / Blanche,4% ABV,N/A IBU,3.75
Spiżowe Ciemne,Spiż,Lager - Munich Dunkel,5.3% ABV,N/A IBU,3.75
Tyskie Palone,Tyskie Browary Książęce,Lager - Dark,2.7% ABV,N/A IBU,3
Miłosław Witbier,Browar Fortuna,Wheat Beer - Witbier / Blanche,4.8% ABV,17 IBU,3.25
Miłosław Niefiltrowane,Browar Fortuna,Kellerbier / Zwickelbier,5.2% ABV,17 IBU,3.25
Viva la wita!,PINTA Contracts,Wheat Beer - Witbier / Blanche,5.7% ABV,35 IBU,4
Wawelskie Ciemne,Barbakan Beer,Lager - Dark,5.2% ABV,N/A IBU,3.5
Wawelskie Pszeniczne,Barbakan Beer,Wheat Beer - Hefeweizen,5.5% ABV,N/A IBU,3.5
Miłosław Sosnowe APA,Browar Fortuna,Pale Ale - American,4.8% ABV,37 IBU,3
Grodziskie Session Ale,Browar Grodzisk,Pale Ale - Other,4.5% ABV,35 IBU,3.25
Grażyna Sprężyna,Browar Waszczukowe,Stout - Milk / Sweet,4.5% ABV,15 IBU,3.5
Nuogas Ruonis (Naked Seal),Brick by Brick (Raudonų Plytų Alaus Dirbtuvės),Blonde / Golden Ale - Other,5.8% ABV,N/A IBU,3.75
Эль,"Пивоварня ""CRAFT""",Red Ale - Other,N/A ABV,N/A IBU,3
Пшеничное,"Пивоварня ""CRAFT""",Wheat Beer - Hefeweizen,4.3% ABV,N/A IBU,2.75
Темное,"Пивоварня ""CRAFT""",Lager - Dark,4.2% ABV,N/A IBU,2.25
Obolon Nefiltrovane (Оболонь Нефільтроване),Obolon (Оболонь),Kellerbier / Zwickelbier,6% ABV,N/A IBU,3
Dresdner Felsenkeller Schwarzbier,Feldschlößchen Dresden,Schwarzbier,5% ABV,N/A IBU,3.75
Sporter Temnoe (Спортер Темное),Porter Pub (Портер Паб),Schwarzbier,4% ABV,N/A IBU,3.25
Adolph світле,Porter Pub (Портер Паб),Lager - Pale,N/A ABV,N/A IBU,3.5
Sporter Pshenichnoe (Спортер Пшеничное),Porter Pub (Портер Паб),Wheat Beer - Hefeweizen,4.2% ABV,N/A IBU,3.5
Chört Житній,Porter Pub (Портер Паб),Rye Beer,N/A ABV,N/A IBU,3
Dyadya Vasya Temnoe (Дядя Вася Темное),Porter Pub (Портер Паб),Lager - Dark,4% ABV,N/A IBU,3.5
Budweiser,Anheuser-Busch,Lager - American,5% ABV,12 IBU,3
Bombardier Amber Beer/Premium British Ale (Glorious English Ale),Eagle Brewery (formerly Charles Wells),Bitter - Best,4.1% ABV,35 IBU,3.5
Бравий Боцман,Опілля (Opillia),Lager - Pale,4.2% ABV,N/A IBU,2.5
Рыбачка Соня,Carlsberg Ukraine,Lager - Pale,3.9% ABV,N/A IBU,2.5
312 Urban Wheat Ale,Goose Island Beer Co.,Wheat Beer - American Pale Wheat,4.2% ABV,18 IBU,3.5
Goose IPA,Goose Island Beer Co.,IPA - American,5.9% ABV,55 IBU,3.75
Keltské dědictví Tmavý ležák,United Breweries,Lager - Tmavé (Czech Dark),4.5% ABV,N/A IBU,3
Benediktiner Weissbier,Benediktiner Weissbräu,Wheat Beer - Hefeweizen,5.4% ABV,13 IBU,3.75
Why Not Wild Lemon,"Напої Плюс (ГК ""Нові Продукти"")",Shandy / Radler,4.8% ABV,N/A IBU,2.5
Hike Blanche,Obolon (Оболонь),Wheat Beer - Witbier / Blanche,4.9% ABV,N/A IBU,2.75
Steam Brew Imperial IPA,Privatbrauerei Eichbaum,IPA - Imperial / Double,7.8% ABV,70 IBU,3.25
Steam Brew German Red,Privatbrauerei Eichbaum,Red Ale - Imperial / Double,7.9% ABV,N/A IBU,3.25
Своє Хмільне,Уманьпиво,Lager - Pale,4.6% ABV,N/A IBU,2.75
Уманське Медове,Уманьпиво,Honey Beer,6.5% ABV,N/A IBU,3.5
Sternburg Hefeweizen,Sternburg Brauerei GmbH,Wheat Beer - Hefeweizen,5.2% ABV,N/A IBU,3.5
Lāčplēsis Dzintara,Lāčplēsis,Lager - Amber / Red,4.8% ABV,20 IBU,3.5
Old Prague,Seedstock Brewery,Pilsner - Czech / Bohemian,6.6% ABV,83 IBU,3.5
Löwenbräu LöwenWeisse,Spaten-Franziskaner-Löwenbräu-Gruppe,Wheat Beer - Hefeweizen,5.2% ABV,N/A IBU,3.5
Henninger Premium Schwarzbier,Radeberger Gruppe,Schwarzbier,4.9% ABV,N/A IBU,3.5
MakarBeer Blancae De Belgium / Blond Queen,Makarska Pivovarnya,Wheat Beer - Witbier / Blanche,4.5% ABV,8 IBU,3.75
Milk Stout,Makarska Pivovarnya,Stout - Milk / Sweet,5% ABV,20 IBU,3.75
Witbier,Makarska Pivovarnya,Wheat Beer - Witbier / Blanche,5% ABV,6 IBU,3.5
MakarBeer Dark Lager / Black Cat,Makarska Pivovarnya,Lager - Dark,6.5% ABV,14 IBU,3.75
MakarBeer Amber Ale / Red Fox,Makarska Pivovarnya,Red Ale - Other,6% ABV,22 IBU,4
MakarBeer India Pale Ale (IPA) / Indian Caravan,Makarska Pivovarnya,IPA - Other,5.6% ABV,40 IBU,3.5
Porter,Fanatic Brewing Center,Porter - Baltic,6% ABV,30 IBU,3.75
Кошерне Пшеничне,Obolon (Оболонь),Wheat Beer - Hefeweizen,4.8% ABV,N/A IBU,3.75
Лев Темне,Carlsberg Ukraine,Lager - Dark,4.7% ABV,N/A IBU,3.5
Lvivske Bilyi Lev (Львiвське Бiлий Лев),Carlsberg Ukraine,Wheat Beer - Other,4.2% ABV,N/A IBU,3.5
Біле (Bile),Опілля (Opillia),Wheat Beer - Other,4% ABV,12 IBU,3.5
Robert Doms Amber Ale,Carlsberg Ukraine,Red Ale - Other,5% ABV,N/A IBU,3.75
Тетерів Хмільна Вишня,Перша Приватна Броварня (Persha Pryvatna Brovarnya),Fruit Beer,8% ABV,20 IBU,2.5
Natakhtari Gold / Натахтари / ნატახტარი,Natakhtari Brewery,Lager - Pale,5% ABV,N/A IBU,2.75
Lvivske Rizdvyane (Львівське Різдвяне),Carlsberg Ukraine,Lager - Winter,4.2% ABV,N/A IBU,3.5
Amber,Robim Good Brewery,Lager - Amber / Red,4.8% ABV,9 IBU,2.5
DAB Dark Beer,Dortmunder Actien-Brauerei,Lager - Dark,4.9% ABV,N/A IBU,3.25
Baltika Razlivnoe Myagkoe (Балтика Разливное Мягкое),Пивоваренная компания «Аливария» (Alivaria Brewery),Lager - Pale,4.4% ABV,N/A IBU,3
BraufactuM Indra,Radeberger Gruppe,IPA - White / Wheat,6.8% ABV,35 IBU,3.5
BraufactuM Roog,Radeberger Gruppe,Rauchbier,6.6% ABV,20 IBU,3.75
Tired & Emotional,Polka Dot Brewery,IPA - Imperial / Double,7.7% ABV,41 IBU,4
Lonely Trip,Valaduta Brovar,IPA - Session,5% ABV,50 IBU,3.75
Darkstep American Stout,Mad Frog Brewery,Stout - American,6% ABV,50 IBU,3.5
Special Technique,Jungle Brewery,IPA - Sour,6.5% ABV,35 IBU,4.25
Nelson M.,Rewort Brewery,Porter - Other,6.2% ABV,35 IBU,3.75
Stephans Bräu Hefeweizen,Privatbrauerei Eichbaum,Wheat Beer - Hefeweizen,5.2% ABV,N/A IBU,3.25
Zlaty Bazant Radler Black Currant & Raspberry,Бобруйский бровар,Shandy / Radler,2% ABV,N/A IBU,2.25
Summerise,13 Litar,Lager - IPL (India Pale Lager),4.4% ABV,30 IBU,3.75
Kellerbier,Kvadrat,Kellerbier / Zwickelbier,4.2% ABV,12 IBU,3.25
Torvald,Dvinsky Brovar (Двинский Бровар),Lager - Pale,4.5% ABV,N/A IBU,2.75
Baba Yaga / Баба Яга,Brewlok Brewery,Stout - Milk / Sweet,6% ABV,N/A IBU,3.5
Rigas,Полтавпиво (Poltavpyvo),Lager - Pale,5.1% ABV,N/A IBU,3
Mannlich Schwarzbier,Karlsberg Brauerei,Schwarzbier,4.7% ABV,N/A IBU,3.25
John Gaspar Темне,Европа-2014,Lager - Dark,4.6% ABV,N/A IBU,3.75
Rossy Red ale,BEAVER (Пивоваренная компания БИВЕР),Red Ale - Other,5.8% ABV,N/A IBU,3.75
Average Mellow Bear,XP Brew,Stout - Milk / Sweet,5% ABV,25 IBU,4.25
Мишенька под Вишенкой,Wolf's Brewery (Волковская Пивоварня),Fruit Beer,6.2% ABV,25 IBU,3.75
Apple / Pomme,Brouwerij Lindemans,Lambic - Fruit,3.5% ABV,12 IBU,3.5
Kirin Beer Ichiban (4.1%),Kirin Brewery (Zhuhai) Co.,Pilsner - Other,4.1% ABV,N/A IBU,3
Grodziska White IPA,Browar Grodzisk,IPA - White / Wheat,5.8% ABV,40 IBU,3.5
Zmrok: Maločny,Malanka,Stout - Imperial / Double Milk,8% ABV,90 IBU,4.25
Особое Поручение,KBREW | Пивоварня в Кожевниково,Wheat Beer - Witbier / Blanche,5% ABV,N/A IBU,3.5
Kastel Pils,Zakłady Piwowarskie Głubczyce,Lager - Pale,3% ABV,N/A IBU,2.5
Specjal Jasny Pełny,Browar w Elblągu,Lager - Pale,5.8% ABV,N/A IBU,2.75
Prażubr,Kompania Piwowarska,Lager - Pale,5% ABV,21 IBU,3
Budweiser Budvar / Czechvar Original,Budějovický Budvar,Pilsner - Czech / Bohemian,5% ABV,32 IBU,3
Dębowe Mocne,Kompania Piwowarska,Lager - Strong,7% ABV,19 IBU,2.75
Kultowe Jasne,Kultowy Browar Staropolski,Lager - Pale,5.2% ABV,N/A IBU,3
Kultowe Karmelowe,Kultowy Browar Staropolski,Lager - Dark,4.8% ABV,N/A IBU,3.25
Tyskie Gronie,Tyskie Browary Książęce,Lager - Pale,5% ABV,20 IBU,3
Książęce Weizen,Tyskie Browary Książęce,Wheat Beer - Hefeweizen,5.3% ABV,11 IBU,3.5
Tatra,Grupa Żywiec,Lager - Pale,5.6% ABV,N/A IBU,3
Łomża Niepasteryzowane / Non-pasteurised,Browar Łomża,Lager - Dortmunder / Export,5.7% ABV,N/A IBU,3.25
Łomża Miodowe,Browar Łomża,Honey Beer,5.7% ABV,N/A IBU,3
Łomża Wyborowe,Browar Łomża,Lager - Pale,6% ABV,N/A IBU,3
Grodziska APA,Browar Grodzisk,Pale Ale - American,5.2% ABV,50 IBU,3.75
Ritual,Jungle Brewery,Sour - Fruited Gose,5% ABV,12 IBU,3.75
Karol Jan Hello Honey,Пивоваренная компания «Аливария» (Alivaria Brewery),Honey Beer,3.8% ABV,N/A IBU,2.5
Wheat & Hops,13 Litar,IPA - White / Wheat,6.3% ABV,16 IBU,3.75
Born Again,Jungle Brewery,IPA - Imperial / Double,8% ABV,90 IBU,4.25
Stary Melnik Iz Bochonka Myagkoe (Старый Мельник Из Бочонка Мягкое),AB InBev Efes,Lager - Pale,4.3% ABV,N/A IBU,2.5
Хмелевус Weiss,AB InBev Efes Ukraine,Wheat Beer - Hefeweizen,6.4% ABV,N/A IBU,3.25
Miller Genuine Draft,Miller Brewing Company,Lager - American,4.7% ABV,12 IBU,2.5
Vanilla Stout,Bierwelle,Stout - Imperial / Double,8.4% ABV,66 IBU,3.25
Bitter Special,Bierwelle,Bitter - Best,6.2% ABV,27 IBU,3.75
Alivaria Zhivoe (Аливария Живое),Пивоваренная компания «Аливария» (Alivaria Brewery),Pilsner - Other,5% ABV,N/A IBU,3
Замковое Люкс,Tabak-Invest (Табак-Инвест),Lager - Pale,4.2% ABV,N/A IBU,3.75
Thüringer Premium Weissbier,Brauerei Gotha,Wheat Beer - Hefeweizen,4.9% ABV,N/A IBU,3.5
Mur Dark As the Night,Волинський бровар,Lager - Dark,5.7% ABV,N/A IBU,3.5
Porter,Волинський бровар,Porter - Baltic,5.8% ABV,20 IBU,3.5
Mur Brown Wheat,Волинський бровар,Wheat Beer - Dunkelweizen,4.9% ABV,N/A IBU,3.75
Mur Stout,Волинський бровар,Stout - Other,5.8% ABV,N/A IBU,3.5
Бочкове Нефільтроване Темне,Перша Приватна Броварня (Persha Pryvatna Brovarnya),Wheat Beer - Dunkelweizen,4.3% ABV,12 IBU,3.25
Пшеничне,Бердичівський пивоварний завод,Wheat Beer - Other,4.5% ABV,N/A IBU,3
Lvivske Dunkel (Львівське Dunkel),Carlsberg Ukraine,Lager - Munich Dunkel,4.2% ABV,N/A IBU,3.5
Медове,Микулинецький Бровар (Mykulynetskyi Brovar),Honey Beer,6% ABV,N/A IBU,3
Blanche,Микулинецький Бровар (Mykulynetskyi Brovar),Wheat Beer - Witbier / Blanche,4.5% ABV,N/A IBU,3.5
Замковое Бюргер,Tabak-Invest (Табак-Инвест),Lager - Dark,4.2% ABV,N/A IBU,3.25
Замковое Бюргер Нефильтрованное,Tabak-Invest (Табак-Инвест),Lager - Dark,4.2% ABV,N/A IBU,3.75
Šariš Tmavý,Plzeňský Prazdroj Slovensko,Lager - Dark,4.1% ABV,N/A IBU,3.25
Christmas Mystery,XP Brew,Porter - Other,7% ABV,15 IBU,3.75
Бланш де Мазай (Blanche De Mazay),Wolf's Brewery (Волковская Пивоварня),Wheat Beer - American Pale Wheat,5.9% ABV,45 IBU,3.5
Светлячок,Wolf's Brewery (Волковская Пивоварня),Lager - IPL (India Pale Lager),5% ABV,35 IBU,3.5
IPA v.3,Wolf's Brewery (Волковская Пивоварня),IPA - Session,5.9% ABV,55 IBU,3.5
Blanche de Bruxelles,Brasserie Lefebvre,Wheat Beer - Witbier / Blanche,4.5% ABV,18 IBU,3.5
1664 Blanc,Kronenbourg Brewery,Wheat Beer - Witbier / Blanche,5% ABV,7 IBU,3.5
BIERSTAAT Doppelbock,Bierstaat,Bock - Doppelbock,6.9% ABV,17 IBU,3.5
Пивная Карта. MaltØl,Krinitsa (Криница),Wheat Beer - American Pale Wheat,5.3% ABV,25 IBU,3.75
Schöfferhofer Weizen Kristall,Radeberger Gruppe,Wheat Beer - Kristallweizen,5% ABV,12 IBU,3.5
Konrad Premium Dark Lager Beer,Pivovar Liberec Vratislavice,Lager - Dark,3.8% ABV,N/A IBU,3.25
Tauras Ekstra,Kalnapilis Brewery,Lager - Pale,5.2% ABV,N/A IBU,3
Black Currant & Chokeberry Berliner Weisse,Taler (Талер),Sour - Berliner Weisse,3.8% ABV,10 IBU,3.75
Dog Poisoner,Mad Frog Brewery,Porter - Other,8% ABV,20 IBU,4
Schöfferhofer Weizen Dunkel,Radeberger Gruppe,Wheat Beer - Dunkelweizen,5% ABV,11 IBU,3.75
MUNICH HELLES Lager 500 летнее,BIERBANK,Lager - Helles,4.6% ABV,20 IBU,3.5
Black Comet,13 Litar,IPA - Black / Cascadian Dark Ale,6.6% ABV,50 IBU,3.75
LAB №05,BIERBANK,Other,6.3% ABV,15 IBU,3.75
Alexander Dunkel,A. Le Coq,Lager - Munich Dunkel,4.2% ABV,16 IBU,3.25
Koronet Light IPA,Lidskae Piva (Лідскае Піва),IPA - Session,4.7% ABV,24 IBU,3
München Lager (2018-),Staromestny Pivovar (Староместный Пивовар),Lager - Helles,5.1% ABV,13 IBU,3
Багемскае Паравое,Пивоваренная компания «Аливария» (Alivaria Brewery),California Common,5.7% ABV,10 IBU,3
Olvi Tuplapukki,Olvi,Bock - Doppelbock,8.5% ABV,23 IBU,3.25
Aura,Hartwall,Lager - Pale,4.5% ABV,19 IBU,3
Mariestads Export,Spendrups Bryggeri,Lager - Dortmunder / Export,5.3% ABV,20 IBU,3
Столичное Оригинальное Черное,Hops Brewery,Lager - Dark,4.7% ABV,10 IBU,3.75
Замковое Крафтовое,Tabak-Invest (Табак-Инвест),Smoked Beer,4.2% ABV,N/A IBU,3.5
Obolon Lager (Оболонь Лагер),Obolon (Оболонь),Lager - Pale,5.2% ABV,N/A IBU,3
Port Artur (Порт Артур),Wolf's Brewery (Волковская Пивоварня),Porter - Other,6% ABV,30 IBU,3.5
IPA v.2,Wolf's Brewery (Волковская Пивоварня),IPA - Session,5.9% ABV,55 IBU,3
Konrad Zelený král,Pivovar Liberec Vratislavice,Spiced / Herbed Beer,5% ABV,32 IBU,3
Albion,13 Litar,Bitter - Extra Special / Strong (ESB),5.2% ABV,30 IBU,4
Weizen,Distelhäuser Brauerei,Wheat Beer - Hefeweizen,5.4% ABV,15 IBU,3.75
Бортнiк / Bortnik,TRYE Beer,Specialty Grain,5% ABV,22 IBU,3.5
Kilkenny,Guinness,Red Ale - Irish,4.3% ABV,N/A IBU,3.75
Chinook Ray,13 Litar,Pale Ale - American,5% ABV,30 IBU,3.5
Belgian Saison,Taler (Талер),Farmhouse Ale - Saison,6.6% ABV,30 IBU,3.5
Rechitskoe Beloe (Речицкое Белое),Бобруйский бровар,Wheat Beer - Witbier / Blanche,4.7% ABV,12 IBU,3
ERIS vs Coconut & Vanilla,Midnight Project,Stout - Imperial / Double,11% ABV,60 IBU,4
Razor Blade,Jungle Brewery,Stout - American,6.1% ABV,50 IBU,3.75
Веневитинская Дева,Brewlok Brewery,IPA - Black / Cascadian Dark Ale,6% ABV,70 IBU,4.25
Trouble Times,Blood Brothers Brewery,IPA - Black / Cascadian Dark Ale,6.9% ABV,40 IBU,3.75
Heart of Makedonia (Double Mother T.),Rewort Brewery,Stout - Other,6.9% ABV,24 IBU,4.5
Тутэйшае светлое,Васильки,Lager - Helles,4.8% ABV,N/A IBU,2.75
Тутэйшае тёмное,Васильки,Lager - Dark,6.8% ABV,N/A IBU,3.25
Bohemijos Tamsusis,Volfas Engelman,Lager - Munich Dunkel,4.2% ABV,N/A IBU,3.75
Baltas (White),Švyturys,Wheat Beer - Hefeweizen,5% ABV,N/A IBU,3.5
Dessert Demon,Jungle Brewery,Porter - Other,8.7% ABV,30 IBU,3.75
Minikwe,Valaduta Brovar,Brown Ale - American,6.2% ABV,40 IBU,3.5
Red Fox,13 Litar,IPA - Red,6% ABV,45 IBU,3.75
Česky Velvet (2018-),Staromestny Pivovar (Староместный Пивовар),Schwarzbier,5% ABV,10 IBU,3.5
Ruby Dublin (2018-),Staromestny Pivovar (Староместный Пивовар),Lager - Vienna,4.8% ABV,13 IBU,3.5
Flanders Ale,Staromestny Pivovar (Староместный Пивовар),Belgian Blonde,6% ABV,N/A IBU,3.75
Amber Bock,Staromestny Pivovar (Староместный Пивовар),Bock - Single / Traditional,6.5% ABV,21 IBU,4
Pshenichnoe (Пшеничное),Arbat (Арбат),Wheat Beer - Hefeweizen,5.4% ABV,N/A IBU,3.25
Prezident,Bohemia Regent,Lager - Světlé (Czech Pale),6% ABV,38 IBU,3.25
Weißbier,Staromestny Pivovar (Староместный Пивовар),Wheat Beer - Hefeweizen,5% ABV,N/A IBU,3
AmBEER,Tochca Brewery,Lager - Amber / Red,5.1% ABV,24 IBU,3.75
Vanilla Imperial Milk Stout,Taler (Талер),Stout - Imperial / Double Milk,6.9% ABV,30 IBU,3.75
Märzen Urstoff,Distelhäuser Brauerei,Märzen,5.6% ABV,N/A IBU,3.5
Münchner Weisse,Staatliches Hofbräuhaus München,Wheat Beer - Hefeweizen,5.1% ABV,14 IBU,3.75
BreStout,13 Litar,Stout - Foreign / Export,5.9% ABV,30 IBU,3.75
Saison,Švyturys,Farmhouse Ale - Saison,5.7% ABV,N/A IBU,3.5
Escape From Guantanamo,Valaduta Brovar,Stout - Other,6.3% ABV,30 IBU,3.5
Tournai (Турне),Brauning Bier (Браунинг Бир),Wheat Beer - Witbier / Blanche,4.2% ABV,8 IBU,3.5
Baltic Porter,Kvadrat,Porter - Baltic,6.5% ABV,50 IBU,3.75
Нинкаси,Hops Brewery,Fruit Beer,7.6% ABV,10 IBU,3.75
Hobgoblin Legendary Ruby Beer,Marston's Brewery,Brown Ale - English,5.2% ABV,32 IBU,3.75
Belgian Abbey Ale,SD Brewery,Belgian Strong Dark Ale,8% ABV,22 IBU,3.75
Why Not Smoky Island,"Напої Плюс (ГК ""Нові Продукти"")",Shandy / Radler,5% ABV,N/A IBU,2.75
Minskae Zhyguleuskae (Мінскае Жыгулёўскае),Пивоваренная компания «Аливария» (Alivaria Brewery),Lager - Pale,5% ABV,N/A IBU,2.5
White Moon,New Riga's Brewery,Stout - Milk / Sweet,5.5% ABV,20 IBU,3.75
Black X-Mas,13 Litar,IPA - Black / Cascadian Dark Ale,5.9% ABV,45 IBU,4.25
Замкова Гора (2018),Pravda Brewery,Sour - Other,3.3% ABV,10 IBU,3
Winter Brew,Fuller's Griffin Brewery,Winter Ale,6.3% ABV,N/A IBU,3.75
Premium tmavý ležák 12,Bohemia Regent,Lager - Tmavé (Czech Dark),4.7% ABV,33 IBU,3.5
Obolon Svitle (Оболонь Світле),Obolon (Оболонь),Lager - Pale,4.5% ABV,N/A IBU,3
Темное,Старая Крепость,Lager - Dark,4.4% ABV,N/A IBU,3.25
Rocking Rudolph (2018),Greene King,Winter Ale,4.2% ABV,N/A IBU,3
Stephansbräu Schwarzbier,Kaufland,Schwarzbier,5% ABV,N/A IBU,3.25
Stella Artois,Stella Artois,Lager - Pale,5% ABV,24 IBU,3.5
LIDSKAE Nulevachka (ЛІДСКАЕ Нулёвачка),Lidskae Piva (Лідскае Піва),Non-Alcoholic - Lager,0.5% ABV,20 IBU,2.5
"Hoegaarden Wit / Blanche 0,0%",Brouwerij Hoegaarden,Non-Alcoholic - Wheat,N/A ABV,25 IBU,3
Maisel's Weisse Alkoholfrei,Brauerei Gebr. Maisel,Non-Alcoholic - Wheat,N/A ABV,10 IBU,3
Ватра,Pravda Brewery,Blonde / Golden Ale - Other,4.8% ABV,21 IBU,3.25
Okhota Krepkoe Exportnoe (Охота Крепкое Экспортное),Объединённые Пивоварни - Холдинг,Lager - Strong,6.3% ABV,N/A IBU,2
Zhigulevskoe (Жигулевское),Бобруйский бровар,Lager - Pale,5% ABV,12 IBU,2
Rechitskoe Svetloe (Речицкое Светлое),Бобруйский бровар,Lager - Pale,5.5% ABV,N/A IBU,2.5
Smoky Party,Hops Brewery,Smoked Beer,4.8% ABV,10 IBU,4
Party Papa,Łajdak Brewery,Stout - Milk / Sweet,6.5% ABV,35 IBU,4
La Trappe Dubbel,Bierbrouwerij De Koningshoeven,Belgian Dubbel,7% ABV,22 IBU,3.5
Blanche,Hops Brewery,Wheat Beer - Witbier / Blanche,4.8% ABV,15 IBU,3.75
Conspiracy,Blood Brothers Brewery,Red Ale - Imperial / Double,6.9% ABV,40 IBU,3.75
Got Some Milk?,Jungle Brewery,Stout - Milk / Sweet,6.5% ABV,30 IBU,4
Penguins,Taler (Талер),IPA - Session,5% ABV,35 IBU,3.5
NUKA IPA,Hops Brewery,IPA - Imperial / Double,8.2% ABV,50 IBU,4
CAtZiLLA American IPA,Mad Frog Brewery,IPA - American,5.8% ABV,65 IBU,3.5
Miodowe Love,Browar Jabłonowo,Honey Beer,5.3% ABV,N/A IBU,3
Полоцкое тёмное,Polotskoe Pivo (Полоцкое Пиво),Lager - Dark,4.2% ABV,N/A IBU,3
Vyšnių Kriek,Vilkmerges Alus,Fruit Beer,5% ABV,14 IBU,3.5
SUPER 8 Blanche,Brouwerij Haacht Brasserie,Wheat Beer - Witbier / Blanche,5.1% ABV,11 IBU,3.75
Red Baron,Valaduta Brovar,IPA - Red,6.2% ABV,60 IBU,3.75
Barzda Vėtroje (Wind Knot),Brick by Brick (Raudonų Plytų Alaus Dirbtuvės),Stout - Irish Dry,3.8% ABV,29 IBU,3.25
James Blond,Tochca Brewery,Blonde / Golden Ale - Other,5.8% ABV,N/A IBU,3.75
Black Sabbath,Rock-n-Rolla's,Porter - Baltic,8% ABV,27 IBU,3.75
Black Mark,Valaduta Brovar,IPA - Black / Cascadian Dark Ale,5.6% ABV,60 IBU,4.25
Jasne że Pełne,Van Pur,Lager - Pale,5% ABV,N/A IBU,2.5
Kriek,Volfas Engelman,Fruit Beer,4% ABV,6 IBU,3.5
Belfast,Valaduta Brovar,Stout - Oatmeal,5.3% ABV,30 IBU,4
Latgale Gaišais Nepasterizēts,Latgales Alus,Lager - Helles,4.5% ABV,N/A IBU,3.5
Алiварыя Калядны Цуд (Alivaria Kaliadny Cud),Пивоваренная компания «Аливария» (Alivaria Brewery),Lager - Winter,5.1% ABV,14 IBU,3
Kriek,Brouwerij Lindemans,Lambic - Kriek,3.5% ABV,18 IBU,3.5
La Trappe Blond,Bierbrouwerij De Koningshoeven,Belgian Blonde,6.5% ABV,20 IBU,3.75
Konrad 11 Tmavý ležák / Dark Lager,Pivovar Liberec Vratislavice,Lager - Tmavé (Czech Dark),4.4% ABV,N/A IBU,3.75
Blanche de Namur,Brasserie du Bocq,Wheat Beer - Witbier / Blanche,4.5% ABV,11 IBU,3.75
Steenbrugge Dubbel Bruin,Brouwerij Palm,Belgian Dubbel,6.5% ABV,23 IBU,4
Steenbrugge Blond,Brouwerij Palm,Belgian Blonde,6.5% ABV,23 IBU,3.75
Palm Spéciale,Brouwerij Palm,Pale Ale - Belgian,5.2% ABV,18 IBU,3.5
Rinkuškių Porteris,Rinkuškiai,Porter - Other,5.6% ABV,25 IBU,3.5
Rinkuškių Juodasis,Rinkuškiai,Schwarzbier,4.2% ABV,N/A IBU,3.5
Drumstas,Rinkuškiai,Lager - Pale,6% ABV,N/A IBU,3
LIDSKAE Zimovae (ЛІДСКАЕ Зімовае) (2018-2021),Lidskae Piva (Лідскае Піва),Lager - Winter,5% ABV,18 IBU,3
Леў / Лев /Leo,Krinitsa (Криница),Lager - Dark,5.3% ABV,N/A IBU,3
Вечірній Бульвар,Бердичівський пивоварний завод,Lager - Dark,4.9% ABV,N/A IBU,3.75
Capucijn Abdijbier - Dubbel,Budelse Brouwerij,Belgian Dubbel,6.5% ABV,25 IBU,4
Rodenbach Grand Cru,Brouwerij Rodenbach,Sour - Flanders Red Ale,6% ABV,35 IBU,4.25
Staropilsen Dark,Staropilsen,Lager - Dark,4.5% ABV,N/A IBU,3.75
Zlata Praha Černé,Obolon (Оболонь),Lager - Tmavé (Czech Dark),4.1% ABV,N/A IBU,3.5
Zibert Weiss,Obolon (Оболонь),Wheat Beer - Hefeweizen,5% ABV,N/A IBU,3.5
Янтар Чорний принц / Yantar Black Prince,AB InBev Efes Ukraine,Lager - Dark,6.4% ABV,N/A IBU,3.75
Coffee & Chocolate Stout,Insider Craft Hub,Stout - Coffee,5.6% ABV,48 IBU,3.5
Бочкове Нефільтроване (Bochkove Nefiltrovane),Перша Приватна Броварня (Persha Pryvatna Brovarnya),Wheat Beer - Other,4.8% ABV,12 IBU,3
Княже (Kniazhe),Опілля (Opillia),Lager - Dark,4.8% ABV,13 IBU,3.5
Хмельницьке,Хмельпиво,Lager - Pale,4.5% ABV,N/A IBU,3.25
Taller Maibock,AB InBev Efes Ukraine,Bock - Hell / Maibock / Lentebock,7.7% ABV,N/A IBU,3.5
Гарэза / Hareza,TRYE Beer,Belgian Dubbel,6.5% ABV,15 IBU,3.75
McCallum's Sweet Scottish Stout,Belhaven Brewery,Stout - Milk / Sweet,4.1% ABV,N/A IBU,3.75
Heineken,Heineken,Lager - Pale,5% ABV,23 IBU,2.5
LIDSKAE Premium Nippel,Lidskae Piva (Лідскае Піва),Lager - Pale,5% ABV,N/A IBU,3
Stary Melnik iz Bochonka Temnoye Barhatnoe (Старый Мельник из Бочонка Тёмное Бархатное),AB InBev Efes,Lager - Munich Dunkel,4.2% ABV,N/A IBU,3.25
Robert Doms Munkhensky (Robert Doms Мюнхенський),Carlsberg Ukraine,Lager - Munich Dunkel,4.5% ABV,N/A IBU,3.75
Black IPA,Кумпель / Kumpel,IPA - Black / Cascadian Dark Ale,4% ABV,39 IBU,4
Maisel's Weisse Original,Brauerei Gebr. Maisel,Wheat Beer - Hefeweizen,5.1% ABV,12 IBU,4
Witbier,Kvadrat,Wheat Beer - Witbier / Blanche,4.2% ABV,15 IBU,3
Dunkel,Biermanufaktur ENGEL,Lager - Munich Dunkel,5.3% ABV,21 IBU,3.5
Robert Doms Vidensky (Robert Doms Вiденський),Carlsberg Ukraine,Lager - Vienna,4.2% ABV,N/A IBU,3.5
Krynica Volnae (Крыніца Вольнае),Krinitsa (Криница),Lager - Pale,5.2% ABV,N/A IBU,3
Крыніца Тропік,Krinitsa (Криница),Fruit Beer,4.7% ABV,N/A IBU,3.25
Córa Koryntu,Jan Olbracht Browar Rzemieślniczy,Bock - Weizenbock,7% ABV,N/A IBU,3.5
I'm So Horny!,PINTA Contracts,Lager - Dark,6.7% ABV,27 IBU,3.75
Czarna Dziura,PINTA Contracts,Schwarzbier,4.5% ABV,38 IBU,3.5
Hole,Nepo Brewing,IPA - Black / Cascadian Dark Ale,6.3% ABV,45 IBU,3.75
Specjal Niefiltrowany,Browar w Elblągu,Lager - Pale,N/A ABV,N/A IBU,3.5
Żytnie Niefiltrowane IPA,Browar Jana,IPA - Rye,6.4% ABV,N/A IBU,3.5
Upalony Walo,Bytów Browar Kaszubski,Lager - Dark,4.9% ABV,N/A IBU,3.75
Piaseczyńskie Ciemny Lager,BeerLab,Lager - Dark,5.5% ABV,N/A IBU,3.5
Kurortowe,Browar Miejski Sopot,Wheat Beer - Witbier / Blanche,5.1% ABV,N/A IBU,4.25
Sopockie Ciemne,Sopocki Browar,Lager - Dark,6% ABV,N/A IBU,3.75
Ciemna 10°,Stary Browar Kościerzyna,Lager - Dark,3.9% ABV,N/A IBU,3.75
Klasyka Waszczuków - Dry Stout,Browar Waszczukowe,Stout - Irish Dry,5.3% ABV,25 IBU,3.5
Karmi Classic,Carlsberg Polska,Non-Alcoholic - Other,0.5% ABV,N/A IBU,2
Cannabis Semi-Pale Beer,Aukštaitijos Bravorai,Spiced / Herbed Beer,5% ABV,12 IBU,3.75
Duchesse de Bourgogne,Brouwerij Verhaeghe,Sour - Flanders Red Ale,6.2% ABV,11 IBU,4
Perlenbacher Premium Pils,Lidl Deutschland / Germany,Pilsner - German,4.9% ABV,15 IBU,2.5
Książęce IPA,Tyskie Browary Książęce,IPA - Other,5.4% ABV,35 IBU,3.25
Belfast,Browar Jabłonowo,Stout - Irish Dry,6.5% ABV,26 IBU,3.75
Gniewosz Korzenne,Browar Kamionka,Spiced / Herbed Beer,5.6% ABV,N/A IBU,4.25
Namysłów Ciemne Typu Irlandzkiego,Browar Namysłów,Dark Ale,4.7% ABV,N/A IBU,3.5
Noteckie Ciemne Eire,Browar Czarnków,Lager - Dark,5.6% ABV,N/A IBU,4
Noteckie Bursztynowe,Browar Czarnków,Lager - Amber / Red,5.6% ABV,N/A IBU,4.25
Magnus o Smaku Wiśniowym,Browar Jagiełło,Fruit Beer,6% ABV,N/A IBU,3.75
Magnus o Smaku Czekoladowym,Browar Jagiełło,Spiced / Herbed Beer,5.6% ABV,N/A IBU,3.25
Wiśnia w Piwie,Browar Kormoran,Fruit Beer,4.7% ABV,N/A IBU,3
Piwo Ciemne Okocimskie,Browar Okocim,Lager - Dark,5.3% ABV,N/A IBU,3.75
Malborskie Miodowe,Kultowy Browar Staropolski,Honey Beer,4.7% ABV,N/A IBU,3.75
Porter Bałtycki,Kultowy Browar Staropolski,Porter - Baltic,10.2% ABV,N/A IBU,3
Okocim Mocne Dubeltowe,Browar Okocim,Lager - Strong,6.5% ABV,21 IBU,3
Staropolskie Koźlak,Kultowy Browar Staropolski,Bock - Single / Traditional,6.2% ABV,N/A IBU,3
Staropolskie Rezane,Kultowy Browar Staropolski,Black & Tan,8.2% ABV,N/A IBU,3.5
Swojskie Irlandzkie Ciemne,PBR,Lager - Dark,5.1% ABV,N/A IBU,3.5
Cichy Wieczór,Browar Za Miastem,Roggenbier,5.8% ABV,27 IBU,3.75
Dunkel Weizen,Kultowy Browar Staropolski,Wheat Beer - Dunkelweizen,5.2% ABV,N/A IBU,3.5
Joe Hop's Na Zielonej Wyspie,Kultowy Browar Staropolski,Stout - Coffee,5.9% ABV,N/A IBU,3.75
Dziki Sad Czereśnia,Grupa Żywiec,Shandy / Radler,4.5% ABV,N/A IBU,2.5
Piwo Składowe,Browar Witnica,Lager - Pale,6.1% ABV,N/A IBU,3
Porter Warmiński,Browar Kormoran,Porter - Baltic,9% ABV,N/A IBU,3.5
Podróże Kormorana Coffee Stout,Browar Kormoran,Stout - Coffee,4.8% ABV,N/A IBU,3.5
Kormoran Ciemny,Browar Kormoran,Lager - Dark,4.5% ABV,N/A IBU,3.75
Piwo Grodziskie Oryginalne,Browar Grodzisk,Grodziskie / Grätzer,3.1% ABV,27 IBU,4
LIDSKAE Premium (ЛІДСКАЕ Premium),Lidskae Piva (Лідскае Піва),Lager - Pale,5.1% ABV,10 IBU,3
Калекцыя Майстра Sour Ale,Lidskae Piva (Лідскае Піва),Sour - Other,3.9% ABV,10 IBU,4
"Калекцыя Майстра Пшанічнае пiва, Светлае",Lidskae Piva (Лідскае Піва),Wheat Beer - Hefeweizen,5% ABV,12 IBU,3.25
Śmietanka,Jan Olbracht Browar Rzemieślniczy,Wheat Beer - Hefeweizen,5.6% ABV,15 IBU,3.75
Piernikowy Foch,Jan Olbracht Browar Rzemieślniczy,Spiced / Herbed Beer,5.6% ABV,15 IBU,3.75
Aktien Landbier Fränkisch Dunkel,Bayreuther Bierbrauerei,Lager - Munich Dunkel,5.3% ABV,19 IBU,3
Aktien Zwick'l Kellerbier,Bayreuther Bierbrauerei,Kellerbier / Zwickelbier,5.3% ABV,18 IBU,3
P.U.R.E. | Apricot,XP Brew,Sour - Fruited,7% ABV,25 IBU,4
Abbaye d'Aulne Brune,Brasserie de l'Abbaye d'Aulne,Brown Ale - Belgian,6% ABV,14 IBU,3.75
Tradicinis,Švyturys,Bock - Hell / Maibock / Lentebock,6% ABV,N/A IBU,3
Abbaye d'Aulne Ambrée 6,Brasserie de l'Abbaye d'Aulne,Pale Ale - Belgian,6% ABV,19 IBU,3.5
Пивная карта. Amber Ale,Krinitsa (Криница),Red Ale - American Amber / Red,5.1% ABV,N/A IBU,3
Ваўкалак / Vaukalak,TRYE Beer,Porter - Other,6.2% ABV,30 IBU,4
Farmhouse NEIPA,Taler (Талер),IPA - Belgian,6.5% ABV,35 IBU,3.75
Braník Světlý,Pivovary Staropramen,Lager - Světlé (Czech Pale),4.1% ABV,N/A IBU,3
Platan Desítka,Pivovar Protivín,Lager - Světlé (Czech Pale),4% ABV,23 IBU,3
Baltika #0 Non-Alcoholic Wheat / Балтика #0 Безалкогольное Пшеничное,Baltika Breweries (Балтика),Non-Alcoholic - Wheat,0.5% ABV,16 IBU,3
Polotskoe Zolotistoe (Полоцкое Золотистое),Polotskoe Pivo (Полоцкое Пиво),Lager - Pale,4.7% ABV,N/A IBU,2.5
Zhigulevskoe (Жигулевское),Brestskoe Pivo (Брестское Пиво),Lager - Pale,4.7% ABV,N/A IBU,2
Blonde Ale,Švyturys,Belgian Blonde,5.3% ABV,N/A IBU,3.25
Amber Way,13 Litar,Red Ale - American Amber / Red,5.1% ABV,27 IBU,3.75
Milk Stout,Arbat (Арбат),Stout - Milk / Sweet,5.5% ABV,19 IBU,3.75
Red,Arbat (Арбат),Red Ale - Irish,5.4% ABV,N/A IBU,3.5
Grimbergen Blanche,Brouwerij Alken-Maes,Wheat Beer - Witbier / Blanche,6% ABV,13 IBU,3.75
Grimbergen Double Ambrée,Kronenbourg Brewery,Belgian Dubbel,6.5% ABV,22 IBU,3.75
Kaltenberg Hefe Weissbier,König Ludwig Schlossbrauerei Kaltenberg,Wheat Beer - Hefeweizen,5.5% ABV,N/A IBU,3.5
Hofbräu Schwarze Weisse / Dark Wheat / Hefeweizen Dunkel,Staatliches Hofbräuhaus München,Wheat Beer - Dunkelweizen,5.1% ABV,14 IBU,3.5
Zhigulevskoye (Жигулевское),Krinitsa (Криница),Pilsner - Other,4.6% ABV,N/A IBU,2.5
Iron Woods,Gletcher Brewery (Глетчер),Stout - Irish Dry,4.8% ABV,35 IBU,3.25
Bowler Brilliant Ale,Gletcher Brewery (Глетчер),Pale Ale - English,5% ABV,29 IBU,3.25
Paulaner Hefe-Weißbier / Hefe-Weizen / Weissbier,Paulaner Brauerei,Wheat Beer - Hefeweizen,5.5% ABV,16 IBU,3.75
Black Scottish Stout,Belhaven Brewery,Stout - Irish Dry,4.2% ABV,10 IBU,3.75
English Brown,BIERBANK,Brown Ale - English,4.8% ABV,18 IBU,3.25
Alivaria 1894 Premium,Пивоваренная компания «Аливария» (Alivaria Brewery),Lager - Pale,4.8% ABV,N/A IBU,3.25
Чабор / Chabor,TRYE Beer,Sour - Traditional Gose,5.5% ABV,12 IBU,3
Juodųjų Serbentų Stout,Vilkmerges Alus,Stout - Other,5.5% ABV,14 IBU,3
Kurkas Keptinis,Dundulis,Farmhouse Ale - Other,5.3% ABV,25 IBU,3.5
Jager Dark (Ягер Темное),AV Brewery,Lager - Dark,5.1% ABV,N/A IBU,3.5
Petrus Roodbruin (Oud Bruin),Brouwerij De Brabandere,Sour - Flanders Oud Bruin,5.5% ABV,17 IBU,4.25
Pearl Jet,Marston's Brewery,Stout - Oyster,4.1% ABV,N/A IBU,3.75
Bounty Killer,AF Brew,Stout - Milk / Sweet,6.9% ABV,30 IBU,3.5
ЗНІЧ / ZNICH,TRYE Beer,Rye Wine,10% ABV,60 IBU,3.75
ЦМОК / TSMOK,TRYE Beer,Stout - Imperial / Double,10% ABV,60 IBU,3.75
Karol Jan Ruby,Пивоваренная компания «Аливария» (Alivaria Brewery),Fruit Beer,4.6% ABV,16 IBU,2.75
Imperial Porteris,Volfas Engelman,Porter - Baltic,6% ABV,N/A IBU,3.5
Blond,Volfas Engelman,Wheat Beer - Witbier / Blanche,4.5% ABV,14 IBU,3.25
Mosco Blond (בהירה),Mosco (מוסקו),Blonde / Golden Ale - Other,6.5% ABV,15 IBU,3
Harvest Pumpkin Ale,Blue Moon Brewing Company,Pumpkin / Yam Beer,5.7% ABV,16 IBU,3.32087
Belgian White,Blue Moon Brewing Company,Wheat Beer - Witbier / Blanche,5.4% ABV,9 IBU,3
Königsbacher Pils,Karlsberg Brauerei,Pilsner - German,4.8% ABV,N/A IBU,3
Biržiečių Juodasis,Kauno Alus,Stout - Other,7.5% ABV,N/A IBU,3.5
Grynas Tamsusis,Kauno Alus,Dark Ale,5% ABV,N/A IBU,3.5
Wheat (חיטה),Shapiro (שפירא),Wheat Beer - Witbier / Blanche,5.2% ABV,N/A IBU,3.75
Porter Alon (פורטר אלון),Negev Brewery (נגב),Porter - Other,5% ABV,N/A IBU,5
Negev Amber Ale,Negev Brewery (נגב),Red Ale - American Amber / Red,4.9% ABV,N/A IBU,3.75
Kanapis,Dundulis,Historical Beer - Gruit / Ancient Herbed Ale,5% ABV,N/A IBU,3.5
Humulupu IPA,Dundulis,IPA - Session,5% ABV,44 IBU,3.5
Dry Stout (כהה),Malka (מלכה),Stout - Other,6% ABV,40 IBU,3.5
Oktoberfest Märzen / Original Münchner Märzen,Paulaner Brauerei,Märzen,5.8% ABV,20 IBU,4
Paulaner Hefe-Weißbier Dunkel,Paulaner Brauerei,Wheat Beer - Dunkelweizen,5.3% ABV,12 IBU,3.5
Stiegl-Weisse Naturtrüb,Stieglbrauerei zu Salzburg,Wheat Beer - Hefeweizen,5.1% ABV,14 IBU,3.25
Benediktiner Weissbier Dunkel,Benediktiner Weissbräu,Wheat Beer - Dunkelweizen,5.4% ABV,13 IBU,3.5
Benediktiner Hell,Benediktiner Weissbräu,Lager - Helles,5% ABV,17 IBU,3
Weizen,Primátor,Wheat Beer - Hefeweizen,4.8% ABV,14 IBU,3
Goldstar (גולדסטאר) Slowbrew,Tempo Beer Industries Ltd (טמפו),Lager - Strong,10% ABV,18 IBU,3.25
Goldstar (גולדסטאר),Tempo Beer Industries Ltd (טמפו),Lager - Vienna,4.9% ABV,N/A IBU,2.75
Czech Inn Dark,3B Solutions,Lager - Tmavé (Czech Dark),4.7% ABV,N/A IBU,3.5
Koronet Brown Ale,Lidskae Piva (Лідскае Піва),Brown Ale - English,4.7% ABV,12 IBU,2.75
Landbier,Distelhäuser Brauerei,Lager - Dark,5.1% ABV,22 IBU,3.5
Dunkles Weizen,Distelhäuser Brauerei,Wheat Beer - Dunkelweizen,5.4% ABV,15 IBU,3.5
Friday IPA,Taler (Талер),IPA - American,6.5% ABV,60 IBU,3
Dark lager ( Темный лагер),Taler (Талер),Lager - Munich Dunkel,4.8% ABV,N/A IBU,3.5
Melnā Pērle,Latgales Alus,Specialty Grain,5.5% ABV,N/A IBU,3.5
Два топора (Two Axe),KBREW | Пивоварня в Кожевниково,Wheat Beer - Dunkelweizen,4.8% ABV,N/A IBU,3.5
Wheat Kiss,Tochca Brewery,Wheat Beer - Hefeweizen,5% ABV,N/A IBU,4
Американский Янтарный Эль,BEAVER (Пивоваренная компания БИВЕР),Red Ale - American Amber / Red,4.4% ABV,N/A IBU,3
13 Statinių Tamsusis,Vilniaus Alus,Spiced / Herbed Beer,14% ABV,N/A IBU,3.75
Leffe Ruby,Abbaye de Leffe,Fruit Beer,5% ABV,10 IBU,3.5
Калекцыя Майстра Australian Light Lager,Lidskae Piva (Лідскае Піва),Lager - Pale,4.8% ABV,24 IBU,3.25
Dunkel,Thuisbrunner Elch-Bräu,Lager - Munich Dunkel,4.9% ABV,N/A IBU,3.75
Trappist Westvleteren 8,Brouwerij De Sint-Sixtusabdij van Westvleteren,Belgian Dubbel,8% ABV,35 IBU,4.5
Варница Бархатное,Varnitsa (Варница),Lager - Munich Dunkel,4.5% ABV,N/A IBU,2.5
Варница Нефильтрованное,Varnitsa (Варница),Lager - Pale,4.7% ABV,N/A IBU,2.5
Chernigivske Svitle (Чернігівське Світле),AB InBev Efes Ukraine,Lager - Pale,4.8% ABV,N/A IBU,2.25
Chernihivske Bile (Чернігівське Біле),AB InBev Efes Ukraine,Wheat Beer - Other,4.8% ABV,N/A IBU,3.25
Robert Doms Бельгійський (Robert Doms Belgian Style),Carlsberg Ukraine,Wheat Beer - Witbier / Blanche,4.3% ABV,N/A IBU,3.5
Battl,Brestskoe Pivo (Брестское Пиво),Lager - Pale,4.2% ABV,N/A IBU,2
Gueuze,Brouwerij Lindemans,Lambic - Gueuze,5% ABV,25 IBU,3.75
Grimbergen Blonde,Brouwerij Alken-Maes,Belgian Blonde,6.7% ABV,22 IBU,3.5
Kvass Starazhytny (Квас Старажытны),Krinitsa (Криница),Kvass,1.2% ABV,N/A IBU,2.75
Kvass Leto 988 (Квас Лето 988),Krinitsa (Криница),Kvass,0.5% ABV,N/A IBU,2.92553
Krynica Dark (Крыніца цёмнае),Krinitsa (Криница),Lager - Dark,4.5% ABV,N/A IBU,3
Trehsosenskoe Barhatnoe (Трехсосенское Бархатное),Zavod Trekhsosensky (Завод Трехсосенский),Lager - Dark,4.6% ABV,N/A IBU,2.5
Andechser Doppelbock Dunkel,Klosterbrauerei Andechs,Bock - Doppelbock,7.1% ABV,19 IBU,4.5
Aecht Schlenkerla Rauchbier – Märzen,"Schlenkerla (""Heller-Bräu"" Trum)",Rauchbier,5.1% ABV,30 IBU,4.25
Aecht Schlenkerla Rauchbier – Weizen,"Schlenkerla (""Heller-Bräu"" Trum)",Rauchbier,5.2% ABV,20 IBU,4.25
Kriek Mariage Parfait (2016),Brouwerij Boon,Lambic - Kriek,8% ABV,N/A IBU,3.5
Latgale Tumšais Nepastarizēts,Latgales Alus,Lager - Munich Dunkel,5.5% ABV,N/A IBU,3.5
Tamsusis,Vilkmerges Alus,Dark Ale,5.8% ABV,14 IBU,3.75
KILLbeer Tyomnoe (KILLbeer Темное),Killfish Discount Bar Minsk,Lager - Dark,4.2% ABV,N/A IBU,2.75
KILLbeer Пшеничное,Killfish Discount Bar Minsk,Wheat Beer - Hefeweizen,4.2% ABV,N/A IBU,3
Modelo Especial,Grupo Modelo,Lager - Mexican,4.5% ABV,18 IBU,3.25
Three Kings (Три Короля),Lidskae Piva (Лідскае Піва),Lager - Pale,4% ABV,N/A IBU,2.5
Stary Melnik Iz Bochonka Temnoye (Старый Мельник Из Бочонка Темное),AB InBev Efes,Lager - Dark,4.6% ABV,N/A IBU,2.5
Австрийский Рецепт Белое,Lipetskpivo (Липецкпиво),Wheat Beer - Other,4.2% ABV,N/A IBU,2
Немецкий Рецепт Нефильтрованное,Lipetskpivo (Липецкпиво),Kellerbier / Zwickelbier,4.7% ABV,N/A IBU,2
Ирландский Рецепт Бархатное,Lipetskpivo (Липецкпиво),Lager - Dark,4.6% ABV,N/A IBU,2.25
Zhiguli Barnoe Barhatnoe (Жигули Барное Бархатное),Moscow Brewing Company (Московская Пивоваренная Компания),Lager - Dark,4.5% ABV,N/A IBU,3.25
Zhiguli Barnoe (Жигули Барное),Moscow Brewing Company (Московская Пивоваренная Компания),Lager - Pale,4.9% ABV,20 IBU,3.25
Bely Medved Svetloe (Белый Медведь Светлое),AB InBev Efes,Lager - Pale,5% ABV,N/A IBU,1.25
387. Osobaya Varka (387. Особая Варка),AB InBev Efes,Lager - Amber / Red,6.8% ABV,N/A IBU,1.5
Okhota Krepkoe (Охота Крепкое),Объединённые Пивоварни - Холдинг,Lager - Strong,8.1% ABV,N/A IBU,2
Old Bobby Ale,Baltika Breweries (Балтика),Bitter - Session / Ordinary,4.5% ABV,24 IBU,3
Кленовое,Ягуар,Spiced / Herbed Beer,4.7% ABV,N/A IBU,3.75
Темное,Schulz,Schwarzbier,4.8% ABV,N/A IBU,3.25
Бок Козел,Schulz,Bock - Single / Traditional,8% ABV,N/A IBU,3.5
Генрих Шульц Имбирное / Ginger Beer,Schulz,Hard Ginger Beer,5% ABV,18 IBU,3.29651
Светлое,Schulz,Pilsner - Other,5% ABV,N/A IBU,2.5
Медовое (Honey Beer),Schulz,Honey Beer,N/A ABV,N/A IBU,3.25
Пшеничное,Schulz,Wheat Beer - Hefeweizen,5% ABV,N/A IBU,3
П'яна Вишня Темне,Schulz,Fruit Beer,7% ABV,23 IBU,4
Крапивное (Nettle Beer),Schulz,Spiced / Herbed Beer,5% ABV,N/A IBU,2.75
Hoegaarden Wit / Blanche,Brouwerij Hoegaarden,Wheat Beer - Witbier / Blanche,4.9% ABV,15 IBU,4
Chișinău Blondă,Efes Vitanta Moldova Brewery,Lager - Pale,4.5% ABV,N/A IBU,2.75
Bergschlosschen Bavarijos Tamsusis,Kalnapilis Brewery,Lager - Munich Dunkel,5% ABV,15 IBU,3
Gubernija Tamsusis Elis / Caramel Brown Ale,Gubernija Brewery,Dark Ale,5.9% ABV,N/A IBU,3.25
Elephant,Carlsberg Group,Lager - Strong,7.5% ABV,22 IBU,3.25
Honey Dew,Fuller's Griffin Brewery,Honey Beer,5% ABV,18 IBU,2.75
Atak Serca,Browar Służba Zdrowia,IPA - American,5.6% ABV,N/A IBU,3
Złoty Łan Pszeniczne,Jako,Wheat Beer - Hefeweizen,4.5% ABV,N/A IBU,3
Tumšais Speciālais,Bauskas Alus,Lager - Dark,5.5% ABV,15 IBU,3.17599
Köstritzer Schwarzbier,Köstritzer Schwarzbierbrauerei,Schwarzbier,4.8% ABV,22 IBU,4.5
Zirndorfer Landbier,Brauerei Zirndorf,Lager - Amber / Red,4.9% ABV,N/A IBU,3.5
Tuborg Black,Carlsberg Group,Lager - Dark,4.8% ABV,N/A IBU,3.75
Žatecký Světlý Ležák,Carlsberg Polska,Pilsner - Czech / Bohemian,5% ABV,19 IBU,3
Ciechan Porter,Browar Ciechan,Porter - Baltic,8.5% ABV,N/A IBU,3.75
Pszeniczne Ciemne,Browar Witnica,Wheat Beer - Dunkelweizen,5.2% ABV,N/A IBU,3.5
Raciborskie Ciemne,Browar Zamkowy Racibórz,Lager - Dark,6.3% ABV,N/A IBU,3.5
Bière des Ours,Brasserie La Binchoise,Honey Beer,8.5% ABV,N/A IBU,3.5
Leżajsk Chmielowe Pils,Browar Leżajsk,Pilsner - Other,5% ABV,N/A IBU,3
Leżajsk Pszeniczne Klarowne,Browar Leżajsk,Wheat Beer - Kristallweizen,5% ABV,N/A IBU,2.5
Czarny Kot,Browar Czarny Kot (Dionizos Radom),Lager - Dark,6% ABV,N/A IBU,3
Rudy Kot,Browar Czarny Kot (Dionizos Radom),Lager - Strong,7% ABV,N/A IBU,3
Lwówek Porter 18°,Browar Lwówek,Porter - Baltic,8.5% ABV,N/A IBU,3.5
Piwo na Miodzie Gryczanym,Browar Jabłonowo,Honey Beer,5.2% ABV,16 IBU,3.25
Менскае піва Цёмнае (Menskae Piva Temnae),BEAVER (Пивоваренная компания БИВЕР),Lager - Munich Dunkel,4.2% ABV,N/A IBU,3
Менскае піва Пшанічнае (Menskae Piva Pshanichnae),BEAVER (Пивоваренная компания БИВЕР),Wheat Beer - Kristallweizen,4.7% ABV,N/A IBU,3
БИВЕР бельгийский эль,BEAVER (Пивоваренная компания БИВЕР),Dark Ale,5.2% ABV,N/A IBU,3.5
Sombre Dark Lager,BEAVER (Пивоваренная компания БИВЕР),Lager - Dark,5.1% ABV,N/A IBU,3.25
Вечар у Менску (Vechar U Mensky),BEAVER (Пивоваренная компания БИВЕР),Fruit Beer,4.2% ABV,N/A IBU,2.75
Irlandzkie Zielone,Krajan Browary Kujawsko-Pomorskie,Lager - Pale,5.5% ABV,N/A IBU,2.5
Bojan Kokosowe,Browar Bojanowo,Fruit Beer,4.5% ABV,N/A IBU,2.70044
Celtyckie Dark Beer Honey / Ciemne Miodowe,Jako,Honey Beer,5.8% ABV,N/A IBU,3.5
Celtyckie Dark Beer / Ciemne,Jako,Lager - Dark,6% ABV,N/A IBU,3.5
Nałęczowskie Ciemne,Browar Jagiełło,Lager - Dark,6% ABV,N/A IBU,3
Komes Porter Bałtycki,Browar Fortuna,Porter - Baltic,9% ABV,N/A IBU,3.75
Miłosław Warzy Śmiało: Dymione Brown Ale,Browar Fortuna,Smoked Beer,5.6% ABV,20 IBU,3.5
Kormoran Jasny Bezglutenowy,Browar Kormoran,Gluten-Free,4.9% ABV,N/A IBU,3
Cherry,Bières Levrette,Fruit Beer,3.5% ABV,N/A IBU,3
Brimbel,Brasserie Bourganel,Fruit Beer,5% ABV,18 IBU,2.87354
Weissbier,Augustiner-Bräu München,Wheat Beer - Hefeweizen,5.4% ABV,14 IBU,4.25
Koźlak,Herrnbräu,Bock - Single / Traditional,7.8% ABV,N/A IBU,3.5
Grand Baltic Porter,Browar Amber,Porter - Baltic,8% ABV,N/A IBU,3.5
Black Boss Porter,Browar Witnica,Porter - Baltic,9.4% ABV,N/A IBU,3.5
Koźlak,Browar Amber,Bock - Single / Traditional,6.5% ABV,20 IBU,3.25
Banana Bread Beer,Eagle Brewery (formerly Charles Wells),Fruit Beer,5.2% ABV,18 IBU,3.5
Krombacher Brautradition: Naturtrübes Dunkel,Krombacher Gruppe,Lager - Munich Dunkel,5% ABV,11 IBU,3.22375
St. Thomas,Paulaner Brauerei,Bock - Single / Traditional,6.8% ABV,N/A IBU,3.5
Franziskaner Premium Weissbier Naturtrüb,Spaten-Franziskaner-Löwenbräu-Gruppe,Wheat Beer - Hefeweizen,5% ABV,12 IBU,3.75
Franziskaner Premium Weissbier Dunkel,Spaten-Franziskaner-Löwenbräu-Gruppe,Wheat Beer - Dunkelweizen,5% ABV,10 IBU,3.75
Erdinger Dunkel,Erdinger Weissbräu,Wheat Beer - Dunkelweizen,5.3% ABV,14 IBU,3.75
Dunkel,Potsdamer Klosterbier,Lager - Munich Dunkel,5.1% ABV,N/A IBU,4
Dunkle (Bio) Weisse,Neumarkter Lammsbräu,Wheat Beer - Dunkelweizen,5.1% ABV,N/A IBU,3.5
Kapuziner Hefe Dunkel Naturtrüb / Bavarian Schwarz-Weizen,Kulmbacher Brauerei,Wheat Beer - Dunkelweizen,5.4% ABV,N/A IBU,3.5
Dunkles Hefeweizen,Brauerei Gutmann,Wheat Beer - Dunkelweizen,5.2% ABV,N/A IBU,3.75
Straffe Hendrik Brugs Quadrupel Bier 11°,Brouwerij De Halve Maan,Belgian Quadrupel,11% ABV,35 IBU,5
Brugse Zot,Brouwerij De Halve Maan,Belgian Blonde,6% ABV,23 IBU,3.75
Ardenne Stout,Brasserie Minne,Stout - Belgian,8% ABV,60 IBU,4.75
Yardbird Pale Ale,Greene King,Pale Ale - American,4% ABV,10 IBU,3.75
Grimbergen Optimo Bruno (2017),Brouwerij Alken-Maes,Belgian Quadrupel,10% ABV,N/A IBU,3.75
Leffe Brune / Bruin,Abbaye de Leffe,Brown Ale - Belgian,6.5% ABV,20 IBU,3.75
Chimay Première (Red),Bières de Chimay,Belgian Dubbel,7% ABV,19 IBU,4
Chimay Grande Réserve (Blue),Bières de Chimay,Belgian Strong Dark Ale,9% ABV,35 IBU,4
Delirium Tremens,Delirium - Huyghe Brewery,Belgian Strong Golden Ale,8.5% ABV,24 IBU,3.75
Abt 12,Brouwerij St.Bernardus,Belgian Quadrupel,10% ABV,20 IBU,4
Westmalle Trappist Dubbel,Brouwerij der Trappisten van Westmalle,Belgian Dubbel,7% ABV,30 IBU,4
Viven Smoked Porter,Beerdevelopment Viven,Porter - Smoked,7% ABV,N/A IBU,3.75
Hercule Stout,Brasserie des Légendes,Stout - Belgian,9% ABV,44 IBU,3.75
Barbãr,Brasserie Lefebvre,Honey Beer,8% ABV,20 IBU,3.5
Paix Dieu,Brasserie Caulier,Belgian Tripel,10% ABV,24 IBU,3.75
Bourgogne des Flandres Brune / Bruin,Brewery John Martin & Brewery Timmermans,Sour - Flanders Red Ale,5% ABV,N/A IBU,4
Curtius Classic,Brasserie {C},Pale Ale - Belgian,7% ABV,16 IBU,3.49808
Bush Caractère,Brasserie Dubuisson,Belgian Strong Golden Ale,12% ABV,25 IBU,3.75
Waterloo Double Dark,Waterloo Brewery Mont-St-Jean,Belgian Strong Dark Ale,8% ABV,22 IBU,3.75
Książęce Złote Pszeniczne,Tyskie Browary Książęce,Wheat Beer - Other,4.9% ABV,10 IBU,3.5
Książęce Ciemne Łagodne,Tyskie Browary Książęce,Schwarzbier,4.1% ABV,20 IBU,3.75
Książęce Czerwony Lager,Tyskie Browary Książęce,Lager - Vienna,4.9% ABV,20 IBU,3.5
Немецкое Темное,Varnitsa (Варница),Lager - Munich Dunkel,4.7% ABV,N/A IBU,2.75
Varniukų Tamsus,Davra Alaus Darykla,Dark Ale,5.6% ABV,N/A IBU,3.5
Swartzbier,Leičių Bravoras,Schwarzbier,5.5% ABV,15 IBU,3.5
Stout,Leičių Bravoras,Stout - Milk / Sweet,5% ABV,30 IBU,3.5
Bistrampolio Dvaro Tamsusis / Bistrampolio Dvaro Dark,Aukštaitijos Bravorai,Lager - Dark,5.5% ABV,16 IBU,3.5
Kanapių Pusšviesis,Aukštaitijos Bravorai,Spiced / Herbed Beer,5% ABV,13 IBU,3.5
Kanapinis Tamsusis / Kanapinis Dark,Aukštaitijos Bravorai,Lager - Dark,5.3% ABV,15 IBU,3.75
Jubiliejinis 1784,Švyturys,Lager - Pale,5.4% ABV,N/A IBU,3
Baltijos,Švyturys,Märzen,5.8% ABV,17 IBU,3.5
Tamsusis 666,Klausučių Bravoras (UAB Armėniukas),Dark Ale,5.6% ABV,N/A IBU,3.75
Kauno Tamsusis,Kauno Alus,Lager - Munich Dunkel,5% ABV,N/A IBU,3.5
Burmistro Sodrusis Juodasis,Kauno Alus,Porter - Other,7% ABV,N/A IBU,3.5
Syrne,Širvėnos bravoras,Traditional Ale,6% ABV,N/A IBU,3.5
Publijus Palemonas,Širvėnos bravoras,Porter - Baltic,7.2% ABV,N/A IBU,3.5
Gutstoutas,Širvėnos bravoras,Stout - Oatmeal,5.2% ABV,21 IBU,3.75
Viržinis,Dundulis,Historical Beer - Gruit / Ancient Herbed Ale,5.6% ABV,25 IBU,4
Obolon Velvet (Оболонь Оксамитове),Obolon (Оболонь),Lager - Dark,5.3% ABV,N/A IBU,3
Lvivske 1715 (Львівське 1715),Carlsberg Ukraine,Lager - Pale,4.5% ABV,N/A IBU,3
Чорне (Chorne),Перша Приватна Броварня (Persha Pryvatna Brovarnya),Schwarzbier,7% ABV,14 IBU,2.75
Андріївський Ель (Andriivskiy Ale),Перша Приватна Броварня (Persha Pryvatna Brovarnya),Golden Ale - Ukrainian,5.5% ABV,24 IBU,3.75
Авторське (Avtorske),Перша Приватна Броварня (Persha Pryvatna Brovarnya),Lager - Amber / Red,7% ABV,14 IBU,3.25
Червоні Очі / Red Eyes,Pravda Brewery,Red Ale - American Amber / Red,5.8% ABV,35 IBU,3.75
Putin Huylo,Pravda Brewery,Belgian Strong Golden Ale,8% ABV,27 IBU,3.75
Obama Hope,Pravda Brewery,Stout - American,6.2% ABV,35 IBU,3.75
Pravda Syla / Правда Сила,Pravda Brewery,Belgian Strong Golden Ale,8% ABV,27 IBU,3.5
Saku Originaal,Saku Õlletehas,Lager - Pale,4.7% ABV,15 IBU,2.75
Maccabee (מכבי),Tempo Beer Industries Ltd (טמפו),Lager - Pale,5% ABV,N/A IBU,2.75
Ur-Krostitzer Feinherbes Pilsner,Krostitzer Brauerei,Pilsner - German,4.9% ABV,N/A IBU,3.5
Grafenwalder Pils 4.5%,Frankfurter Brauhaus,Pilsner - Other,4.5% ABV,N/A IBU,2.35463
Zähringer German Premium Schwarzbier,Frankenthaler Brauhaus,Schwarzbier,4.9% ABV,N/A IBU,3
Żywiec,Grupa Żywiec,Lager - Pale,5.5% ABV,24 IBU,3.5
Black Baron,Karlsberg Brauerei,Schwarzbier,4.9% ABV,N/A IBU,2.75
Hansa Pilsner,Hansa Borg Bryggerier,Pilsner - Other,4.7% ABV,22 IBU,3
Newcastle Brown Ale,John Smith's,Brown Ale - English,4.7% ABV,18 IBU,3.5
Lidski Gingerbread kvass (Квас Лидский Пряничный (медово-имбирный)),Lidskae Piva (Лідскае Піва),Kvass,1.2% ABV,N/A IBU,3.20357
Lidski Kvass Spicy Orange (Квас Лидский Пряный Апельсин),Lidskae Piva (Лідскае Піва),Kvass,1.2% ABV,N/A IBU,3.14479
Cider Fizz Аpple,Cēsu Alus,Cider - Sweet,4.5% ABV,N/A IBU,3.20274
MENSKAE 1918 (МЕНСКАЕ 1918),Lidskae Piva (Лідскае Піва),Lager - Pale,4.7% ABV,12 IBU,3
MENSKAE 1499 (МЕНСКАЕ 1499),Lidskae Piva (Лідскае Піва),Lager - Pale,4.2% ABV,N/A IBU,3
LIDSKAE Zimovae (ЛІДСКАЕ Зімовае) (2017),Lidskae Piva (Лідскае Піва),Lager - Winter,5% ABV,N/A IBU,3.25
LIDSKAE Wheat Dark Beer (ЛІДСКАЕ Пшанічнае Цёмнае),Lidskae Piva (Лідскае Піва),Wheat Beer - Dunkelweizen,5.1% ABV,14 IBU,3.25
Zhigulevskoe special (Жигулевское Специальное),Lidskae Piva (Лідскае Піва),Lager - Pale,5.2% ABV,16 IBU,2
Калекцыя Майстра Jim Beer,Lidskae Piva (Лідскае Піва),Smoked Beer,5.1% ABV,N/A IBU,2.5
MENSKAE 1067 (МЕНСКАЕ 1067),Lidskae Piva (Лідскае Піва),Lager - Pale,4.5% ABV,12 IBU,2.75
Lidski bread kvass (Квас Лидский Хлебный),Lidskae Piva (Лідскае Піва),Kvass,1.2% ABV,N/A IBU,3.25
Kriek,Lidskae Piva (Лідскае Піва),Fruit Beer,4.6% ABV,N/A IBU,2.72248
Калекцыя Майстра Imperial Porter,Lidskae Piva (Лідскае Піва),Porter - Imperial / Double,8.5% ABV,N/A IBU,3.75
Koronet Red Ale,Lidskae Piva (Лідскае Піва),Red Ale - Other,4% ABV,14 IBU,2.75
Калекцыя Майстра Ginger Beer (2016),Lidskae Piva (Лідскае Піва),Hard Ginger Beer,4.2% ABV,15 IBU,2.92124
Lidski Dark kvass (Квас Лидский Темный),Lidskae Piva (Лідскае Піва),Kvass,0.5% ABV,N/A IBU,3.5
Калекцыя Майстра American Black Ale (ABA),Lidskae Piva (Лідскае Піва),IPA - Black / Cascadian Dark Ale,5.5% ABV,50 IBU,3.5
Koronet Lager,Lidskae Piva (Лідскае Піва),Lager - Pale,4.6% ABV,19 IBU,3
Koronet Stout,Lidskae Piva (Лідскае Піва),Stout - Other,4.2% ABV,20 IBU,2.25
LIDSKAE Porter (ЛІДСКАЕ Портар),Lidskae Piva (Лідскае Піва),Porter - English,6.6% ABV,18 IBU,3
Калекцыя Майстра India Pale Ale (IPA),Lidskae Piva (Лідскае Піва),IPA - Other,5.2% ABV,40 IBU,3.5
LIDSKAE Pilsner (ЛІДСКАЕ Pilsner),Lidskae Piva (Лідскае Піва),Pilsner - Other,4.2% ABV,15 IBU,2.5
Калекцыя Майстра  Brugge Evening (Калекцыя Майстра Вечер в Брюгге),Lidskae Piva (Лідскае Піва),Fruit Beer,4.4% ABV,N/A IBU,3.5
LIDSKAE Aksamitnae (ЛІДСКАЕ Аксамітнае),Lidskae Piva (Лідскае Піва),Lager - Munich Dunkel,4.8% ABV,15 IBU,3.25
Molodechnenskoe (Молодеченское),Molodechnopivo (Молодечнопиво),Lager - Pale,3.7% ABV,N/A IBU,3
Zhigulevskoe (Жигулевское),Molodechnopivo (Молодечнопиво),Lager - Pale,3.7% ABV,N/A IBU,3
Zhyva (Жыва),Molodechnopivo (Молодечнопиво),Lager - Pale,3.7% ABV,N/A IBU,5
Staravilenskoe (Старавиленское),Rakovsky Brovar (Раковский Бровар),Lager - Dark,4.2% ABV,N/A IBU,4.5
Temnoe (Темное) (-2018),Staromestny Pivovar (Староместный Пивовар),Schwarzbier,5% ABV,10 IBU,3.57536
English Brown LAGER (Рубиновое),BIERBANK,Lager - Amber / Red,4.8% ABV,18 IBU,4
Munich Dunkel LAGER (Рублевое),BIERBANK,Schwarzbier,5% ABV,18 IBU,3.5
Protsentnoe (Процентное),BIERBANK,Lager - Helles,4.6% ABV,20 IBU,3.5
Дудар / Dudar,TRYE Beer,Scottish Export Ale,5% ABV,14 IBU,3.29749
Чорная Панна / Chornaja Panna,TRYE Beer,Porter - Other,5.5% ABV,16 IBU,3.11163
Крумкач / Krumkač,TRYE Beer,Stout - Other,5.3% ABV,37 IBU,3.75
Диканські Вечори,Полтавпиво (Poltavpyvo),Lager - Dark,5.5% ABV,N/A IBU,3.5
Запорізька ніч,ВІСТ,Lager - Amber / Red,4.1% ABV,N/A IBU,3.25
Chernihivske Bila Nich (Чернігівське Біла Ніч),AB InBev Efes Ukraine,Wheat Beer - Dunkelweizen,4.8% ABV,N/A IBU,4.75
Lava Smoked Imperial Stout,Ölvisholt Brewery,Stout - Russian Imperial,9.4% ABV,N/A IBU,3.75
Kaldi Dark,Bruggsmiðjan (Kaldi),Dark Ale,5% ABV,N/A IBU,3.51475
Icelandic Toasted Porter,Einstök Ölgerð,Porter - Baltic,6% ABV,N/A IBU,3.5
Icelandic Arctic Pale Ale,Einstök Ölgerð,Pale Ale - English,5.6% ABV,N/A IBU,3.5
Thule,Viking Brewery,Pilsner - Other,5% ABV,N/A IBU,2.88439
Viking Classic,Viking Brewery,Lager - Vienna,4.6% ABV,N/A IBU,3.20398
Premium Pilsener / German Pilsener,Warsteiner,Pilsner - German,4.8% ABV,28 IBU,3.25
Žatecký Gus Světlý,Baltika Breweries (Балтика),Lager - Světlé (Czech Pale),4.6% ABV,15 IBU,2.75
Žatecký Gus Černý,Baltika Breweries (Балтика),Lager - Tmavé (Czech Dark),3.5% ABV,14 IBU,3
Zlatý Bažant 10%,Heineken Slovensko,Lager - Světlé (Czech Pale),3.9% ABV,20 IBU,3
Zlatý Bažant Tmavé 10%,Heineken Slovensko,Lager - Tmavé (Czech Dark),3.8% ABV,N/A IBU,3.25
Zlatý Bažant 12%,Heineken Slovensko,Pilsner - Czech / Bohemian,5% ABV,24 IBU,3
Bobrov Svezhy Lime (Бобров Свежий Лайм),Бобруйский бровар,Shandy / Radler,4.5% ABV,N/A IBU,1.5
Zlaty Bazant Radler Cherry,Бобруйский бровар,Shandy / Radler,2% ABV,N/A IBU,2.94632
Doctor Diesel (Доктор Дизель),Бобруйский бровар,Lager - Strong,6.9% ABV,N/A IBU,1.75
Kvas Hatni Sprauny (Квас Хатнi Спрауны),Бобруйский бровар,Kvass,1.2% ABV,N/A IBU,3
Rechitskoe Rzhanoe (Речицкое Ржаное),Бобруйский бровар,Rye Beer,5.2% ABV,N/A IBU,1.5
Bobrov Svetloe (Бобров Светлое),Бобруйский бровар,Lager - Pale,4.3% ABV,N/A IBU,2.5
Темное,Нагорный Посад,Lager - Munich Dunkel,4.2% ABV,N/A IBU,3
Lyamus Temnoe (Лямус Темное),Lyamus (Лямус),Stout - Foreign / Export,6% ABV,45 IBU,4
Slavyanskoe Temnoe (Славянское Темное),Polotskoe Pivo (Полоцкое Пиво),Lager - Munich Dunkel,4.3% ABV,N/A IBU,3
Yachmennoe (Ячменное),Polotskoe Pivo (Полоцкое Пиво),Lager - Pale,3.8% ABV,N/A IBU,2.5
Zalaty Taler,Polotskoe Pivo (Полоцкое Пиво),Lager - Pale,3.7% ABV,N/A IBU,2.25
Gubernskoe (Губернское),Dvinsky Brovar (Двинский Бровар),Lager - Pale,4.2% ABV,N/A IBU,2.5
Urstein Dunkles Bier,Dvinsky Brovar (Двинский Бровар),Lager - Dark,4.1% ABV,N/A IBU,3.25
Temnoe Zoloto (Темное Золото),Dvinsky Brovar (Двинский Бровар),Lager - Dark,4.6% ABV,N/A IBU,3
Nikolaevskoe (Николаевское),Dvinsky Brovar (Двинский Бровар),Lager - Helles,4.5% ABV,N/A IBU,3.5
Urstein Premium,Dvinsky Brovar (Двинский Бровар),Lager - Pale,4.6% ABV,N/A IBU,3
Zbiten Baykalsky (Збитень Байкальский),Dvinsky Brovar (Двинский Бровар),Mead - Other,4.5% ABV,N/A IBU,3
Zbiten s Chernoslivom (Збитень с Черносливом),Dvinsky Brovar (Двинский Бровар),Mead - Other,4.5% ABV,N/A IBU,3
Zbiten Pryanishny (Збитень Прянишный),Dvinsky Brovar (Двинский Бровар),Mead - Session / Short,4.5% ABV,N/A IBU,3
Zbiten s Klukvoy (Збитень с Клюквой),Dvinsky Brovar (Двинский Бровар),Mead - Other,4.5% ABV,N/A IBU,3
Zbiten Kovrizhny (Збитень Коврижный),Dvinsky Brovar (Двинский Бровар),Mead - Other,4.5% ABV,N/A IBU,3
Belovezhskoe Osoboe (Беловежское Особое),Brestskoe Pivo (Брестское Пиво),Lager - Pale,5.2% ABV,N/A IBU,2.25
Belovezhskoe (Беловежское),Brestskoe Pivo (Брестское Пиво),Lager - Pale,4.5% ABV,N/A IBU,3
Brestskoe Temnoe (Брестское Темное),Brestskoe Pivo (Брестское Пиво),Lager - Munich Dunkel,4.2% ABV,N/A IBU,3
Dark Gold,Brestskoe Pivo (Брестское Пиво),Lager - Dark,4.2% ABV,N/A IBU,3
Porter,Brestskoe Pivo (Брестское Пиво),Porter - Other,6.5% ABV,N/A IBU,3.5
Стары бровар,Brestskoe Pivo (Брестское Пиво),Lager - Pale,4.5% ABV,N/A IBU,2.25
Legend Beer (Пиво Легенда),Brestskoe Pivo (Брестское Пиво),Lager - Pale,5% ABV,N/A IBU,2
Дуплет Крепкое,Brestskoe Pivo (Брестское Пиво),Bock - Single / Traditional,6.5% ABV,14 IBU,2.25
Pêche / Pêcheresse,Brouwerij Lindemans,Lambic - Fruit,2.5% ABV,10 IBU,3.75
Cuvée des Trolls,Brasserie Dubuisson,Belgian Blonde,7% ABV,19 IBU,3.4715
Witte Lambic,Brouwerij Mort Subite,Lambic - Other,5.5% ABV,N/A IBU,3.44315
La Trappe Quadrupel,Bierbrouwerij De Koningshoeven,Belgian Quadrupel,10% ABV,22 IBU,4
Kasteel Donker,Kasteel Brouwerij Vanhonsebrouck,Belgian Quadrupel,11% ABV,N/A IBU,3.63795
La Divine,Brasserie Goudale - Les Brasseurs de Gayant,Farmhouse Ale - Bière de Garde,8.5% ABV,28 IBU,3.5
Vézelay Ambrée Bio,Brasserie de Vezelay,Red Ale - Other,5.6% ABV,17 IBU,3.5
Budweiser Budvar B:DARK / Czechvar B:DARK,Budějovický Budvar,Lager - Tmavé (Czech Dark),4.7% ABV,24 IBU,3.25
Krušovice Černé,Heineken Česká Republika,Lager - Tmavé (Czech Dark),3.8% ABV,19 IBU,3.5
Staropramen Dark / Černý ležák,Pivovary Staropramen,Lager - Tmavé (Czech Dark),4.4% ABV,20 IBU,3
Dark Lager (Černý ležák),Bernard Family Brewery,Lager - Tmavé (Czech Dark),5% ABV,24 IBU,3.25
Kozel Černý / Dark,Pivovar Velké Popovice,Lager - Tmavé (Czech Dark),3.8% ABV,14 IBU,3.75
Pietra,Brasserie Pietra,Lager - Amber / Red,6% ABV,26 IBU,3.5
Murphy's Irish Stout,Heineken Ireland,Stout - Irish Dry,4% ABV,34 IBU,4.75
Guinness Draught,Guinness,Stout - Irish Dry,4.2% ABV,45 IBU,4.25
Černovar Černý,Tradiční pivovar v Rakovníku,Lager - Tmavé (Czech Dark),4.5% ABV,25 IBU,4.75
La Goudale - Blonde à l'Ancienne,Brasserie Goudale - Les Brasseurs de Gayant,Farmhouse Ale - Bière de Garde,7.2% ABV,28 IBU,4
Rince Cochon,Brouwerij Haacht Brasserie,Belgian Strong Golden Ale,8.5% ABV,35 IBU,3.75
Rince Cochon Whisky,Brouwerij Haacht Brasserie,Belgian Tripel,8.5% ABV,N/A IBU,3.5
Pelforth Brune,Heineken France,Brown Ale - Belgian,6.5% ABV,N/A IBU,3
La Fessée Triple,Brasserie Goudale - Les Brasseurs de Gayant,Belgian Tripel,8% ABV,N/A IBU,3.5
Алiварыя Калядны Цуд (Alivaria Kaliadny Cud),Пивоваренная компания «Аливария» (Alivaria Brewery),Lager - Winter,5.1% ABV,14 IBU,3
Alivaria Beloe Zoloto Rose (Аливария Белое Золото Розе),Пивоваренная компания «Аливария» (Alivaria Brewery),Fruit Beer,5% ABV,N/A IBU,1.75
Praha Pilsner,Пивоваренная компания «Аливария» (Alivaria Brewery),Pilsner - Czech / Bohemian,4.6% ABV,N/A IBU,3
Karol Jan Dunkel,Пивоваренная компания «Аливария» (Alivaria Brewery),Lager - Dark,4.5% ABV,11 IBU,3.5
Karol Jan Blonde,Пивоваренная компания «Аливария» (Alivaria Brewery),Lager - Pale,5.9% ABV,16 IBU,3
Alivaria Desiatka (Аливария Десятка),Пивоваренная компания «Аливария» (Alivaria Brewery),Pilsner - Other,4.2% ABV,N/A IBU,2.75
The Taste of Manchester,Пивоваренная компания «Аливария» (Alivaria Brewery),Red Ale - Other,4.4% ABV,N/A IBU,3.5
Alivaria Zolotoe (Аливария Золотое),Пивоваренная компания «Аливария» (Alivaria Brewery),Lager - Pale,4.8% ABV,N/A IBU,3.25
Alivaria Porter (Аливария Портер),Пивоваренная компания «Аливария» (Alivaria Brewery),Porter - Other,6.5% ABV,N/A IBU,3.5
Alivaria Beloe Zoloto (Аливария Белое Золото),Пивоваренная компания «Аливария» (Alivaria Brewery),Wheat Beer - Witbier / Blanche,5% ABV,N/A IBU,3.5
Krinitsa Starazhytnae (Крыніца Старажытнае),Krinitsa (Криница),Lager - Dark,4.5% ABV,N/A IBU,3
Hmel'nov Dark (Хмельнов Темное),Krinitsa (Криница),Lager - Dark,4.5% ABV,N/A IBU,0.5
Хмельнов Белое,Krinitsa (Криница),Wheat Beer - Witbier / Blanche,4.6% ABV,N/A IBU,0.25
Authentic Pub Mexican,Krinitsa (Криница),Fruit Beer,4.4% ABV,N/A IBU,2.25191
Authentic Pub Japanese,Krinitsa (Криница),Hard Ginger Beer,4.4% ABV,N/A IBU,2.5696
Authentic Pub Belgium,Krinitsa (Криница),Fruit Beer,4.4% ABV,N/A IBU,2.60345
Пивная карта. Carte Blanche,Krinitsa (Криница),Wheat Beer - Hopfenweisse,4.7% ABV,N/A IBU,3.5
Zhigulyovskoye Osoboe (Жигулёвское Особое),Krinitsa (Криница),Lager - Pale,5.2% ABV,N/A IBU,2.5
Krinitsa Motsnae (Крыніца Моцнае),Krinitsa (Криница),Lager - Strong,6.5% ABV,N/A IBU,2.67511
Kult Lager (Культ Лагер),Krinitsa (Криница),Lager - Pale,4.7% ABV,N/A IBU,3.04542
Stará Pivnice Cerne,Krinitsa (Криница),Lager - Tmavé (Czech Dark),4% ABV,N/A IBU,2
Пивная карта. Stout,Krinitsa (Криница),Stout - Milk / Sweet,5.5% ABV,N/A IBU,3.06667
Aleksandrya (Александрыя),Krinitsa (Криница),Lager - Pale,5.5% ABV,N/A IBU,2.61809
Пивная карта Dubbel,Krinitsa (Криница),Belgian Dubbel,6.4% ABV,N/A IBU,3.5
Krynitsa Porter (Крыніца Porter),Krinitsa (Криница),Porter - Baltic,8% ABV,N/A IBU,2.75
Пивная карта Mosaic IPA,Krinitsa (Криница),IPA - Session,4.5% ABV,35 IBU,3.5
Kult Weissbier Dunkel,Krinitsa (Криница),Wheat Beer - Dunkelweizen,5% ABV,N/A IBU,3.75
Пивная Карта. Porter 8/20,Krinitsa (Криница),Porter - Imperial / Double Baltic,8.5% ABV,20 IBU,3.25
Пивная карта. APA,Krinitsa (Криница),Pale Ale - American,5.3% ABV,46 IBU,3.5
Kult Weissbier,Krinitsa (Криница),Wheat Beer - Hefeweizen,5% ABV,N/A IBU,3.5
Marochnoe Temnoe | Марочное Темное,Afanasy | Афанасий,Lager - Munich Dunkel,4.5% ABV,N/A IBU,3
Eksperimentalnoe Temnoe Legkoe | Экспериментальное Темное Легкое,Afanasy | Афанасий,Lager - Dark,4.5% ABV,N/A IBU,4.25
Tiger,Heineken Asia Pacific,Lager - Pale,5% ABV,18 IBU,3
